trade_date,headwind_score_raw,growth_lead_r20,growth_strength_gap,growth_breadth_gap,siphon_headwind,rotation_stress,state,state_name,prob_0,prob_1,prob_2,ret,ret_label,has_label,is_after_train_end,is_after_last_label_date,sample_split
20200206,0.05187816173110968,0.11345854141681888,0.09828577588080394,0.14166666666666639,0.05011085579242833,0.0006443087751076418,2.0,good,0.14949376695550948,0.22338749185011925,0.6271187411943714,0.0177603581841752,2,True,False,False,train_warmup_fit
20200207,0.07550205482120452,0.16651122709729504,0.10057130979249843,0.15833333333333321,0.07354245863463862,0.0003911450603298044,2.0,good,0.15053308341003518,0.2652691810316461,0.5841977355583187,0.008248767304778,1,True,False,False,train_warmup_fit
20200210,0.08416207137487967,0.17986060151505226,0.10514374099647811,0.1499999999999999,0.08093727068177349,0.001426652611931576,2.0,good,0.14164992972929913,0.34670292497217264,0.5116471452985283,-0.0047565357167229,1,True,False,False,train_warmup_fit
20200211,0.0838691257659037,0.1849706870590928,0.10021084265481348,0.1416666666666666,0.08169538678443264,0.00034067918990171857,1.0,neutral,0.225522926280674,0.3901668500810107,0.3843102236383154,0.0023982929128803,1,True,False,False,train_warmup_fit
20200212,0.07700232388695606,0.16378764121625872,0.07587898472802129,0.10833333333333339,0.07506933555745192,0.00024295432605853364,2.0,good,0.16800648787257827,0.2719294562100607,0.5600640559173611,0.0071219768091017,1,True,False,False,train_warmup_fit
20200213,0.0870181028478064,0.18472435569898235,0.0897602959167375,0.10833333333333339,0.08466532969536691,0.00037233650820443266,2.0,good,0.2962577900870478,0.29186675098698706,0.41187545892596505,-0.0053889137643352,0,True,False,False,train_warmup_fit
20200214,0.08641336956622503,0.18393103320016874,0.08433586233221946,0.10833333333333339,0.08430172355007734,0.00014374767992189044,2.0,good,0.2884856426404471,0.22949644863272617,0.48201790872682676,0.0120899917368074,2,True,False,False,train_warmup_fit
20200217,0.07232669316440427,0.15414424957988795,0.06458219413097266,0.09166666666666667,0.07064944772411531,1.247829635415052e-05,2.0,good,0.07296406181473253,0.14598846342159097,0.7810474747636766,0.0309264556129594,2,True,False,False,train_warmup_fit
20200218,0.07114001028015288,0.16977393122315151,0.06625600958054165,0.09166666666666656,0.06932435524945353,3.192936973568672e-05,2.0,good,0.11838683599252531,0.3118185003337143,0.5697946636737604,0.0046785152666028,1,True,False,False,train_warmup_fit
20200219,0.06882412283236919,0.1639502917822435,0.060600803510287175,0.09166666666666656,0.0669463691444161,0.00016290525791413826,1.0,neutral,0.2045727804657952,0.4006821588605081,0.39474506067369663,0.0193234928172672,2,True,False,False,train_warmup_fit
20200220,0.06117392980970331,0.14592659911369635,0.03971370518128344,0.07499999999999996,0.05958669463809267,0.0,2.0,good,0.06728990252803821,0.2109492484810746,0.7217608489908873,0.0160685262137691,2,True,False,False,train_warmup_fit
20200221,0.0504910868155369,0.1337877884031492,0.021077355976303593,0.033333333333333215,0.04905552241448803,0.0,2.0,good,0.12529952245779155,0.23698059513918268,0.6377198824030258,0.022322064613397,2,True,False,False,train_warmup_fit
20200224,0.03999650250563547,0.1191589135673835,0.017250453275769836,-0.025000000000000022,0.03872664690939965,0.0,2.0,good,0.14819198248557974,0.31192607716460635,0.5398819403498138,0.0196977499100584,2,True,False,False,train_warmup_fit
20200225,0.027759728751772957,0.09205843384771462,0.013999341675046642,-0.05833333333333346,0.02685037653891676,0.0,2.0,good,0.20420452989748614,0.3437400428560248,0.452055427246489,0.0048948203911801,1,True,False,False,train_warmup_fit
20200226,0.02932098390764892,0.09465691099177687,0.018831662192225873,-0.050000000000000155,0.028397073297533052,0.0,1.0,neutral,0.2777850056370512,0.3635085792634,0.35870641509954887,0.0007989158793901,1,True,False,False,train_warmup_fit
20200227,0.021640539580360864,0.0695207809291211,-0.013717126854830876,-0.050000000000000155,0.020856234278736327,0.0,2.0,good,0.29445453612333694,0.21749519334926215,0.4880502705274009,-0.0162051089062814,0,True,False,False,train_warmup_fit
20200228,0.014628408752737545,0.047024022969404264,-0.0191732093903196,-0.06666666666666676,0.014107206890821277,0.0,0.0,bad,0.3778253775453486,0.28110755718151437,0.34106706527313696,0.0306034982849337,2,True,False,False,train_warmup_fit
20200302,0.010872895941285621,0.034883469887627624,-0.030257537628417246,-0.06666666666666676,0.010465040966288286,0.0,2.0,good,0.09006529441703458,0.16083512174084388,0.7490995838421216,0.0197009934341143,2,True,False,False,train_warmup_fit
20200303,0.013522570928694494,0.05142331112802481,-0.03073747236598486,-0.06666666666666676,0.012855827782006203,0.0,2.0,good,0.1177230487357028,0.339899893820246,0.5423770574440512,0.0019189619644594,1,True,False,False,train_warmup_fit
20200304,0.0008374320061376153,0.0032269839726029315,-0.019379846465736837,-0.06666666666666676,0.0008067459931507329,0.0,2.0,good,0.21379523867229175,0.27710064523076344,0.5091041160969448,0.0183474364644795,2,True,False,False,train_warmup_fit
20200305,0.0,-0.024971689090244026,-0.02995891218264553,-0.10833333333333339,0.0,0.0,2.0,good,0.09462705276278481,0.36536613488627945,0.5400068123509357,0.0032734373766322,1,True,False,False,train_warmup_fit
20200306,0.0,-0.03695890209102701,-0.03258125183678946,-0.10833333333333339,0.0,0.0,2.0,good,0.258230790772551,0.36727495552730693,0.37449425370014205,0.005228096447684,1,True,False,False,train_warmup_fit
20200309,0.0,-0.05031493478963977,-0.03307183659703524,-0.10000000000000009,0.0,0.0,1.0,neutral,0.2577170057567096,0.46292211419924784,0.2793608800440426,-0.0029127599529813,1,True,False,False,train_warmup_fit
20200310,0.0,-0.06365120301798133,-0.041201532814015875,-0.09999999999999998,0.0,0.0,2.0,good,0.33262203841761545,0.22312114702245792,0.44425681455992655,0.0234802407100644,2,True,False,False,train_warmup_fit
20200311,0.0,-0.0434433058931889,-0.032639316473116395,-0.07499999999999996,0.0,0.0,2.0,good,0.2712513786134339,0.23519870937670742,0.49354991200985876,-0.0054741336016277,0,True,False,False,train_warmup_fit
20200312,0.0,-0.06991953361421806,-0.03752021035845998,-0.07500000000000007,0.0,0.0,0.0,bad,0.5010807629824992,0.25909242710745056,0.23982680991005034,-0.0033635577951774,1,True,False,False,train_warmup_fit
20200313,0.0,-0.07510141294747397,-0.035964056094983696,-0.09166666666666667,0.0,0.0,0.0,bad,0.4577560210654633,0.2393275460357232,0.30291643289881354,0.0050480718634915,1,True,False,False,train_warmup_fit
20200316,0.0,-0.05692224204198052,-0.025362114489437683,-0.05833333333333335,0.0,0.0,0.0,bad,0.4708734237287199,0.2232956120199449,0.30583096425133516,-0.0118776560978678,0,True,False,False,train_warmup_fit
20200317,0.0,-0.06869951951366575,-0.0306111193616197,-0.058333333333333404,0.0,0.0,0.0,bad,0.49967483372720856,0.1428455609605658,0.3574796053122257,-0.0109437525017017,0,True,False,False,train_warmup_fit
20200318,0.0,-0.06009199911078639,-0.017641644117756122,-0.01666666666666672,0.0,0.0,0.0,bad,0.4639389240604837,0.12117664016056144,0.4148844357789549,-0.0028886991366501,1,True,False,False,train_warmup_fit
20200319,1.2559604800798345e-05,-0.05030081331242381,-0.015987776638355974,-0.01666666666666672,0.0,1.2559604800798345e-05,2.0,good,0.37127501986480155,0.15664508395859503,0.47207989617660345,0.0230644314082853,2,True,False,False,train_warmup_fit
20200320,6.679793083783557e-05,-0.03729575270398626,-0.01128879930835415,0.016666666666666607,0.0,6.679793083783557e-05,0.0,bad,0.4279096071719544,0.19082740460538636,0.38126298822265925,-0.0152291551146359,0,True,False,False,train_warmup_fit
20200323,0.0,-0.04282595970014473,-0.013725852258880622,0.016666666666666607,0.0,0.0,0.0,bad,0.5784673357035233,0.14370087180709543,0.2778317924893813,-0.0090459236040847,0,True,False,False,train_warmup_fit
20200324,0.0,-0.05355939718578939,-0.02385847705653664,0.008333333333333304,0.0,0.0,2.0,good,0.27171478429100737,0.12445786470258516,0.6038273510064074,0.0162686922499338,2,True,False,False,train_warmup_fit
20200325,0.0,-0.05881226167016859,-0.01795224394366575,0.0,0.0,0.0,2.0,good,0.16151976075333974,0.21770300320738542,0.6207772360392749,0.0001126823886221,1,True,False,False,train_warmup_fit
20200326,0.0,-0.03029027535415589,-0.008338126547971711,0.0,0.0,0.0,2.0,good,0.36274728189301964,0.2008367643049028,0.4364159538020775,0.0035571765035206,1,True,False,False,train_warmup_fit
20200327,0.0,-0.023934823240123262,-0.00348606484871522,0.016666666666666663,0.0,0.0,2.0,good,0.36695387987287825,0.21959236624633377,0.41345375388078803,-0.0225145822808591,0,True,False,False,train_warmup_fit
20200330,0.0,-0.021870227294697862,-0.009333105119769314,0.008333333333333304,0.0,0.0,2.0,good,0.36721232102506407,0.14537777402926952,0.4874099049456664,0.0093051419390154,2,True,False,False,train_warmup_fit
20200331,0.0,-0.03332846272637978,-0.018929256921454897,0.00833333333333347,0.0,0.0,2.0,good,0.21938051589729002,0.3076891344535524,0.4729303496491576,0.000304179346147,1,True,False,False,train_warmup_fit
20200401,0.0,-0.04660011285270625,-0.020788225057943054,-0.008333333333333304,0.0,0.0,2.0,good,0.354235553442084,0.17592038245968938,0.4698440640982267,0.0154589519165366,2,True,False,False,train_warmup_fit
20200402,0.0,-0.03282136639052165,-0.01507456541328902,0.050000000000000044,0.0,0.0,2.0,good,0.15519743584472842,0.26886935602685974,0.5759332081284118,0.0035534202250552,1,True,False,False,train_warmup_fit
20200403,0.0,-0.01805895631784299,-0.0014226816921195998,0.050000000000000044,0.0,0.0,2.0,good,0.18654012583182256,0.16751980584408133,0.6459400683240961,0.0292039721246945,2,True,False,False,train_warmup_fit
20200407,0.0,-0.017432328051060694,-0.002877942093981938,0.050000000000000044,0.0,0.0,2.0,good,0.10014595326514933,0.23627706168248805,0.6635769850523626,0.0156112059940928,2,True,False,False,train_warmup_fit
20200408,5.516776612855728e-05,-0.004698870820670144,-0.001000557112841121,0.050000000000000044,0.0,5.516776612855728e-05,1.0,neutral,0.2224853443212538,0.4358733375730842,0.34164131810566206,0.0034360513556928,1,True,False,False,train_warmup_fit
20200409,5.522344634264802e-05,-0.014612108158327392,-0.0032482854069364464,0.025000000000000133,0.0,5.522344634264802e-05,1.0,neutral,0.24580206950722058,0.5140626769614106,0.24013525353136878,0.0003699324481822,1,True,False,False,train_warmup_fit
20200410,8.222757554548384e-05,-0.003746070514260881,-0.00014690413533180458,0.008333333333333304,0.0,8.222757554548384e-05,1.0,neutral,0.3487610254271042,0.41519580919352084,0.23604316537937492,0.0010782732076088,1,True,False,False,train_warmup_fit
20200413,0.0,-0.010546983843378474,-0.009717782123806955,0.008333333333333304,0.0,0.0,0.0,bad,0.34273588437584,0.3420780724592279,0.3151860431649322,0.0092656156426221,2,True,False,False,train_warmup_fit
20200414,0.0,-0.022301431662898073,-0.012930421698014505,-0.00833333333333336,0.0,0.0,1.0,neutral,0.25025381450886797,0.4476848554005892,0.30206133009054287,0.0006863683374637,1,True,False,False,train_warmup_fit
20200415,0.0,-0.0026297070188336918,-0.0026776738385689836,-0.008333333333333415,0.0,0.0,0.0,bad,0.5026404177998324,0.23136814464934558,0.26599143755082205,-0.0058371449443378,0,True,False,False,train_warmup_fit
20200416,2.9551382490777084e-05,-0.007399265621906589,0.004219495416749746,-0.03333333333333338,0.0,2.9551382490777084e-05,0.0,bad,0.5575424651669418,0.2544772284165166,0.18798030641654154,0.003231480874393,1,True,False,False,train_warmup_fit
20200417,0.0001435832385414711,0.00021302693356188562,0.010398854177556299,-0.03333333333333327,0.00010296301788824473,3.9221208461021905e-05,0.0,bad,0.4523697930712977,0.2939133109498693,0.25371689597883285,0.000783051258494,1,True,False,False,train_warmup_fit
20200420,0.0026886425055578163,0.005298459398821086,0.018619275590709822,-0.04999999999999999,0.0024726143861165065,0.00018021528452292476,2.0,good,0.23039508604481604,0.28499600697132016,0.4846089069838638,0.0141379085104908,2,True,False,False,train_warmup_fit
20200421,0.005625571444252965,0.011618557411766317,0.019626803443578852,-0.033333333333333326,0.0054219934588242815,0.00012409651011817494,2.0,good,0.2016480553106095,0.32290004186635074,0.47545190282303984,0.0093662531064338,2,True,False,False,train_warmup_fit
20200422,0.012086241315478906,0.025477324473689625,0.015454246402940464,-0.033333333333333326,0.011889418087721825,4.6539593714426793e-05,1.0,neutral,0.2949431146930106,0.43215330950833947,0.27290357579864993,-0.0013334484477881,1,True,False,False,train_warmup_fit
20200423,0.01119647195378574,0.023605745044824045,0.016668626036942448,-0.033333333333333326,0.011016014354251221,3.984794784363909e-05,0.0,bad,0.5019559586729887,0.3171353373347938,0.1809087039922175,-0.0121841300793732,0,True,False,False,train_warmup_fit
20200424,0.009730195929862458,0.018453072761261142,0.020686823143661253,-0.01666666666666672,0.009534087593318256,9.088670121809975e-05,0.0,bad,0.6449628573014977,0.23170518760929745,0.12333195508920478,-0.0152225144084525,0,True,False,False,train_warmup_fit
20200427,0.01014899803162436,0.019343006358349065,0.024211621448515852,-0.01666666666666672,0.009993886618480349,4.797376689357648e-05,0.0,bad,0.6231631207146806,0.2421086489828744,0.1347282303024449,-0.0090761533489529,0,True,False,False,train_warmup_fit
20200428,0.016120242302153604,0.031725865261751064,0.02705916330425734,0.0,0.015862932630875532,8.639514407162367e-05,0.0,bad,0.6268845771287174,0.18707065441456183,0.18604476845672083,-0.0065820502065387,0,True,False,False,train_warmup_fit
20200429,0.023631286108555874,0.047996720592028856,0.02684815175182311,0.01666666666666672,0.02319841495281395,0.00021107910205078495,0.0,bad,0.3817305172942543,0.2767499037752743,0.3415195789304714,0.004207163294579,1,True,False,False,train_warmup_fit
20200430,0.02489689573201525,0.04843645542712045,0.02040879964793505,0.008333333333333304,0.024621864842119562,4.739182385507655e-05,2.0,good,0.2561230813895304,0.3020109620062107,0.4418659566042589,0.0211335699025989,2,True,False,False,train_warmup_fit
20200506,0.026866408076895783,0.05741794491128316,0.02980298254889876,-0.008333333333333304,0.026316558084338117,0.00024161775501567117,2.0,good,0.21584380273441778,0.24620388880957386,0.5379523084560084,0.0225914155793592,2,True,False,False,train_warmup_fit
20200507,0.030753337940415498,0.0648147703877526,0.048994430106651055,-0.008333333333333304,0.029706769761053277,0.0006528048076822251,2.0,good,0.20551117403028296,0.3130359728228411,0.4814528531468759,0.0053407938302662,1,True,False,False,train_warmup_fit
20200508,0.027254823873019533,0.05941753963329862,0.03749261605636649,-0.01666666666666672,0.026737892834984376,0.00014780724897126232,1.0,neutral,0.26983867728634625,0.41803809842322304,0.3121232242904306,0.0163905043056955,2,True,False,False,train_warmup_fit
20200511,0.025433908252374533,0.05560760101132952,0.03407633856977898,-0.01666666666666672,0.025023420455098283,4.321024873572087e-05,2.0,good,0.11857727433343994,0.3428912725549858,0.5385314531115744,0.0095273287155265,2,True,False,False,train_warmup_fit
20200512,0.023874773259063765,0.04939013724910916,0.022245759800787027,0.008333333333333304,0.02346031519332685,7.453367434683252e-05,2.0,good,0.08625583647757105,0.44443531069679343,0.4693088528256355,0.0029253859650775,1,True,False,False,train_warmup_fit
20200513,0.025639702100792576,0.05225471283973727,0.025372811745479264,0.033333333333333326,0.025256444539206342,2.9874697363798885e-05,1.0,neutral,0.2175632965693048,0.5090827543236827,0.2733539491070125,-0.004675386530624,1,True,False,False,train_warmup_fit
20200514,0.030520123771920277,0.06945638811843122,0.026025266198076505,0.033333333333333326,0.03009776818465353,0.0,0.0,bad,0.4070683034123277,0.33977671696659656,0.2531549796210758,0.0108579363956368,2,True,False,False,train_warmup_fit
20200515,0.0338595826449741,0.07710697773311051,0.024447655763799,0.033333333333333326,0.03341302368434789,4.600879122815563e-06,2.0,good,0.3283420368606037,0.27268221707047396,0.39897574606892244,-0.0138277907365579,0,True,False,False,train_warmup_fit
20200518,0.03297210128131389,0.07358885062890586,0.02933971412881494,0.04166666666666663,0.03250174236110009,7.56652408158715e-05,0.0,bad,0.5451695643777714,0.26504980422826435,0.1897806313939642,0.0056156615994208,1,True,False,False,train_warmup_fit
20200519,0.02582593791449277,0.05981872479761807,0.020443709731233883,0.008333333333333304,0.025422958038987677,6.662050776294512e-05,1.0,neutral,0.2548626295297699,0.38526896819795553,0.3598684022722746,0.0043251913853532,1,True,False,False,train_warmup_fit
20200520,0.03122408106584134,0.07162132783599007,0.03344017104271842,0.008333333333333304,0.030439064330295775,0.0003500602541426881,0.0,bad,0.4754171631694684,0.2222207885368986,0.3023620482936331,-0.0083949612507579,0,True,False,False,train_warmup_fit
20200521,0.0282491671508962,0.05862414757732851,0.027724990370694237,0.008333333333333304,0.02784647009923104,4.1922409869346304e-05,0.0,bad,0.43781977876456185,0.36230036102728946,0.1998798602081488,-0.0072192144430103,0,True,False,False,train_warmup_fit
20200522,0.024069936526040916,0.045135612189804164,0.015165232328634185,0.008333333333333304,0.023696196399647183,6.327784856053247e-05,0.0,bad,0.43628043286353047,0.25620166097269065,0.3075179061637789,-0.0108658998690772,0,True,False,False,train_warmup_fit
20200525,0.02288311313458058,0.04300505163973162,0.008543887190193666,0.008333333333333304,0.022577652110859096,0.0,0.0,bad,0.43328292801622953,0.3663383257654833,0.200378746218287,0.0085186024910514,1,True,False,False,train_warmup_fit
20200526,0.02195524254579905,0.038816581735183354,0.0055278326182054225,0.024999999999999967,0.021672591468810707,0.0,2.0,good,0.14627817476267793,0.23783135363624094,0.6158904716010811,0.0158708997788767,2,True,False,False,train_warmup_fit
20200527,0.027122081184877283,0.05252126672498592,0.020299201273286493,0.00833333333333336,0.026698310585201175,0.0,2.0,good,0.2642678227427464,0.25162036134807064,0.48411181590918295,-0.0071651481071407,0,True,False,False,train_warmup_fit
20200528,0.01937760422993763,0.037469775062638,0.008542078158784511,0.00833333333333336,0.019047135656840984,0.0,1.0,neutral,0.30127360352049537,0.382719380170952,0.3160070163085525,0.0003493365392041,1,True,False,False,train_warmup_fit
20200529,0.012280098054346341,0.022998281075757705,-0.0019029451034617475,-0.008333333333333415,0.012074097564772793,0.0,2.0,good,0.32765496681111,0.3222689778741897,0.35007605531470026,0.0088672176092913,1,True,False,False,train_warmup_fit
20200601,0.012772903194287987,0.02551032254823412,0.0009005742977244251,-0.025000000000000078,0.012542575252881773,2.2222988917693975e-06,2.0,good,0.1959496576641934,0.39304600205664886,0.4110043402791577,0.0156074167857512,2,True,False,False,train_warmup_fit
20200602,0.019169571524498993,0.0401762441227258,0.007763850948797054,0.0,0.01874891392393871,6.591501919233702e-05,2.0,good,0.14552836504047395,0.416362117545362,0.43810951741416404,0.0051023921123317,1,True,False,False,train_warmup_fit
20200603,0.011680632439736278,0.02374760602983461,0.0039054555343802262,-0.01666666666666672,0.011478009581086728,0.0,2.0,good,0.14970392498670937,0.4079383018930415,0.4423577731202492,0.0123567502059756,2,True,False,False,train_warmup_fit
20200604,0.0,-0.00341935566101792,-0.0011102831029779665,-0.0500000000000001,0.0,0.0,2.0,good,0.10807461888417164,0.3843532719714935,0.5075721091443349,0.0207876814957975,2,True,False,False,train_warmup_fit
20200605,0.0034030187540842784,0.0071534053666745985,0.0010928595785208613,-0.033333333333333326,0.003338255837781479,1.385030642493599e-05,2.0,good,0.16760911501847772,0.38924012591854096,0.4431507590629814,-0.0031218275853378,1,True,False,False,train_warmup_fit
20200608,0.004084319225226198,0.008590688708010535,0.001372036218559563,-0.04999999999999999,0.00400898806373825,1.2876954283981167e-05,1.0,neutral,0.2850855722406858,0.4023355784962438,0.3125788492630704,0.0009312493119376,1,True,False,False,train_warmup_fit
20200609,0.004149067587173264,0.009243785462298756,-0.007277399126441243,-0.07500000000000001,0.004082671912515283,0.0,1.0,neutral,0.34117449594353627,0.3433048867283086,0.3155206173281552,-0.0071175558676383,0,True,False,False,train_warmup_fit
20200610,0.0024827029993300053,0.005635348147013795,-0.005486857416166613,-0.10000000000000014,0.0024419841970393106,0.0,1.0,neutral,0.29089189530390885,0.5589487084019974,0.15015939629409367,-0.0032859118982404,1,True,False,False,train_warmup_fit
20200611,0.002127360100698662,0.004735616642519647,-0.0027268295247423815,-0.10833333333333334,0.002091564017112844,1.3380710582856e-06,1.0,neutral,0.3815512750910616,0.46119557469373745,0.157253150215201,0.0011542915526574,1,True,False,False,train_warmup_fit
20200612,0.0042685102411591765,0.009466114922823527,0.0036749715248619967,-0.07499999999999996,0.004180867424247058,1.8507311528782135e-05,1.0,neutral,0.27758666862295756,0.5592691396636101,0.16314419171343225,0.0069292730352741,1,True,False,False,train_warmup_fit
20200615,0.0010615801144933286,0.002318446546784963,0.004425362917845527,-0.09166666666666673,0.0010239805581633585,2.0916532978852836e-05,1.0,neutral,0.1673571959933676,0.5759010752013721,0.25674172880526025,0.0023105959089764,1,True,False,False,train_warmup_fit
20200616,0.00600013118909528,0.012685820669833852,0.008348349854596853,-0.04166666666666674,0.0058143344736738475,9.668685992534339e-05,1.0,neutral,0.36340509302688395,0.46765677819731677,0.16893812877579922,-0.002944836404613,1,True,False,False,train_warmup_fit
20200617,0.001115795226118715,0.002206125491174757,0.012732432157331518,-0.04166666666666674,0.0010111408501217633,9.150291628075017e-05,1.0,neutral,0.26458968578167424,0.5080343409533854,0.22737597326494047,0.0004588100573963,1,True,False,False,train_warmup_fit
20200618,0.000546571976337789,0.0012434687085497442,0.009369237912037517,-0.05833333333333335,0.0005077497226578122,3.139692355936774e-05,1.0,neutral,0.36246783891655665,0.4815326317436816,0.15599952933976186,0.0043476302226252,1,True,False,False,train_warmup_fit
20200619,0.005343823865015666,0.01363511890214731,0.01154403974126491,-0.033333333333333326,0.005226795579156469,4.365666159673229e-05,1.0,neutral,0.17398442208610898,0.5502118892955609,0.27580368861833016,-0.001915224311654,1,True,False,False,train_warmup_fit
20200622,0.011658825189453794,0.03386441607366612,0.023958083816836874,-0.033333333333333326,0.011288138691222043,0.00017528855508281736,0.0,bad,0.44932957924257316,0.31639640561183136,0.23427401514559537,0.0044194303151054,1,True,False,False,train_warmup_fit
20200623,0.017471904957573687,0.052949482692133995,0.03829738347110131,-0.03333333333333344,0.016767336185842426,0.00038213070745226767,1.0,neutral,0.24471322260982217,0.3802332009355248,0.3750535764546529,-0.0002031004825243,1,True,False,False,train_warmup_fit
20200624,0.01636223189175472,0.04961711642536412,0.051400195590950805,-0.03333333333333344,0.015712086868031966,0.0003797558234353914,2.0,good,0.3325477906776184,0.3258715618755178,0.34158064744686384,0.015087200960271,2,True,False,False,train_warmup_fit
20200629,0.01942131195952067,0.0646925680453142,0.05139050453178362,-0.025000000000000133,0.018868665679883306,0.0002436941310120443,2.0,good,0.11242654675635445,0.27898709532408716,0.6085863579195584,0.0022468909533148,1,True,False,False,train_warmup_fit
20200630,0.021482779801766983,0.0699298293339602,0.04259980360608975,-0.01666666666666683,0.020978948800188055,0.00018581064977422275,1.0,neutral,0.34722389625631067,0.393773545600404,0.2590025581432854,0.0061442747265353,1,True,False,False,train_warmup_fit
20200701,0.024680380250654468,0.079837380975867,0.0521304397795905,-0.01666666666666683,0.023951214292760092,0.0003337234863726454,2.0,good,0.30985875534210916,0.32084308080923135,0.36929816384865954,0.0171840713374755,2,True,False,False,train_warmup_fit
20200702,0.01630661779934231,0.05307203009064747,0.03464852570952256,-0.06666666666666676,0.015921609027194236,9.28440940416324e-05,2.0,good,0.07728312884149952,0.2246218053076334,0.6980950658508672,0.0128424622144714,2,True,False,False,train_warmup_fit
20200703,0.012763290067186938,0.04427526867224704,0.020659997911636745,-0.06666666666666676,0.012544659457136656,0.0,2.0,good,0.07383900204484109,0.20584257173710688,0.7203184262180521,0.0373287586060481,2,True,False,False,train_warmup_fit
20200706,0.01323033156653921,0.04877605882722143,0.01671024290747413,-0.033333333333333326,0.013006949020592377,0.0,2.0,good,0.06730173943213599,0.17655024817597093,0.756148012391893,0.031436599598743,2,True,False,False,train_warmup_fit
20200707,0.01256398315697868,0.047996107531110166,0.01553170843291371,-0.04166666666666663,0.012398994445536791,0.0,2.0,good,0.059491038780928165,0.15821640537662718,0.7822925558424446,0.014991129693466,2,True,False,False,train_warmup_fit
20200708,0.015582513771541014,0.05947337759032356,0.02380087236843563,-0.025000000000000022,0.015363955877500252,0.0,2.0,good,0.1304103254898059,0.25049460354842057,0.6190950709617734,0.0280083864938616,2,True,False,False,train_warmup_fit
20200709,0.017839734209515973,0.07539119095588473,0.024701562605602828,0.0,0.017591277889706443,5.212461917905431e-06,2.0,good,0.1288965078874467,0.31540214826612023,0.5557013438464332,0.0089675573207774,1,True,False,False,train_warmup_fit
20200710,0.0223553774023855,0.09308378620588884,0.037766637481914195,0.016666666666666607,0.0217195501147074,0.00027524517788538586,2.0,good,0.22928929219975078,0.35163895265170747,0.4190717551485418,0.010303269021956,2,True,False,False,train_warmup_fit
20200713,0.02741143762764645,0.10010262965046043,0.04253034979276567,0.04999999999999982,0.02669403457345611,0.0003682916679125355,1.0,neutral,0.2769433030084088,0.4241407610246287,0.29891593596696253,-0.0001445748760329,1,True,False,False,train_warmup_fit
20200714,0.02450731928418953,0.10900587839393297,0.05082866027050367,0.016666666666666607,0.023617940318685453,0.00045284535090071696,0.0,bad,0.40077948385600315,0.31742084292089556,0.2817996732231012,-0.0122770302159294,0,True,False,False,train_warmup_fit
20200715,0.02791673043026656,0.1059311276441677,0.04390733395219007,0.02499999999999991,0.027365541308076655,0.0001229309601151745,0.0,bad,0.5105152551972661,0.32115152669664243,0.16833321810609134,-0.0353669277200586,0,True,False,False,train_warmup_fit
20200716,0.02381286112598445,0.08926502243351353,0.03088897511902222,-0.008333333333333304,0.023060130795324325,0.0003193683199781597,0.0,bad,0.6591893565671465,0.15823595554632747,0.18257468788652598,-0.0269032641039537,0,True,False,False,train_warmup_fit
20200717,0.017958031207004777,0.05701863686646613,0.00843902877199032,-0.008333333333333526,0.017580746367160387,0.0,2.0,good,0.2135105730942575,0.14429425100748836,0.6421951758982541,0.0268006725912944,2,True,False,False,train_warmup_fit
20200720,0.016345309155333252,0.051880939192670686,-0.0013396249681757455,-0.008333333333333526,0.015996622917740122,0.0,2.0,good,0.09934351340710586,0.24465827324091832,0.6559982133519758,0.000762234576103,1,True,False,False,train_warmup_fit
20200721,0.009565691412403708,0.03304772460604666,-0.01751822733999427,-0.03333333333333344,0.00936352197171322,0.0,2.0,good,0.2733189004359892,0.3002853792725475,0.42639572029146333,-0.0009097449007741,1,True,False,False,train_warmup_fit
20200722,0.008891208057960679,0.03073456553804807,-0.007017034803996437,-0.03333333333333344,0.008708126902446952,0.0,2.0,good,0.17438329156585644,0.228734375817384,0.5968823326167595,0.0125983662829937,2,True,False,False,train_warmup_fit
20200723,0.0038685188739728247,0.014200032555249459,-0.00622319033254326,-0.050000000000000155,0.0037866753480665215,0.0,2.0,good,0.23452158986949329,0.28973624675252596,0.47574216337798075,-0.0138461660633126,0,True,False,False,train_warmup_fit
20200724,0.0028790677746860743,0.00940968426174893,0.003779637550385906,-0.03333333333333344,0.0028229052785246783,3.859721870392165e-06,0.0,bad,0.528632992085362,0.2303390987997616,0.24102790911487634,-0.0129639602452702,0,True,False,False,train_warmup_fit
20200727,0.0,-0.013355078693363831,-0.013390641502407374,-0.04166666666666663,0.0,0.0,2.0,good,0.20464674147036357,0.13070156068269467,0.6646516978469418,0.0147395854056008,2,True,False,False,train_warmup_fit
20200728,0.0,-0.013728022500256926,-0.01734957805871305,-0.05833333333333346,0.0,0.0,2.0,good,0.1390482081027894,0.29318097472732363,0.567770817169887,0.0050798571525425,1,True,False,False,train_warmup_fit
20200729,0.0,-0.0233797074152177,-0.013884640818847493,-0.05833333333333346,0.0,0.0,2.0,good,0.18931130964484547,0.17685181455654023,0.6338368757986144,0.0185630151698832,2,True,False,False,train_warmup_fit
20200730,0.0029793191374971884,0.010286138655207888,0.002828935447767836,-0.008333333333333304,0.002828688130182168,7.629222043950973e-05,2.0,good,0.093689499055949,0.2800495865913334,0.6262609143527176,0.0061018676462831,1,True,False,False,train_warmup_fit
20200731,0.006372905046863075,0.019173373955094997,-0.0008148290758582255,0.008333333333333304,0.0062313465354058755,0.0,2.0,good,0.16510401199410973,0.24644462086046032,0.5884513671454299,0.0249274100548963,2,True,False,False,train_warmup_fit
20200803,0.011165785913392607,0.03305604032872041,0.009164479207767437,0.008333333333333304,0.010743213106834135,0.00016997929513262833,2.0,good,0.11586450113333731,0.33739175370060065,0.5467437451660622,0.0231918573634413,2,True,False,False,train_warmup_fit
20200804,0.017747317735131156,0.05064015778464655,0.024632492165503186,0.008333333333333304,0.01645805128001013,0.0008374868333978261,2.0,good,0.1312941462992448,0.2962713158211605,0.5724345378795948,0.012804263882411,2,True,False,False,train_warmup_fit
20200805,0.008874107143156432,0.022797026726486876,0.0074462773395623065,-1.1102230246251565e-16,0.008358909799711852,0.0003048334970267178,2.0,good,0.11230734779446398,0.3600539922492761,0.5276386599562599,0.0048024925821442,1,True,False,False,train_warmup_fit
20200806,0.007849164302096338,0.020730613130711076,0.008946502634566866,-1.1102230246251565e-16,0.007601224814594059,5.665190656734397e-05,1.0,neutral,0.16315314386387522,0.5028401264995525,0.3340067296365723,0.0005655656084004,1,True,False,False,train_warmup_fit
20200807,1.3484166615834095e-05,-0.008971975028034615,-0.004812306310421066,-0.02499999999999991,0.0,1.3484166615834095e-05,2.0,good,0.20703689842690468,0.27862173586678574,0.5143413657063096,0.0097624731770889,2,True,False,False,train_warmup_fit
20200810,0.0,-0.03071416244262737,-0.01641443624637288,-0.050000000000000044,0.0,0.0,2.0,good,0.1933388741941631,0.31673670433620393,0.48992442146963283,-0.0077969458049124,0,True,False,False,train_warmup_fit
20200811,0.0,-0.045645652098592435,-0.019537714286742298,-0.07499999999999996,0.0,0.0,0.0,bad,0.5125150491168344,0.25357841117932967,0.23390653970383588,-0.0101883580165539,0,True,False,False,train_warmup_fit
20200812,0.0,-0.04983883481197261,-0.022344140045988004,-0.07499999999999996,0.0,0.0,0.0,bad,0.35702022535055444,0.3506271509202403,0.2923526237292053,0.0016984584743174,1,True,False,False,train_warmup_fit
20200813,0.0,-0.05274037404997689,-0.028307166411750167,-0.07499999999999996,0.0,0.0,0.0,bad,0.41004211958635695,0.3274674408367465,0.2624904395768966,-0.0048757008054002,1,True,False,False,train_warmup_fit
20200814,0.0,-0.04086828947073203,-0.028975800814851866,-0.09166666666666656,0.0,0.0,0.0,bad,0.4400460368081293,0.28355170650894634,0.27640225668292445,0.020732896821825,2,True,False,False,train_warmup_fit
20200817,0.0,-0.029002405553394575,-0.02378644530843982,-0.07499999999999984,0.0,0.0,2.0,good,0.17561017804522094,0.27480900881663445,0.5495808131381446,0.0210096958261487,2,True,False,False,train_warmup_fit
20200818,0.0,-0.024492615478842628,-0.03321082314490035,-0.07499999999999984,0.0,0.0,2.0,good,0.2054760082704352,0.3134444604072517,0.48107953132231307,0.0016215825592869,1,True,False,False,train_warmup_fit
20200819,0.0,-0.03756058868104443,-0.03297790749059289,-0.06666666666666654,0.0,0.0,0.0,bad,0.5373956346796352,0.28365110761274465,0.1789532577076201,-0.0109811532060455,0,True,False,False,train_warmup_fit
20200820,0.0,-0.05330628185036819,-0.04543431275817159,-0.06666666666666676,0.0,0.0,0.0,bad,0.5742459360872572,0.25771498072418275,0.16803908318856,-0.005712102317417,0,True,False,False,train_warmup_fit
20200821,0.0,-0.06175739576970921,-0.041848395527820034,-0.08333333333333331,0.0,0.0,0.0,bad,0.4070847436033296,0.37556274911078824,0.21735250728588212,0.006150195634799,1,True,False,False,train_warmup_fit
20200824,0.0,-0.04347302882120378,-0.036320877353851755,-0.08333333333333326,0.0,0.0,1.0,neutral,0.30768128927226635,0.4142826085868649,0.27803610214086877,0.0016721147473173,1,True,False,False,train_warmup_fit
20200825,0.0,-0.03374288055116844,-0.03021392541586791,-0.06666666666666665,0.0,0.0,0.0,bad,0.5486110736134651,0.25512315169547634,0.1962657746910586,-0.0093042955667999,0,True,False,False,train_warmup_fit
20200826,0.0,-0.03258898839671779,-0.0248661147609033,-0.04166666666666674,0.0,0.0,0.0,bad,0.6324737441276933,0.2214614505922009,0.1460648052801059,-0.0143586967902615,0,True,False,False,train_warmup_fit
20200827,3.4911366449306126e-05,-0.0541758484619676,-0.027904700663409387,-0.041666666666666796,0.0,3.4911366449306126e-05,0.0,bad,0.477173167212248,0.36321497434845834,0.15961185843929376,0.0043501927167621,1,True,False,False,train_warmup_fit
20200828,0.00012978755012985264,-0.04008459241051425,-0.014115637836706831,-0.04166666666666674,0.0,0.00012978755012985264,2.0,good,0.23725808324383682,0.28040650188667965,0.48233541486948356,0.010961234361728,2,True,False,False,train_warmup_fit
20200831,0.00011462039926021057,-0.05299839916818154,-0.013380482145212869,-0.05833333333333346,0.0,0.00011462039926021057,1.0,neutral,0.2349090792649461,0.41081794239927244,0.35427297833578136,0.0041704712568573,1,True,False,False,train_warmup_fit
20200901,3.674813929389468e-05,-0.07011538648954774,-0.012931213023457622,-0.058333333333333404,0.0,3.674813929389468e-05,1.0,neutral,0.30404389332230436,0.46077319755913115,0.23518290911856446,0.0036537747591584,1,True,False,False,train_warmup_fit
20200902,2.640657405543433e-06,-0.056481122508657576,-0.009766842154309563,-0.04999999999999982,0.0,2.640657405543433e-06,1.0,neutral,0.2717184918356321,0.5741280231714658,0.154153484992902,-0.0030238507290621,1,True,False,False,train_warmup_fit
20200903,3.410748650348364e-05,-0.055836096390089685,-0.004323694403502479,-0.04999999999999993,0.0,3.410748650348364e-05,1.0,neutral,0.25944559307285364,0.6026898931271999,0.13786451379994638,0.0026511530358989,1,True,False,False,train_warmup_fit
20200904,0.0,-0.04350514466454959,-0.0033071738512667386,-0.025000000000000022,0.0,0.0,1.0,neutral,0.29890381671780464,0.574373886312548,0.12672229696964726,0.0013793761887398,1,True,False,False,train_warmup_fit
20200907,0.0,-0.03045700122408908,-0.0009801697407058607,-0.025000000000000022,0.0,0.0,1.0,neutral,0.40870180827589003,0.46214640820503594,0.12915178351907414,0.005271167783727,1,True,False,False,train_warmup_fit
20200908,0.0,-0.031127681458834933,-0.00654947443569583,-5.551115123125783e-17,0.0,0.0,0.0,bad,0.4850680507634575,0.3233994801455742,0.1915324690909684,-0.0099805660961646,0,True,False,False,train_warmup_fit
20200909,0.0,-0.02826139484771184,-0.007335226220920348,0.0,0.0,0.0,0.0,bad,0.627463656033344,0.26799767534817787,0.10453866861847814,-0.0166879053245929,0,True,False,False,train_warmup_fit
20200910,0.0,-0.034351730914668734,-0.02056776756586056,0.0,0.0,0.0,0.0,bad,0.4852766800736273,0.17312197895196585,0.341601340974407,-0.0116501802639215,0,True,False,False,train_warmup_fit
20200911,0.0,-0.030924532801375262,-0.018606618818990825,0.016666666666666607,0.0,0.0,2.0,good,0.32344316503511855,0.16705000269402015,0.5095068322708612,0.0176525871005789,2,True,False,False,train_warmup_fit
20200914,0.0,-0.027082053974972896,-0.009447197965868681,0.016666666666666607,0.0,0.0,2.0,good,0.17768336874241675,0.27506460507352604,0.5472520261840572,0.0052941521583372,1,True,False,False,train_warmup_fit
20200915,1.5801914435428627e-05,-0.0068017542002196466,0.0018591470607806637,0.016666666666666607,0.0,1.5801914435428627e-05,2.0,good,0.2755960225998783,0.34534708680038245,0.3790568905997391,0.005112957153416,1,True,False,False,train_warmup_fit
20200916,1.961276447910954e-05,-0.0032087688481485938,0.004343317163921723,0.008333333333333304,0.0,1.961276447910954e-05,1.0,neutral,0.3634615929570902,0.36582179203139614,0.27071661501151373,0.0061490287442796,1,True,False,False,train_warmup_fit
20200917,0.003451995065354739,0.006584717554825127,-0.0017022036146035098,0.008333333333333304,0.003347231423702773,6.714316673412612e-05,1.0,neutral,0.2850142949080956,0.4122103374537318,0.3027753676381726,-0.0012781488345484,1,True,False,False,train_warmup_fit
20200918,0.007552849968179426,0.015494199937162608,0.0069412815978021625,0.016666666666666607,0.007230626637342551,0.00022759116666833934,2.0,good,0.21221051046858833,0.3207620785240004,0.4670274110074112,0.0134755805370572,2,True,False,False,train_warmup_fit
20200921,0.004746989404977651,0.00998483771618915,0.004886972807015204,0.016666666666666607,0.004659590934221603,3.066994838754353e-05,0.0,bad,0.48123464694692536,0.23381412397879436,0.28495122907428033,-0.0150635562256861,0,True,False,False,train_warmup_fit
20200922,0.0010619667029105008,0.0020261174755657474,0.0015650950342079861,0.016666666666666607,0.001046827362375636,3.815481931232054e-06,0.0,bad,0.46403044517043635,0.4296559750322757,0.10631357979728806,0.0008407303898563,1,True,False,False,train_warmup_fit
20200923,0.003406200640483997,0.006365488917676909,0.009131501915656925,-0.00833333333333347,0.0033418816817803766,3.112874774367296e-05,0.0,bad,0.4047329036854859,0.37349386262225137,0.22177323369226265,-0.00077903449273,1,True,False,False,train_warmup_fit
20200924,0.012880420164406069,0.026399890228670377,0.021334825298468085,-0.008333333333333304,0.012539947858618429,0.00019767255794696855,1.0,neutral,0.27869279097108346,0.36794770524657006,0.3533595037823465,-0.0018419865489485,1,True,False,False,train_warmup_fit
20200925,0.006741274679449082,0.012638187587097172,0.019412298718458308,-0.00833333333333347,0.006635048483226014,4.5086356362128366e-05,0.0,bad,0.5310730160774979,0.22619526223820965,0.2427317216842925,-0.0083280815569107,0,True,False,False,train_warmup_fit
20200928,0.006017884230741367,0.010353467939508414,0.014639085553514269,0.03333333333333327,0.005866965165721434,9.70283705378133e-05,0.0,bad,0.5906017236854261,0.2158653865107313,0.1935328898038426,-0.0120243815480637,0,True,False,False,train_warmup_fit
20200929,0.006010553437722322,0.01007660685616997,0.010992326872156379,0.033333333333333326,0.005878020666099148,7.956705559888507e-05,0.0,bad,0.5170614397715545,0.17427628933995867,0.3086622708884868,-0.0029550933493449,1,True,False,False,train_warmup_fit
20200930,0.01422379362664905,0.023793234170448853,0.02444581043048083,0.033333333333333326,0.013879386599428495,0.00019978543713906102,2.0,good,0.2504384844722491,0.18904319420560994,0.560518321322141,0.0176203286811603,2,True,False,False,train_warmup_fit
20201009,0.01948454850022007,0.03236994737573103,0.03410251242483048,0.05833333333333324,0.01915221886397419,0.0001296432382052752,2.0,good,0.1230868526211531,0.236571249729317,0.64034189764953,0.0265409661992767,2,True,False,False,train_warmup_fit
20201012,0.0259136977737014,0.04679994389518175,0.044911930411922374,0.058333333333333404,0.025349969609890118,0.000252866596315152,2.0,good,0.2289137506913649,0.3414672071943214,0.4296190421143138,0.0072818178816617,1,True,False,False,train_warmup_fit
20201013,0.025788388312948503,0.05118106015584397,0.04712497653568825,0.05833333333333346,0.025164021243289952,0.00029463386271105205,2.0,good,0.2349784324448336,0.3751505813354232,0.3898709862197432,-0.0059150778379728,0,True,False,False,train_warmup_fit
20201014,0.026167629348915738,0.058082976492414506,0.041798964958412545,0.05833333333333324,0.025653314617483065,0.0001647103932645133,1.0,neutral,0.3055272238120842,0.5352491533419693,0.1592236228459465,-0.0013172686109307,1,True,False,False,train_warmup_fit
20201015,0.02941345436556006,0.061050682357827644,0.03916873453990521,0.05833333333333335,0.02899907411996813,4.7980587666722086e-05,1.0,neutral,0.29180783641213875,0.528958041982306,0.17923412160555519,-0.0029751021907202,1,True,False,False,train_warmup_fit
20201016,0.034153916399912214,0.07108796826009547,0.027071695087691364,0.05833333333333335,0.033766784923545345,4.0738090481239975e-05,1.0,neutral,0.26252517050440827,0.48011559209736526,0.2573592373982265,0.001307107757965,1,True,False,False,train_warmup_fit
20201019,0.0322248812440794,0.06830639390706236,0.020573580114039463,0.050000000000000044,0.0318763171566291,0.0,1.0,neutral,0.22265539687632785,0.547944651224307,0.22939995189936507,0.0042927248879042,1,True,False,False,train_warmup_fit
20201020,0.026485870788532435,0.05074647331850157,0.011610605433206356,0.04999999999999993,0.02621901121455914,0.0,1.0,neutral,0.15587914644349543,0.5480416869119414,0.2960791666445631,0.0018262155917122,1,True,False,False,train_warmup_fit
20201021,0.024177989739137477,0.046334045207686955,0.01697415438335207,0.04999999999999993,0.023939256690638257,0.0,0.0,bad,0.42826144542746986,0.32418205085604607,0.2475565037164842,-0.0073453796883889,0,True,False,False,train_warmup_fit
20201022,0.020853017713971893,0.03644855302227441,0.008480541789953907,0.04999999999999999,0.0206541800459555,0.0,1.0,neutral,0.30005984627572296,0.43512048849348167,0.26481966523079525,0.0003928696031639,1,True,False,False,train_warmup_fit
20201023,0.020434931765545075,0.03571888486646487,-3.593404857897076e-05,0.04999999999999999,0.02024070142433009,0.0,1.0,neutral,0.3256775652679513,0.42891721508392433,0.24540521964812426,-0.0083193539172287,0,True,False,False,train_warmup_fit
20201026,0.008587493355875529,0.01398260567363761,-0.011924999911677153,0.041666666666666574,0.008506085118129544,0.0,1.0,neutral,0.28989067758677894,0.41149916646531626,0.2986101559479048,0.0035285886353606,1,True,False,False,train_warmup_fit
20201027,0.014520261042762779,0.023003052394549268,-0.005608532520178882,0.05833333333333335,0.014376907746593292,0.0,1.0,neutral,0.29662809493505754,0.41723995849897133,0.28613194656597113,0.0010851693966902,1,True,False,False,train_warmup_fit
20201028,0.021968582668370252,0.03778366509305584,0.0034749370060977074,0.05833333333333335,0.021725607428507106,0.0,2.0,good,0.32281458045926426,0.3328812178978999,0.34430420164283587,0.0005841607128353,1,True,False,False,train_warmup_fit
20201029,0.018697738448968368,0.035115116104762055,0.006706451218483733,0.05833333333333329,0.018435435955000076,2.6251907489946555e-05,0.0,bad,0.3856876866506397,0.3822000830705065,0.2321122302788538,-0.0082232703846029,0,True,False,False,train_warmup_fit
20201030,0.01512118035385609,0.027837471601443696,0.011828854654444517,0.06666666666666671,0.014846651520769975,9.598946772244998e-05,0.0,bad,0.4779534548556474,0.3583162822809974,0.16373026286335535,-0.0052709948140327,0,True,False,False,train_warmup_fit
20201102,0.019049447369466857,0.03501610908245165,0.01579257175785026,0.06666666666666671,0.01867525817730755,0.00016161397831168837,2.0,good,0.28291374271694014,0.29851579528602484,0.41857046199703507,0.0152441164956336,2,True,False,False,train_warmup_fit
20201103,0.0256613248346911,0.050859519838158895,0.024295609285678844,0.04166666666666674,0.025005930587094792,0.0003453452792034692,2.0,good,0.1689871905736369,0.3438963331496085,0.48711647627675464,0.0023449465202707,1,True,False,False,train_warmup_fit
20201104,0.02794644186085391,0.061829232426129185,0.027836050309637723,0.04166666666666663,0.027307910988207056,0.00026251046075129007,1.0,neutral,0.2615693387325728,0.4326594497085708,0.3057712115588564,0.00212497744235,1,True,False,False,train_warmup_fit
20201105,0.022789076833609312,0.048886858429846816,0.028415575124022003,0.05833333333333324,0.022406476780346452,0.00011279846185973005,1.0,neutral,0.26209321311955275,0.48631071853862184,0.25159606834182546,0.0002577099997623,1,True,False,False,train_warmup_fit
20201106,0.014904400583934288,0.033858788849530384,0.023322753070872226,0.033333333333333326,0.0146721418347965,6.174634915805531e-05,1.0,neutral,0.2835043417848887,0.5458441776146306,0.17065148060048074,0.0070872562328265,1,True,False,False,train_warmup_fit
20201109,0.0027388121635611015,0.005584228613957095,0.008130810980377637,0.033333333333333326,0.0026990438300792626,1.180681639720713e-05,2.0,good,0.11713035015401806,0.3828053370942995,0.5000643127516825,0.0105763143826418,2,True,False,False,train_warmup_fit
20201110,0.0061572986147266804,0.012575098734044238,0.018733343890746438,0.033333333333333326,0.006077964388121381,8.836685521988179e-06,1.0,neutral,0.14240906359319594,0.4537658965995399,0.40382503980726414,-0.0038659476062785,1,True,False,False,train_warmup_fit
20201111,0.0014579642310710605,0.0027024418392504095,0.006047124445243173,0.03333333333333338,0.0014413023142668853,0.0,1.0,neutral,0.24046954854671976,0.4700131675116056,0.2895172839416746,0.0043181838152457,1,True,False,False,train_warmup_fit
20201112,0.0,-0.016553477059346285,-0.012058341998696709,0.03333333333333338,0.0,0.0,2.0,good,0.15510593205712422,0.2892989499515411,0.5555951179913347,0.0100457389107131,2,True,False,False,train_warmup_fit
20201113,0.0,-0.0034845104200820765,-0.006210175793016396,0.04166666666666674,0.0,0.0,1.0,neutral,0.10994611022116196,0.5013078260608254,0.38874606371801274,0.0035186608189804,1,True,False,False,train_warmup_fit
20201116,0.004260925802859899,0.008540555906637307,0.0025315402063429597,0.09166666666666667,0.004199106654096676,0.0,1.0,neutral,0.14301453156469165,0.48428330544769227,0.37270216298761605,0.0004282109344325,1,True,False,False,train_warmup_fit
20201117,0.004822552548466505,0.010750703923997221,-0.0022447971138156077,0.09166666666666656,0.004748227566432105,0.0,1.0,neutral,0.29643275271431296,0.508948674163741,0.19461857312194608,0.0056205624922086,1,True,False,False,train_warmup_fit
20201118,0.0,-0.007086039227687911,-0.01242905105502649,0.09166666666666667,0.0,0.0,2.0,good,0.16664565405818044,0.37883532556021415,0.4545190203816053,0.0029834161636201,1,True,False,False,train_warmup_fit
20201119,0.0,-0.0113268063041095,-0.02247455569218489,0.06666666666666665,0.0,0.0,1.0,neutral,0.2840950951251576,0.4468144782063176,0.2690904266685247,8.368308548775978e-05,1,True,False,False,train_warmup_fit
20201120,0.0,-0.0014286050172770785,-0.01936759381669014,0.06666666666666665,0.0,0.0,0.0,bad,0.46877472094058187,0.2823760912246004,0.24884918783481771,0.0139090858248393,2,True,False,False,train_warmup_fit
20201123,0.003265770919664937,0.00875032311220536,-0.021391975568955224,0.04999999999999993,0.0032084518078086322,0.0,2.0,good,0.13964387679406504,0.35469842158229187,0.5056577016236431,0.0173291389266184,2,True,False,False,train_warmup_fit
20201124,0.0,-0.002299316401940879,-0.02409570365098046,0.016666666666666607,0.0,0.0,2.0,good,0.1498760599800574,0.38664036492238213,0.4634835750975606,-0.0047048686726348,1,True,False,False,train_warmup_fit
20201125,0.0,-0.01675238021733864,-0.026141293087665364,-0.008333333333333304,0.0,0.0,0.0,bad,0.48080411917941207,0.3888667303953028,0.13032915042528506,-0.0081798764389482,0,True,False,False,train_warmup_fit
20201126,0.0,-0.02611753957627727,-0.029154023778946693,-0.008333333333333304,0.0,0.0,1.0,neutral,0.38785227487919244,0.46601568172091495,0.14613204339989264,-0.000634998305847,1,True,False,False,train_warmup_fit
20201127,0.0,-0.03153724772384435,-0.02684604651662403,-0.025000000000000022,0.0,0.0,0.0,bad,0.43049680238398386,0.40786248528318225,0.16164071233283403,-0.0013280241081967,1,True,False,False,train_warmup_fit
20201130,0.0,-0.040907393707549956,-0.027655314950306174,-0.016666666666666607,0.0,0.0,1.0,neutral,0.37088261709468456,0.475470650295034,0.1536467326102813,-0.003312364517636,1,True,False,False,train_warmup_fit
20201201,0.0,-0.04467051923099685,-0.01897420956797915,0.008333333333333304,0.0,0.0,1.0,neutral,0.37720842796778514,0.4701290718399853,0.1526625001922295,0.0005519838630635,1,True,False,False,train_warmup_fit
20201202,2.5729771230307096e-05,-0.04531469754293527,-0.011540423734534639,0.008333333333333304,0.0,2.5729771230307096e-05,1.0,neutral,0.2298168207802701,0.5933586406521367,0.17682453856759323,0.00402156393288,1,True,False,False,train_warmup_fit
20201203,2.199814559401911e-05,-0.05334672610022664,-0.014228526533127487,-0.02499999999999991,0.0,2.199814559401911e-05,1.0,neutral,0.16369436326512204,0.6690874871907201,0.16721814954415792,-0.0015867530387625,1,True,False,False,train_warmup_fit
20201204,6.5719114292897e-05,-0.04107808135780684,-0.003982113118369547,-0.008333333333333304,0.0,6.5719114292897e-05,1.0,neutral,0.2975304689493029,0.5797259108080313,0.12274362024266575,0.0004511449677545,1,True,False,False,train_warmup_fit
20201207,5.412010106768825e-05,-0.028683953161946683,-0.0039926570630370115,-0.025000000000000022,0.0,5.412010106768825e-05,1.0,neutral,0.2814522258366984,0.6021684133350022,0.11637936082829946,0.0024939834684326,1,True,False,False,train_warmup_fit
20201208,2.61230330128202e-05,-0.036545211994474525,-0.00026955535477579673,-0.008333333333333304,0.0,2.61230330128202e-05,1.0,neutral,0.36581630149966,0.5001502713291115,0.13403342717122846,-0.0062394706281069,0,True,False,False,train_warmup_fit
20201209,3.300621360179251e-05,-0.02111618105814994,0.005008184352089384,-0.008333333333333415,0.0,3.300621360179251e-05,1.0,neutral,0.3084378014394161,0.6012319245300904,0.09033027403049332,-0.0044377395729267,1,True,False,False,train_warmup_fit
20201210,3.193703994468622e-05,-0.005650603681951323,0.0019531087977195756,-0.008333333333333415,0.0,3.193703994468622e-05,1.0,neutral,0.2817260208781832,0.5714181761680932,0.14685580295372355,0.0058609934406442,1,True,False,False,train_warmup_fit
20201211,1.6850080161000674e-05,-0.00824661860729009,0.005439319784289872,-0.025000000000000022,0.0,1.6850080161000674e-05,1.0,neutral,0.275760970033899,0.5453906295682565,0.17884840039784453,0.0056169246513902,1,True,False,False,train_warmup_fit
20201214,8.439511277123283e-05,-0.009120204308744625,0.01376367852996463,-0.04999999999999993,0.0,8.439511277123283e-05,1.0,neutral,0.2181892740586895,0.4112902064713809,0.37052051946992953,0.0048964688072499,1,True,False,False,train_warmup_fit
20201215,4.530487276259225e-05,-0.0034259485932902987,0.015605433431995015,-0.04999999999999993,0.0,4.530487276259225e-05,0.0,bad,0.38663848170913484,0.383282564305947,0.23007895398491823,-0.0056457240946703,0,True,False,False,train_warmup_fit
20201216,0.005121669781695285,0.011974218365406648,0.0195405497610109,-0.050000000000000044,0.00498925765225277,0.00010402108146232373,0.0,bad,0.41421751286306574,0.3811943856818034,0.20458810145513084,0.000596961418181,1,True,False,False,train_warmup_fit
20201217,0.01031328583793471,0.023063434029084322,0.0182031639982597,0.008333333333333526,0.010186350029512245,8.04777360187664e-05,1.0,neutral,0.2323363252594881,0.4286966239698336,0.3389670507706782,0.0288915146249676,2,True,False,False,train_warmup_fit
20201218,0.009775687618344726,0.021937826335053406,0.019211957521209227,0.008333333333333526,0.009689206631315256,4.360907980980395e-05,1.0,neutral,0.20146989608276056,0.530766370187269,0.26776373372997037,0.0002898250438689,1,True,False,False,train_warmup_fit
20201221,0.012398737216758554,0.025490686858827105,0.02037947725283775,0.033333333333333326,0.012320498648433102,2.7065521348061834e-05,1.0,neutral,0.33889595438131376,0.49588237123629153,0.16522167438239468,0.0032884381522731,1,True,False,False,train_warmup_fit
20201222,0.02236481890603593,0.04537375755457708,0.035420297319393744,0.050000000000000155,0.021930649484712256,0.00027923409417566445,1.0,neutral,0.33106491074181965,0.34962585425442716,0.31930923500375313,0.0040396038033881,1,True,False,False,train_warmup_fit
20201223,0.021576526719978895,0.04201547307593595,0.027033660589391016,0.07500000000000007,0.02135786548026744,6.178670335479751e-05,1.0,neutral,0.188711330354801,0.5107305993146597,0.3005580703305392,0.0035162121937839,1,True,False,False,train_warmup_fit
20201224,0.024050422171386705,0.051968668730373216,0.02818173524009811,0.07499999999999984,0.02381897316808772,5.532662485875399e-05,1.0,neutral,0.3300268740107471,0.3946874339568106,0.2752856920324424,0.0300813603211995,2,True,False,False,train_warmup_fit
20201225,0.02341256623140612,0.04959012509410984,0.024098335637757838,0.08333333333333326,0.023142058377251258,9.732467302200972e-05,2.0,good,0.18150000797230864,0.25040957651137535,0.568090415516316,-0.0054636313240215,0,True,False,False,train_warmup_fit
20201228,0.02303997277801132,0.049826910864748775,0.01909387110930655,0.07499999999999996,0.022837334146343192,3.183998388281922e-05,1.0,neutral,0.3592027471456595,0.39303359278408545,0.2477636600702551,0.009034570334378,2,True,False,False,train_warmup_fit
20201229,0.019813782434401683,0.04369501571760156,0.017771543163173014,0.050000000000000044,0.019662757072920704,0.0,2.0,good,0.11641625742556498,0.365003342665009,0.5185803999094261,-0.0032673661626583,1,True,False,False,train_warmup_fit
20201230,0.016615171942261423,0.03299111712530983,0.012314055709765218,0.04999999999999993,0.016495558562654916,0.0,2.0,good,0.29775928667525203,0.34991809543602787,0.35232261788872005,0.0146092917346954,2,True,False,False,train_warmup_fit
20201231,0.02829294740697544,0.0577606833857983,0.027768224697027333,0.06666666666666676,0.02791766363646918,0.00011227493267832242,2.0,good,0.1390978501982137,0.21176110385522465,0.6491410459465617,0.0247590023450647,2,True,False,False,train_warmup_fit
20210104,0.026714803247046334,0.05654236520374163,0.03186050243894878,0.050000000000000044,0.02638643709507943,7.183123729187996e-05,2.0,good,0.1201225874517779,0.3244555377846036,0.5554218747636185,0.0023617541747645,1,True,False,False,train_warmup_fit
20210105,0.035172823827134804,0.07376012859269376,0.043258666436653805,0.06666666666666665,0.03442139334325709,0.000371628140179682,0.0,bad,0.42538446712406996,0.3111836695340148,0.26343186334191515,-0.0154198706656083,0,True,False,False,train_warmup_fit
20210106,0.026337490954119663,0.06185582132525581,0.029441380398740634,0.04999999999999993,0.025773258885523252,0.00028284087452164496,0.0,bad,0.6644127003722202,0.2220937775717408,0.11349352205603902,-0.0129841528103434,0,True,False,False,train_warmup_fit
20210107,0.027272138025866144,0.06288013473607204,0.03180158858152186,0.05833333333333324,0.026724057262830614,0.00026671043982463773,0.0,bad,0.49681605297768455,0.3325548275634341,0.17062911945888146,-0.0026015566880979,1,True,False,False,train_warmup_fit
20210108,0.028028869487877986,0.07006585102792817,0.030211406576501412,0.05833333333333324,0.027442458319271862,0.00027725327827043353,0.0,bad,0.362714943447497,0.35076044157444874,0.28652461497805426,-0.0034699802543793,1,True,False,False,train_warmup_fit
20210111,0.027628234045194246,0.06427259463380966,0.025245010039630457,0.05833333333333335,0.027315852719369108,2.0563451148156925e-05,1.0,neutral,0.34979647511521406,0.4916800637721074,0.1585234611126786,0.0009889706228906,1,True,False,False,train_warmup_fit
20210112,0.02495325806475118,0.05801875817547205,0.024814987622503504,0.05833333333333335,0.024657972224575622,0.0,1.0,neutral,0.2820612765717115,0.45737063973963116,0.2605680836886574,-0.0037455697622355,1,True,False,False,train_warmup_fit
20210113,0.028135629856135574,0.06509887764809126,0.029798945073013616,0.05833333333333335,0.02766702300043879,0.0001236565243783275,0.0,bad,0.43196179589890565,0.2858207709075243,0.2822174331935699,-0.0165807795486593,0,True,False,False,train_warmup_fit
20210114,0.025953728753810988,0.05587368501369517,0.02405542347169396,0.07499999999999996,0.025608772297943616,3.9767736926238856e-05,0.0,bad,0.5401002502757942,0.2190499541873455,0.24084979553686026,0.0067573808194422,1,True,False,False,train_warmup_fit
20210115,0.031131151265054398,0.06654293110169243,0.031305483191268677,0.05833333333333324,0.030498843421609027,0.00026066601247295415,2.0,good,0.18803628468980083,0.2318554717482019,0.5801082435619972,0.0169165938923483,2,True,False,False,train_warmup_fit
20210118,0.03164794178029404,0.0646239419111983,0.028853087574407375,0.08333333333333337,0.031234905257079185,4.986858607571739e-05,2.0,good,0.14529484489619604,0.3991387710477514,0.45556638405605243,0.0068084186787073,1,True,False,False,train_warmup_fit
20210119,0.03083876538207005,0.06873812385176215,0.03118333909992173,0.07500000000000007,0.030359338034528286,9.866115781119975e-05,1.0,neutral,0.21919264204343736,0.4446910607458322,0.3361162972107304,0.0008616854515446,1,True,False,False,train_warmup_fit
20210120,0.0175143580532213,0.035219062279889315,0.015401524564892374,0.07500000000000007,0.017316038954278915,4.031365699009341e-06,1.0,neutral,0.31879152367959307,0.48454100249387416,0.1966674738265327,0.0067565365640016,1,True,False,False,train_warmup_fit
20210121,0.03231105871061552,0.07117047103304167,0.039054425105610566,0.07500000000000007,0.03143362470626008,0.00040880407500469844,1.0,neutral,0.24935237665338905,0.4094983334586088,0.3411492898880022,0.0030051227373912,1,True,False,False,train_warmup_fit
20210122,0.03223747439888456,0.07151227539189024,0.03929910098261994,0.07500000000000007,0.031584588298084866,0.00017933831116436887,1.0,neutral,0.2454019275028214,0.5282649579874482,0.22633311450973037,-0.0007946032825511,1,True,False,False,train_warmup_fit
20210125,0.03889175862143927,0.09094025029697872,0.050420475796899566,0.09999999999999987,0.037891770957074467,0.0003943059296966332,0.0,bad,0.5056612668105616,0.3247004356312666,0.16963829755817192,-0.0132073919909999,0,True,False,False,train_warmup_fit
20210126,0.0419963511626418,0.09500210592673196,0.047479005514268646,0.08333333333333326,0.04116757923491717,0.00018480037528992044,0.0,bad,0.41226160429249703,0.3728844835732615,0.2148539121342415,-0.0018677691385394,1,True,False,False,train_warmup_fit
20210127,0.038247307888221185,0.08303070609852792,0.03386410604604599,0.08333333333333326,0.03736381774433756,0.0002782116884078018,0.0,bad,0.3892449266435898,0.3507605457252567,0.2599945276311535,0.0087837746203567,1,True,False,False,train_warmup_fit
20210128,0.03615619058896994,0.08681967705423883,0.02875302832013558,0.07499999999999996,0.03545136813048086,7.38344207672359e-05,1.0,neutral,0.3296308192690193,0.38553234711117806,0.2848368336198026,-0.0126010521191425,0,True,False,False,train_warmup_fit
20210129,0.02554654147020801,0.05488146940619543,0.01687641951563514,0.07499999999999996,0.0251540068111729,0.0,0.0,bad,0.36722278057075153,0.35949906274178006,0.27327815668746835,-0.0032305003845197,1,True,False,False,train_warmup_fit
20210201,0.024781158089820562,0.048072493382586644,0.015721081192116106,0.09166666666666673,0.024436850802814877,0.0,2.0,good,0.30045054202558963,0.24693167432505805,0.45261778364935223,0.009341704968531,2,True,False,False,train_warmup_fit
20210202,0.015485452675211597,0.030079371125904343,0.010957052110459591,0.07500000000000001,0.015290346989001374,0.0,1.0,neutral,0.29485111381365,0.35617186091838554,0.3489770252679645,-0.0083179284004532,0,True,False,False,train_warmup_fit
20210203,0.024249263523663748,0.04704762912215371,0.014975208490463798,0.07500000000000001,0.023915878137094802,0.0,0.0,bad,0.5568969144741883,0.2963008136681903,0.1468022718576214,-0.0209894416696494,0,True,False,False,train_warmup_fit
20210204,0.02437640850474743,0.045102693841787535,0.01623511749325307,0.08333333333333331,0.024054770048953348,0.0,0.0,bad,0.5170094898261499,0.2634294038055062,0.21956110636834383,-0.0054717275204562,0,True,False,False,train_warmup_fit
20210205,0.026993718834330944,0.04696159696757096,0.017666578734111184,0.08333333333333337,0.026611571614956878,6.316878681448405e-05,0.0,bad,0.46081206558322513,0.26113977039524433,0.2780481640215304,-0.0185493114983599,0,True,False,False,train_warmup_fit
20210208,0.03020157798201299,0.05174084300653289,0.018660857574565964,0.09166666666666673,0.029750984728756407,0.00010098166412153351,0.0,bad,0.5162622746893409,0.14191040975791896,0.34182731555274004,0.0204663463112326,2,True,False,False,train_warmup_fit
20210209,0.03240043396802419,0.06049916283446912,0.025875238072285443,0.07500000000000001,0.03176206048809628,0.00022217333899541132,2.0,good,0.28790142474334773,0.2873752762588835,0.42472329899776884,-6.519279593808491e-05,1,True,False,False,train_warmup_fit
20210210,0.02755548894805854,0.051659145023183216,0.022306691967932224,0.07500000000000001,0.027121051137171184,0.00010520309257283047,2.0,good,0.33802170908377305,0.28504890572976543,0.3769293851864614,0.0406080430107766,2,True,False,False,train_warmup_fit
20210218,0.028648240604551838,0.05920511112459541,0.023133742118855532,0.05833333333333335,0.028122427784182818,0.00016490451701621273,2.0,good,0.1361503745143877,0.20963450514599763,0.6542151203396148,0.0429095815616228,2,True,False,False,train_warmup_fit
20210219,0.010554888067777577,0.02355308551189402,-0.003008296323772291,0.008333333333333526,0.010402612767753195,0.0,2.0,good,0.17147498847654183,0.2659085345301617,0.5626164769932964,0.0319855067784174,2,True,False,False,train_warmup_fit
20210222,0.0011668346678758723,0.0027575378836902434,-0.02260023170897222,-0.06666666666666665,0.001148974118204268,0.0,2.0,good,0.15478639235288072,0.36144059968948283,0.48377300795763645,0.0016999611266028,1,True,False,False,train_warmup_fit
20210223,0.0,-0.026699192101593237,-0.04486620831909286,-0.07500000000000001,0.0,0.0,0.0,bad,0.44351562426065577,0.2805078784005768,0.27597649733876745,-0.0058640105618035,0,True,False,False,train_warmup_fit
20210224,0.0,-0.011887689782637748,-0.04202636873521713,-0.05833333333333329,0.0,0.0,0.0,bad,0.3680917136450756,0.2753658594938315,0.35654242686109283,0.0112177813095462,2,True,False,False,train_warmup_fit
20210225,0.0,-0.047866779693661946,-0.05053888052556423,-0.05833333333333335,0.0,0.0,1.0,neutral,0.2844955575710046,0.3631181818074037,0.35238626062159173,-0.0047300712264704,1,True,False,False,train_warmup_fit
20210226,0.0,-0.057018876712953186,-0.05503005059085208,-0.06666666666666671,0.0,0.0,1.0,neutral,0.30348263999436,0.36578604007700455,0.33073131992863547,0.0251983206611322,2,True,False,False,train_warmup_fit
20210301,0.0,-0.06963617564943322,-0.05194307228773516,-0.09166666666666673,0.0,0.0,2.0,good,0.15513904498025372,0.28174803156159606,0.5631129234581501,0.0017387486425278,1,True,False,False,train_warmup_fit
20210302,0.0,-0.06700710968926044,-0.04364573520270043,-0.07499999999999996,0.0,0.0,2.0,good,0.2528082268022108,0.20446467396803447,0.5427270992297547,0.0161897359646383,2,True,False,False,train_warmup_fit
20210303,0.0,-0.06157500031035208,-0.041909802324041956,-0.07499999999999996,0.0,0.0,2.0,good,0.11101335807345354,0.24975742756411756,0.6392292143624289,0.010522271435534,2,True,False,False,train_warmup_fit
20210304,0.0,-0.06557967175760855,-0.043882029190158635,-0.06666666666666671,0.0,0.0,1.0,neutral,0.22160009105407166,0.412771665124994,0.3656282438209343,0.0026657855602997,1,True,False,False,train_warmup_fit
20210305,0.0,-0.07532709063515683,-0.057061277757055884,-0.06666666666666671,0.0,0.0,2.0,good,0.29584189737222266,0.30228273246529835,0.4018753701624791,-0.0010544639442991,1,True,False,False,train_warmup_fit
20210308,0.0,-0.0735277097770164,-0.04978284106184666,-0.06666666666666671,0.0,0.0,0.0,bad,0.44851379684337683,0.22941200701215902,0.32207419614446414,-0.0197566277404777,0,True,False,False,train_warmup_fit
20210309,0.0,-0.0856806309483634,-0.06281563442614488,-0.050000000000000044,0.0,0.0,0.0,bad,0.5340144499493755,0.1526597223442832,0.31332582770634126,-0.0128192704901297,0,True,False,False,train_warmup_fit
20210310,0.0,-0.09502454442047485,-0.06488376950799687,-0.050000000000000044,0.0,0.0,2.0,good,0.20753572087378444,0.23391537574081084,0.5585489033854046,0.0030204575753035,1,True,False,False,train_warmup_fit
20210311,0.0,-0.08674387692795694,-0.04846484649221308,-0.041666666666666685,0.0,0.0,2.0,good,0.21186541348784418,0.15321588623771953,0.6349187002744363,0.0164989947160451,2,True,False,False,train_warmup_fit
20210312,0.0,-0.08804597840849904,-0.03998106553382234,-0.04166666666666663,0.0,0.0,2.0,good,0.08314214408338673,0.2760842337206636,0.6407736221959496,0.0028309273378167,1,True,False,False,train_warmup_fit
20210315,0.0,-0.09161085895038812,-0.03484073934885962,-0.04999999999999999,0.0,0.0,2.0,good,0.19949227248193357,0.22297457437044196,0.5775331531476244,0.011415108898426,2,True,False,False,train_warmup_fit
20210316,0.0,-0.11800520491093885,-0.05085540081062453,-0.04999999999999993,0.0,0.0,2.0,good,0.10748517288920201,0.20263583897698567,0.6898789881338124,0.0190686639644678,2,True,False,False,train_warmup_fit
20210317,0.0,-0.11667789055373069,-0.04647388284946119,-0.06666666666666671,0.0,0.0,2.0,good,0.09175199851148634,0.21398798174371383,0.6942600197447999,0.009191899747584,2,True,False,False,train_warmup_fit
20210318,0.0,-0.11494360088794271,-0.036542011377773964,-0.05833333333333335,0.0,0.0,2.0,good,0.12205540472952757,0.3003610599875697,0.5775835352829027,0.0061555813837571,1,True,False,False,train_warmup_fit
20210319,0.0,-0.09058872655224956,-0.026155709582136165,-0.024999999999999967,0.0,0.0,2.0,good,0.15368291501189912,0.3040042730017618,0.5423128119863391,0.0124750583432406,2,True,False,False,train_warmup_fit
20210322,0.0,-0.07866293340293715,-0.02854135044699763,0.024999999999999967,0.0,0.0,2.0,good,0.17620021645282197,0.24283422571329563,0.5809655578338824,-5.823328193493571e-05,1,True,False,False,train_warmup_fit
20210323,0.0,-0.06254654022364077,-0.028511228494499496,0.033333333333333326,0.0,0.0,2.0,good,0.29130085635741565,0.31584521451974623,0.39285392912283823,-0.0041460504224478,1,True,False,False,train_warmup_fit
20210324,3.757444253744712e-06,-0.06265925347392638,-0.023346796113481946,0.016666666666666607,0.0,3.757444253744712e-06,0.0,bad,0.34713762169012763,0.33464253241895,0.3182198458909224,0.0039549508751585,1,True,False,False,train_warmup_fit
20210325,0.0,-0.05131837353554296,-0.0194181639862374,0.016666666666666607,0.0,0.0,2.0,good,0.2853664574673441,0.2589801765705373,0.4556533659621186,0.0130614358114761,2,True,False,False,train_warmup_fit
20210326,0.0,-0.04221767146892379,-0.014640381385860175,0.024999999999999967,0.0,0.0,2.0,good,0.1922445884198571,0.2710669228608503,0.5366884887192926,0.0210748838593453,2,True,False,False,train_warmup_fit
20210329,0.0001388714106192603,-0.029594969225781326,0.00025329357704110666,0.02499999999999991,0.0,0.0001388714106192603,2.0,good,0.1593708995443548,0.3828965336295828,0.45773256682606234,0.0017414622634034,1,True,False,False,train_warmup_fit
20210330,5.111541379986161e-05,-0.04039279574641572,-0.0032683945448128324,-0.01666666666666672,0.0,5.111541379986161e-05,1.0,neutral,0.1955480454755471,0.4850828672403616,0.31936908728409125,0.0016314709152805,1,True,False,False,train_warmup_fit
20210331,0.00011452471184996648,-0.03457479841609747,0.003826784149461674,-0.025000000000000133,0.0,0.00011452471184996648,2.0,good,0.2405756627826824,0.3470444660373434,0.41237987117997427,0.0187761540106504,2,True,False,False,train_warmup_fit
20210401,6.178098013075517e-05,-0.027434984564907124,0.007777460639743439,-0.025000000000000022,0.0,6.178098013075517e-05,1.0,neutral,0.16421995309064477,0.444549753416594,0.3912302934927612,0.0081879721754947,1,True,False,False,train_warmup_fit
20210402,0.0001378581372050873,-0.001507142945507356,0.01649442942873186,-0.025000000000000133,0.0,0.0001378581372050873,1.0,neutral,0.21386774936378156,0.41608890501955115,0.37004334561666713,-0.0017412378772548,1,True,False,False,train_warmup_fit
20210406,0.0022498430411285165,0.004845367471198495,0.027589485824131527,-0.04166666666666674,0.00205928117525936,0.00015135047342542242,2.0,good,0.21906763263831447,0.32720992340924226,0.4537224439524434,0.0174812134323553,2,True,False,False,train_warmup_fit
20210407,0.0073368785731411194,0.01777646675191563,0.01835854554879664,-0.06666666666666665,0.007110586700766253,0.00010667882024613071,2.0,good,0.18822777514904793,0.2600303950594766,0.5517418297914755,0.0105901942680809,2,True,False,False,train_warmup_fit
20210408,0.009532305381174788,0.024317627528685416,0.013671850714019662,-0.06666666666666665,0.009321757219329412,5.082141669377064e-05,2.0,good,0.24368805865758292,0.3462313978632181,0.41008054347919887,0.0137960805747744,2,True,False,False,train_warmup_fit
20210409,0.004602085366356093,0.011952013551701737,0.015763954596966848,-0.09166666666666679,0.00448200508188815,4.3195779041704724e-05,2.0,good,0.28290652267330885,0.34511125841043794,0.3719822189162532,-0.0080866197571349,0,True,False,False,train_warmup_fit
20210412,0.0,-0.003856195055479535,0.006312784863437505,-0.09166666666666667,0.0,0.0,0.0,bad,0.5012224094969284,0.3916936287378866,0.10708396176518493,-0.0010314639733536,1,True,False,False,train_warmup_fit
20210413,0.0,-0.00799060862987344,0.003216382836123891,-0.08333333333333331,0.0,0.0,1.0,neutral,0.40671100863481,0.46342929491967844,0.1298596964455115,0.0011845806117102,1,True,False,False,train_warmup_fit
20210414,0.011005795873738781,0.024205174225346314,0.00908794604692296,-0.06666666666666654,0.010892328401405842,0.0,0.0,bad,0.4490518329400036,0.38927515315483,0.1616730139051664,0.0041058517696741,1,True,False,False,train_warmup_fit
20210415,0.015579142703843769,0.034162529862747135,0.015813916453328986,-0.04999999999999993,0.015373138438236213,3.450793330969044e-05,1.0,neutral,0.40308123263109435,0.4098462855886498,0.18707248178025604,0.0049278381094194,1,True,False,False,train_warmup_fit
20210416,0.015614386209050977,0.031396751485818886,0.016150199414752375,-0.041666666666666796,0.015436736147194282,1.8504210432695474e-05,1.0,neutral,0.3433629434880266,0.48799135645940395,0.16864570005256954,-5.732575876679913e-05,1,True,False,False,train_warmup_fit
20210419,0.00919301784545241,0.018432375320900286,0.008456214320529176,-0.07500000000000007,0.009062584532775973,4.182815737828616e-05,0.0,bad,0.45169751365447297,0.4183660121070632,0.12993647423846394,-0.0016310014044869,1,True,False,False,train_warmup_fit
20210420,0.019431415666934748,0.04268678230816743,0.02144385366840843,-0.07500000000000001,0.018853328852773948,0.000353297440560327,1.0,neutral,0.33620749524296545,0.37291168300292304,0.2908808217541117,0.0001429475747696,1,True,False,False,train_warmup_fit
20210421,0.020451274872092667,0.042476877656792686,0.016447729267796956,-0.09166666666666667,0.020176516886976525,3.5484881548425425e-05,1.0,neutral,0.40337861945790443,0.44018551487060986,0.15643586567148565,-0.0003918484904232,1,True,False,False,train_warmup_fit
20210422,0.01987092035524232,0.044327750492478175,0.017042611304190863,-0.09166666666666662,0.019578089800844533,3.680377698952095e-05,1.0,neutral,0.35371786158904933,0.4960900285373393,0.1501921098736115,0.0005710210907674,1,True,False,False,train_warmup_fit
20210423,0.021047434235430384,0.051666479897095836,0.02191338032970499,-0.08333333333333337,0.02066659195883833,6.840237516770067e-05,1.0,neutral,0.4169385859121891,0.42019295604908596,0.1628684580387249,0.0043878292457867,1,True,False,False,train_warmup_fit
20210426,0.026492225276356484,0.06433342742449802,0.0335348187485052,-0.06666666666666676,0.0257333709697992,0.00035792936556808947,0.0,bad,0.4159462359923199,0.33644416802062177,0.2476095959870583,-0.0097689891322648,0,True,False,False,train_warmup_fit
20210427,0.02225639878828946,0.04865557736876776,0.03169743038118379,-0.04999999999999993,0.021895009815945495,8.646061903490711e-05,1.0,neutral,0.4068216823022812,0.44642788624139246,0.14675043145632632,0.0004319628246348,1,True,False,False,train_oof
20210428,0.028099248535567264,0.05926947312500963,0.03295820179144563,0.0,0.02765908745833783,0.00011179312624389476,1.0,neutral,0.28827234220709674,0.5533793375354092,0.15834832025749399,0.0035322854717969,1,True,False,False,train_oof
20210429,0.031316042405461944,0.06683507501457145,0.042407790163228334,0.008333333333333415,0.030632742715011915,0.0002953944410836102,0.0,bad,0.49089388894370933,0.25765444784163405,0.2514516632146565,-0.0038188715929785,1,True,False,False,train_oof
20210430,0.027629254849866766,0.0638879387698168,0.03837381428472915,0.008333333333333415,0.027152373977172142,0.00010509048092364838,1.0,neutral,0.32328049293188027,0.521794347135808,0.15492515993231168,0.0150998560034294,2,True,False,False,train_oof
20210506,0.03309781874477771,0.06832757520601201,0.04862019669186799,0.04166666666666674,0.03245559822285571,0.00025050885662696845,1.0,neutral,0.222660888964288,0.47775198383641215,0.29958712719929986,0.0067752485980097,1,True,False,False,train_oof
20210507,0.020822912595262852,0.040190228498145505,0.030536387731502784,0.025000000000000022,0.020430032819890632,0.00014805092511341146,2.0,good,0.3217355206414125,0.336551559882528,0.3417129194760596,0.0102929024056596,2,True,False,False,train_oof
20210510,0.012624639536605614,0.023322994273609066,0.0048038248984598,0.0500000000000001,0.012438930279258171,0.0,2.0,good,0.2943335701917676,0.29529099715942014,0.4103754326488124,0.0047024386336638,1,True,False,False,train_oof
20210511,0.015042653303262482,0.028231036918564677,0.004587357930691298,0.05833333333333329,0.014821294382246452,0.0,2.0,good,0.24794922150910817,0.3517237000157024,0.40032707847518945,0.0042434415090726,1,True,False,False,train_oof
20210512,0.012092800395076903,0.02305877626162502,0.0012561041749278488,0.033333333333333326,0.011913701068506258,0.0,2.0,good,0.25794770146317986,0.35499278291387976,0.38705951562294033,0.0052263132793726,1,True,False,False,train_oof
20210513,0.017633110128321344,0.03719439257748384,0.003366085930224046,0.03333333333333344,0.01735738320282579,0.0,2.0,good,0.3027293579892773,0.2919843492319538,0.4052862927787688,0.0150381726682065,2,True,False,False,train_oof
20210514,0.022691165403949238,0.0478695516998255,0.007496668501602077,0.050000000000000044,0.022339124126585234,0.0,2.0,good,0.27792522567525596,0.31815902704770205,0.40391574727704194,-0.0013926638680867,1,True,False,False,train_oof
20210517,0.024116840340553808,0.05430158563626068,0.017566789547840245,0.033333333333333215,0.02353068710904629,0.00016845398957489292,0.0,bad,0.39522151108569964,0.3508683756283926,0.2539101132859077,0.0150370102657205,2,True,False,False,train_oof
20210518,0.028824293866606253,0.0631645663025138,0.03182133717233123,0.04166666666666663,0.027897683450276926,0.0004147745609571011,2.0,good,0.32841124475601785,0.31807353359832935,0.35351522164565274,0.0103064668332204,2,True,False,False,train_oof
20210519,0.02091127371362429,0.050840705441349186,0.019300585384242026,-0.016666666666666607,0.020336282176539676,0.00015488666478266402,1.0,neutral,0.3271227276726618,0.3645367613411766,0.3083405109861616,0.0179404007533527,2,True,False,False,train_oof
20210520,0.02805646415700178,0.06563894953613128,0.023276614397686468,0.033333333333333326,0.027349562306721364,0.0001630893579379045,1.0,neutral,0.23497157204019437,0.4132898421221725,0.351738585837633,0.0130516756577985,2,True,False,False,train_oof
20210521,0.024703036759125073,0.0546143473607362,0.026338511195211314,0.05833333333333335,0.02412133675099182,0.00014815456261576214,2.0,good,0.1809403022327853,0.3744900324177674,0.44456966534944714,0.0182211172006559,2,True,False,False,train_oof
20210524,0.024060138965234953,0.051480934176653566,0.01806146879836808,0.07499999999999996,0.023595428164299548,4.9955629677740313e-05,2.0,good,0.14547995528494576,0.4222978032288809,0.4322222414861735,0.0093292873760054,2,True,False,False,train_oof
20210525,0.02354520941600612,0.052355710820503235,0.019034532607712706,0.07499999999999996,0.023123772279055595,1.9046433828296863e-06,1.0,neutral,0.3344327839978928,0.3457862204042179,0.31978099559788936,0.0084394419605226,1,True,False,False,train_oof
20210526,0.025361683009411915,0.05710140754936229,0.027720652737803407,0.06666666666666665,0.024743943271390328,0.00015923335742186305,2.0,good,0.3166307785282261,0.257557726272036,0.42581149519973793,0.0067594227722477,1,True,False,False,train_oof
20210527,0.015043191235875705,0.03337954447076426,0.017780199613662357,0.025000000000000133,0.014742632141254217,3.4251701976491314e-05,2.0,good,0.26196488886723424,0.28556051631456925,0.4524745948181966,0.0260154015626997,2,True,False,False,train_oof
20210528,0.01582814435327087,0.039475420465640634,0.022392975467132557,0.008333333333333304,0.01546120634904258,4.291800682804853e-05,2.0,good,0.20647022199164877,0.3881997638967403,0.40533001411161085,0.0133598462456687,2,True,False,False,train_oof
20210531,0.016459226003869794,0.03857035631891178,0.023789381853417054,0.033333333333333326,0.016070981799546573,7.172613554081303e-05,2.0,good,0.15383477644677726,0.32865956225304543,0.5175056613001774,0.0097114309643581,2,True,False,False,train_oof
20210601,0.020399528548070516,0.04701385577990873,0.042570038913329035,0.033333333333333326,0.01958910657496197,0.0003975398820214069,2.0,good,0.33312800252880276,0.2600005595386384,0.4068714379325588,0.0030057412359197,1,True,False,False,train_oof
20210602,0.018072902596829792,0.04393487364445784,0.03641109067928016,0.0,0.017573949457783136,0.00011048527511057783,2.0,good,0.265819234350517,0.2968722405855936,0.4373085250638894,-0.0018918658333461,1,True,False,False,train_oof
20210603,0.008228272310284866,0.019906402805158055,0.02523556462170503,-0.033333333333333326,0.007962561122063222,8.434963156611928e-05,1.0,neutral,0.2630558582891363,0.39705318790413574,0.339890953806728,-0.0081527054999863,0,True,False,False,train_oof
20210604,0.010784774371626506,0.02584618636878811,0.014115296096805764,-0.025000000000000022,0.010553859433921812,4.782091372836056e-06,0.0,bad,0.5977277942956368,0.30225103407119364,0.10002117163316944,0.0183246617056114,2,True,False,False,train_oof
20210607,0.021987877326524127,0.06015168638221083,0.018296649572293523,-0.02499999999999991,0.021554354286958885,1.80953498619254e-05,1.0,neutral,0.24078563029773123,0.41980892645196405,0.33940544325030486,0.001995914216904,1,True,False,False,train_oof
20210608,0.017253448014171967,0.04948319722580252,0.007044141535745875,-0.05833333333333335,0.016906759052149195,0.0,0.0,bad,0.4938372560002723,0.2329543535412514,0.2732083904584764,-0.0063883152572188,0,True,False,False,train_oof
20210609,0.019937134146126502,0.051083798998061376,0.004303140982003351,-0.033333333333333215,0.019582122949256865,0.0,0.0,bad,0.48336587735971165,0.4315827723849653,0.08505135025532315,0.0060908775273808,1,True,False,False,train_oof
20210610,0.018622052365778387,0.04671245251113409,0.0023261730412977855,-0.05833333333333335,0.018295710566860853,0.0,0.0,bad,0.4608741845935563,0.35761376678970624,0.18151204861673736,-0.0050111776337296,0,True,False,False,train_oof
20210611,0.01992703543993384,0.05671175791539859,0.014800445599959595,-0.07499999999999996,0.019376517287761186,0.00011063707215005304,0.0,bad,0.5433136599810017,0.2611739955013791,0.19551234451761923,-0.0093952658531806,0,True,False,False,train_oof
20210615,0.020310027873332775,0.05071252510072273,0.02036312367300811,-0.04166666666666663,0.019862405664449738,8.615366662240016e-05,0.0,bad,0.704840157794596,0.1945525519063524,0.10060729029905167,-0.0035400953735052,1,True,False,False,train_oof
20210616,0.015499915773457102,0.03489809043821564,0.02103868158341493,-0.03333333333333344,0.015122505856560105,0.00014921650696595704,0.0,bad,0.46374443700258344,0.3204402990575113,0.2158152639399053,0.0083032783162468,1,True,False,False,train_oof
20210617,0.01135016995486571,0.023379369323407728,-0.00048618224822394307,0.008333333333333415,0.011105200428618673,5.738903565135175e-05,1.0,neutral,0.3702201113752582,0.42764460698789064,0.2021352816368512,0.0155013348126167,2,True,False,False,train_oof
20210618,0.016565705802874274,0.03485846501534319,0.01521737227369933,-0.008333333333333304,0.01597679646536563,0.00028048884157948,2.0,good,0.30850919226301887,0.3370077010176254,0.3544831067193557,0.0080523584530683,1,True,False,False,train_oof
20210621,0.017677812005033558,0.03900682128365826,0.02276423036591426,-0.025000000000000022,0.01722801273361573,9.838645224800088e-05,1.0,neutral,0.23703642378059755,0.4786178110972817,0.2843457651221207,0.0078118065015128,1,True,False,False,train_oof
20210622,0.02096038997957075,0.05208995699509334,0.026604424619952712,-0.02499999999999991,0.020401899823078228,9.719430692144371e-05,1.0,neutral,0.3504240508552364,0.3512949288598029,0.29828102028496073,0.0086077200536617,1,True,False,False,train_oof
20210623,0.017939312255709265,0.04471859980903762,0.021167086097683623,-0.04166666666666663,0.017514784925206403,2.7579813843323504e-05,2.0,good,0.3296729540195832,0.21179302146659265,0.45853402451382413,3.677843665456926e-05,1,True,False,False,train_oof
20210624,0.014614566742944757,0.0360736334866234,0.0227535704590469,-0.04166666666666663,0.014128839782260835,0.0001676689089597127,1.0,neutral,0.2394397662640286,0.38947200256039743,0.37108823117557405,0.0013674948176617,1,True,False,False,train_oof
20210625,0.013338501296114205,0.03253514429359694,0.009849461877723916,-0.033333333333333326,0.013014057717438778,3.173459344875286e-05,2.0,good,0.33112973755581226,0.21730966846887462,0.45156059397531323,0.0079325099646452,1,True,False,False,train_oof
20210628,0.01575180645479775,0.03838157293774851,0.02018682803668888,-0.033333333333333326,0.015352629175099403,4.842058766205451e-05,2.0,good,0.28956435633690925,0.28995451211187323,0.4204811315512176,0.0008011849004517,1,True,False,False,train_oof
20210629,0.018135265418113663,0.04902116370325752,0.031173101500715984,-0.05833333333333335,0.017565916993667274,0.00010805981800047447,2.0,good,0.26604467279688937,0.3087405579096135,0.42521476929349705,-0.0056217355150686,0,True,False,False,train_oof
20210630,0.014589434186657587,0.03477992531434848,0.036588509886943364,-0.05833333333333335,0.014201802836692297,9.834044124231505e-05,1.0,neutral,0.2787801483976287,0.5267453414993968,0.1944745101029745,-0.0094930744313342,0,True,False,False,train_oof
20210701,0.02159741725364274,0.05125963776995132,0.04674484955992486,-0.025000000000000022,0.020931018756063458,0.00022359835964177102,0.0,bad,0.6441816068282638,0.20719627976790872,0.14862211340382742,-0.0057523586911803,0,True,False,False,train_oof
20210702,0.027529336363233063,0.06555439016860276,0.04719016484228614,-0.025000000000000022,0.02676804265217946,0.0002406688863326823,1.0,neutral,0.2597957175783558,0.6151445972359996,0.1250596851856447,0.0229308504338595,2,True,False,False,train_oof
20210705,0.024483230808888243,0.05711754838115059,0.02663204261403094,-0.01666666666666672,0.023798978492146076,0.0001898875085150877,1.0,neutral,0.27973081091889074,0.3916103889400619,0.32865880014104737,0.0174201991861304,2,True,False,False,train_oof
20210706,0.023232952852884972,0.05446266701426541,0.028226915830836048,-0.01666666666666672,0.022692777922610586,6.916284459522479e-05,2.0,good,0.1434375143966037,0.4269127561673296,0.4296497294360667,0.0072208497897346,1,True,False,False,train_oof
20210707,0.020324263954661824,0.043446520162025784,0.006973011016462027,0.008333333333333415,0.01991298840759515,0.0,2.0,good,0.2350057953691241,0.345475538747022,0.4195186658838539,0.0083473029318708,1,True,False,False,train_oof
20210708,0.027350852226743796,0.06533994596906359,0.023642658305306055,0.008333333333333304,0.026680477937367632,0.0,0.0,bad,0.3879800380377969,0.25033204641905177,0.3616879155431514,-0.001047997022819,1,True,False,False,train_oof
20210709,0.03794300178866615,0.08381421826111744,0.03740598497614258,0.07499999999999984,0.03701794639866019,5.6410822712980895e-05,0.0,bad,0.5457432534624903,0.23832353858130614,0.21593320795620355,0.022493008215667,2,True,False,False,train_oof
20210712,0.026131991311851288,0.05462705244522462,0.02233037976525598,0.050000000000000044,0.025492624474438157,7.710467191728928e-05,2.0,good,0.23054587258276177,0.3697809693172915,0.39967315809994663,0.0036541660599822,1,True,False,False,train_oof
20210713,0.025723094592808735,0.059743772656534674,0.031832744016570234,0.016666666666666607,0.024893238606889447,0.00018729092296881393,0.0,bad,0.40761796755342383,0.3256829677421472,0.2666990647044289,-0.0022541336685066,1,True,False,False,train_oof
20210714,0.017050640537578494,0.04472893289190545,0.01731571749112774,-0.04999999999999993,0.016400608727032,0.00016277138469611885,2.0,good,0.2427660878436204,0.3700661125334228,0.3871677996229569,-0.0041849079646656,1,True,False,False,train_oof
20210715,0.02449855571698123,0.06507410244100886,0.011904963622404804,-0.04999999999999993,0.023860504228369918,1.5015545538545264e-05,1.0,neutral,0.3333087222805842,0.5586858011593232,0.10800547656009266,0.0078482906213633,1,True,False,False,train_oof
20210716,0.01989758947442163,0.05184398680410629,0.014861034552320757,-0.04166666666666652,0.019441495051539866,0.0,1.0,neutral,0.29603616528872456,0.35984867103346335,0.34411516367781203,-0.004156576479032,1,True,False,False,train_oof
20210719,0.0075691471228230495,0.01774469443357378,-0.008294180209540647,-0.050000000000000044,0.007393622680655741,0.0,0.0,bad,0.4641201256964269,0.35089222062940284,0.18498765367417025,-0.0095267965157264,0,True,False,False,train_oof
20210720,0.007384719220349112,0.015776016792092652,-0.005037947266412009,-0.02499999999999991,0.007230674363042466,0.0,0.0,bad,0.4941036382044178,0.3486163030049583,0.15728005879062407,0.0097369745228227,2,True,False,False,train_oof
20210721,0.009905027881351633,0.020788049002825288,-0.004226175459909276,0.0,0.009701089534651802,0.0,2.0,good,0.33462981751081855,0.30359588003213406,0.3617743024570474,0.0051939183118271,1,True,False,False,train_oof
20210722,0.01570046291894014,0.03285246942526783,0.008956340691283,0.0,0.01533115239845832,2.9882788866595314e-05,1.0,neutral,0.2803102361337492,0.4423907017137419,0.2772990621525089,0.0055379198178473,1,True,False,False,train_oof
20210723,0.018380389332767425,0.040684048968479734,0.0033026056774263166,-0.008333333333333304,0.017968788294411883,0.0,1.0,neutral,0.2537219836037765,0.4253665051872739,0.32091151120894956,-0.0012772757494738,1,True,False,False,train_oof
20210726,0.00949628370367237,0.018821337570579022,-0.0059435978971529866,-0.008333333333333304,0.009253824305534687,5.165215254039185e-05,1.0,neutral,0.3030634635246283,0.48158062066152235,0.21535591581384925,-0.016217723519293,0,True,False,False,train_oof
20210727,0.0017663350210457439,0.0032119977247941547,-0.008218112270486131,-0.01666666666666672,0.0017130654532235487,2.2376963398442667e-05,0.0,bad,0.6514070695711791,0.11730918681378676,0.23128374361503418,-0.0210840238275355,0,True,False,False,train_oof
20210728,0.0,-0.006809694475030693,-0.010541665082532993,-0.01666666666666672,0.0,0.0,0.0,bad,0.6669339484236338,0.13123011734893816,0.2018359342274279,0.0181880459617204,2,True,False,False,train_oof
20210729,0.0,-0.002259008693714669,0.005231979922466878,0.016666666666666607,0.0,0.0,2.0,good,0.3309322239081506,0.2865205245633321,0.38254725152851726,0.0170080294990038,2,True,False,False,train_oof
20210730,0.009913902425215481,0.017517852374207128,0.028683396335853727,0.016666666666666607,0.009342854599577132,0.00038128816431480615,2.0,good,0.26568968515422353,0.21503966010201148,0.519270654743765,0.0126421573414476,2,True,False,False,train_oof
20210802,0.016653193261568503,0.03134219277527367,0.02378617804000882,0.016666666666666607,0.01619346626722473,0.00014113449789525772,1.0,neutral,0.13718396615020798,0.440915984937198,0.4219000489125941,0.0060575745267212,1,True,False,False,train_oof
20210803,0.009787273542359495,0.018325340370097934,0.013999796803460638,0.016666666666666607,0.009468092524550598,0.00014747912522757308,2.0,good,0.17743405203494636,0.40418356406086514,0.4183823839041884,-0.000153304491601,1,True,False,False,train_oof
20210804,0.01858462579051892,0.03506787168793687,0.009738499592953068,0.016666666666666607,0.018118400372100715,0.0001565179340285432,2.0,good,0.28134988015640455,0.3580088277342645,0.36064129210933105,0.0105591722930814,2,True,False,False,train_oof
20210805,0.012231389399970096,0.023070779909375852,0.016565171881535688,0.016666666666666607,0.011919902953177523,0.00012472498429421636,2.0,good,0.31446344051581687,0.3121708376959578,0.3733657217882253,0.007487388190844,1,True,False,False,train_oof
20210806,0.002471676345431735,0.004638793387734635,0.01545327567502175,-0.025000000000000022,0.0024353665285606826,0.0,0.0,bad,0.4585590389405915,0.25885982731627927,0.2825811337431292,0.0068140312382178,1,True,False,False,train_oof
20210809,0.0029485402358767716,0.005448485286014142,0.00397287663664303,-0.01666666666666672,0.002905858819207542,0.0,0.0,bad,0.568713038800538,0.2439873418993839,0.18729961930007807,0.0088445002863314,1,True,False,False,train_oof
20210810,0.0,-0.024578538067594545,-0.013555903913123484,-0.06666666666666665,0.0,0.0,0.0,bad,0.47506270416501734,0.21450088349613616,0.31043641233884656,0.0215481695259815,2,True,False,False,train_oof
20210811,0.0,-0.014959386218997783,-0.014884195749801562,-0.01666666666666672,0.0,0.0,2.0,good,0.20318643816873855,0.307865140320151,0.4889484215111104,0.0084375168342639,1,True,False,False,train_oof
20210812,0.0,-0.02296810779004908,-0.023931304566939225,-0.05833333333333329,0.0,0.0,1.0,neutral,0.33261186968248113,0.3865792102019697,0.2808089201155492,-0.002909694021837,1,True,False,False,train_oof
20210813,0.0,-0.036093366667434366,-0.030623153473494168,-0.07500000000000001,0.0,0.0,0.0,bad,0.429745604346901,0.3157030930368578,0.2545513026162412,0.0005393563213022,1,True,False,False,train_oof
20210816,0.0,-0.025632235079187028,-0.039965198665811795,-0.07500000000000001,0.0,0.0,0.0,bad,0.44402992978722866,0.2898067311051397,0.2661633391076317,0.0037859645022809,1,True,False,False,train_oof
20210817,0.0,-0.03303993216915302,-0.04202643362421956,-0.10833333333333339,0.0,0.0,0.0,bad,0.40731139119992543,0.34373827098411636,0.24895033781595807,0.0027788882931076,1,True,False,False,train_oof
20210818,0.0,-0.03348062478753563,-0.03910313564689673,-0.1166666666666667,0.0,0.0,1.0,neutral,0.38160153492106424,0.40363634214465427,0.2147621229342815,-0.0035207377740065,1,True,False,False,train_oof
20210819,0.0,-0.04826828902253373,-0.03853536049191608,-0.13333333333333336,0.0,0.0,1.0,neutral,0.37619334195027154,0.5002049809532544,0.12360167709647403,0.0023976654862484,1,True,False,False,train_oof
20210820,0.0,-0.035283283935776316,-0.02686653127929317,-0.10000000000000009,0.0,0.0,0.0,bad,0.42394791202939375,0.4103021583108607,0.16574992965974553,0.0080139374763196,1,True,False,False,train_oof
20210823,0.0,-0.04159289350981525,-0.03881695085252557,-0.10000000000000009,0.0,0.0,1.0,neutral,0.41214326666379936,0.4240959395962035,0.16376079373999713,0.0129893961626041,2,True,False,False,train_oof
20210824,2.66043377484898e-05,-0.03197525590739558,-0.02866911900007705,-0.10000000000000003,0.0,2.66043377484898e-05,1.0,neutral,0.26755416240381213,0.42205816053785933,0.31038767705832854,0.0113424280352012,2,True,False,False,train_oof
20210825,1.1291851236750522e-05,-0.02805293185095988,-0.025617720842084933,-0.09999999999999992,0.0,1.1291851236750522e-05,1.0,neutral,0.17028608274543475,0.41704771339992885,0.41266620385463637,0.0132943604531439,2,True,False,False,train_oof
20210826,0.0,-0.0558544579556488,-0.03300511744008634,-0.14999999999999997,0.0,0.0,2.0,good,0.21889447297833975,0.3403322562903277,0.44077327073133266,0.0083753498063133,1,True,False,False,train_oof
20210827,0.0,-0.09010710234477985,-0.041571561938138955,-0.14999999999999986,0.0,0.0,1.0,neutral,0.25828618771228323,0.47623754308977073,0.26547626919794604,0.0143604775174421,2,True,False,False,train_oof
20210830,0.0,-0.09536784999043571,-0.045290334158884483,-0.19166666666666665,0.0,0.0,1.0,neutral,0.18650692839670427,0.42222991648626,0.3912631551170357,-0.0013930793182662,1,True,False,False,train_oof
20210831,0.0,-0.08569109238609286,-0.041442182673269025,-0.19166666666666665,0.0,0.0,0.0,bad,0.43700998124306123,0.28373384823650316,0.2792561705204357,-0.0010691021926448,1,True,False,False,train_oof
20210901,0.0,-0.1004011532938858,-0.05316493272327298,-0.21666666666666667,0.0,0.0,0.0,bad,0.4198604797593916,0.3904913253767656,0.1896481948638427,-0.0009310748908017,1,True,False,False,train_oof
20210902,0.0,-0.10796481360663486,-0.050704814178992155,-0.22499999999999998,0.0,0.0,1.0,neutral,0.2832411066628702,0.5332801985542258,0.18347869478290393,0.0058461051409514,1,True,False,False,train_oof
20210903,0.0,-0.12777087537640103,-0.06507538707872461,-0.2583333333333334,0.0,0.0,0.0,bad,0.4087072755183809,0.37221825902476,0.219074465456859,-0.0084662088037514,0,True,False,False,train_oof
20210906,0.0,-0.11829229143993832,-0.059963784706699656,-0.22500000000000003,0.0,0.0,1.0,neutral,0.39517989824178473,0.48987293944108534,0.1149471623171298,0.0121129616134099,2,True,False,False,train_oof
20210907,0.0,-0.08522082917348107,-0.038432220511825564,-0.17500000000000004,0.0,0.0,2.0,good,0.3449020885303327,0.264519101724387,0.3905788097452803,0.0108195235904421,2,True,False,False,train_oof
20210908,0.0,-0.09203716548833299,-0.04269017074560921,-0.19166666666666665,0.0,0.0,0.0,bad,0.4280550156226218,0.3619486364178152,0.20999634795956285,0.0019255838450992,1,True,False,False,train_oof
20210909,0.0,-0.0948785060648113,-0.05104707438532259,-0.17499999999999993,0.0,0.0,0.0,bad,0.42621860756279034,0.40981337041707716,0.1639680220201324,-0.0079038664140002,0,True,False,False,train_oof
20210910,0.0,-0.08986837007389756,-0.04985392270736229,-0.16666666666666674,0.0,0.0,0.0,bad,0.6454986480712311,0.26395463102653033,0.09054672090223848,-0.0034449666335204,1,True,False,False,train_oof
20210913,0.0,-0.07570474532085505,-0.04131103315972262,-0.15833333333333333,0.0,0.0,1.0,neutral,0.3399308032029545,0.5442262115984122,0.11584298519863317,0.0070744026949567,1,True,False,False,train_oof
20210914,0.0,-0.08860929347309246,-0.05393382507860382,-0.18333333333333335,0.0,0.0,0.0,bad,0.4294768789257855,0.28911639878776774,0.28140672228644675,0.0027923703244498,1,True,False,False,train_oof
20210915,0.0,-0.07141649604660161,-0.03086965903148372,-0.1333333333333333,0.0,0.0,0.0,bad,0.38683374022946304,0.3796089445463874,0.23355731522414958,0.0013725716917986,1,True,False,False,train_oof
20210916,0.0,-0.08175750052850059,-0.03900934721308354,-0.14999999999999997,0.0,0.0,1.0,neutral,0.3081344704350155,0.49216466151851707,0.1997008680464675,-0.0125509710518739,0,True,False,False,train_oof
20210917,0.0,-0.0936206591740041,-0.03803994818891876,-0.1583333333333335,0.0,0.0,1.0,neutral,0.3912300320964824,0.4804068281039337,0.12836313979958397,0.0179163490191293,2,True,False,False,train_oof
20210922,0.0,-0.06737084996907827,-0.022535735378865624,-0.15833333333333333,0.0,0.0,1.0,neutral,0.31252356423672856,0.37787654802921944,0.309599887734052,0.0165887246437791,2,True,False,False,train_oof
20210923,6.2019670430841e-05,-0.08134202968309127,-0.02414540825423541,-0.1666666666666668,0.0,6.2019670430841e-05,1.0,neutral,0.20467146466415762,0.45668410768920914,0.3386444276466332,-0.0138653748280382,0,True,False,False,train_oof
20210924,0.0,-0.08333974337196114,-0.020372335642623862,-0.1666666666666668,0.0,0.0,0.0,bad,0.5357029469218966,0.35632946337617927,0.10796758970192423,-0.0331366531731902,0,True,False,False,train_oof
20210927,0.00016378740634158374,-0.05862273397430854,-0.001533732323518537,-0.09999999999999992,0.0,0.00016378740634158374,1.0,neutral,0.350980231406944,0.40844462559829253,0.2405751429947634,-0.0043140396187133,1,True,False,False,train_oof
20210928,0.0005491165824246714,-0.02828781580615438,0.017430695408826948,-0.0666666666666666,0.0,0.0005491165824246714,1.0,neutral,0.25932280467581187,0.486881374451962,0.2537958208722261,-0.0070224659709545,0,True,False,False,train_oof
20210929,0.00010550738499479146,-0.027302540130515605,0.01133372405830128,-0.04999999999999999,0.0,0.00010550738499479146,1.0,neutral,0.1909386089223322,0.4905155224535253,0.31854586862414264,-0.0048055128905372,1,True,False,False,train_oof
20210930,0.00034265522549959256,-0.014278509598570611,0.024499378264225193,-0.04999999999999993,0.0,0.00034265522549959256,2.0,good,0.11274959382067946,0.24662770472946854,0.640622701449852,0.0178522055318696,2,True,False,False,train_oof
20211008,0.003224637166700158,0.005794525337690407,0.027871514768582274,-0.025000000000000078,0.002945550379992623,0.00025799587934159196,1.0,neutral,0.20348732571840616,0.4104805372680268,0.38603213701356703,-0.0084187608509624,0,True,False,False,train_oof
20211011,0.0015963537825311035,0.003165341649714215,0.02159744295933741,-0.058333333333333404,0.001503537283614252,8.146997459174882e-05,0.0,bad,0.39541597833102804,0.37063730285944174,0.23394671880953022,-0.000387559217228,1,True,False,False,train_oof
20211012,0.006028748639054413,0.01197005115539701,0.008457649577248132,-0.03333333333333349,0.005985025577698503,0.0,1.0,neutral,0.24527672154143496,0.5881915293687116,0.16653174908985346,-0.0113686560557288,0,True,False,False,train_oof
20211013,0.005416561732862307,0.010755822724736871,0.005475914872570781,-0.0500000000000001,0.005377911362368435,0.0,2.0,good,0.274816220482566,0.264991422955176,0.460192356562258,0.0067708270305562,1,True,False,False,train_oof
20211014,0.0016033745343642753,0.0031907412391842804,0.01649976338262384,-0.0500000000000001,0.0015953706195921398,0.0,1.0,neutral,0.30329376765539345,0.39671290042276913,0.29999333192183747,-0.002977292055134,1,True,False,False,train_oof
20211015,0.005939090788449728,0.011248409093526073,0.01593773829531179,-0.008333333333333415,0.005905414774101187,0.0,2.0,good,0.28230166304136345,0.3563383467902493,0.3613599901683873,0.0043523642909691,1,True,False,False,train_oof
20211018,0.02002016570876017,0.038950535785741223,0.028762594736964964,0.025000000000000022,0.01979985569108512,8.993267896189648e-05,1.0,neutral,0.2961557834393551,0.4828985583649067,0.2209456581957382,0.0127783795533506,2,True,False,False,train_oof
20211019,0.020159990501035244,0.03855136908724621,0.023045092123822074,0.033333333333333326,0.019918207361743875,0.00011294214650737378,1.0,neutral,0.12091825218492888,0.7042112229334104,0.17487052488166072,0.0018009991789681,1,True,False,False,train_oof
20211020,0.01631523465986338,0.031800708367781004,0.01944281395515977,0.025000000000000022,0.016165360086955342,5.5327265362787876e-05,1.0,neutral,0.19920649145338287,0.5627460031894329,0.23804750535718414,-0.00520291195295,0,True,False,False,train_oof
20211021,0.025731973930735657,0.04874589437648458,0.01653998551145734,0.05833333333333329,0.0255915945476544,2.6347640586341605e-05,1.0,neutral,0.16807208514956004,0.7451310148765881,0.08679689997385179,-0.005121605743922,0,True,False,False,train_oof
20211022,0.015051443203707776,0.028955300507023534,0.014665805459209444,0.016666666666666607,0.01496023859529549,2.778120003118688e-05,1.0,neutral,0.16069968160582426,0.7462397237926357,0.0930605946015399,-0.0012169815940437,1,True,False,False,train_oof
20211025,0.02476957926395258,0.046272817483744844,0.017544301556978358,0.08333333333333331,0.024678835991330587,0.0,1.0,neutral,0.2704806624771026,0.6120747204150195,0.1174446171078778,-0.0012162472548664,1,True,False,False,train_oof
20211026,0.027955439546635194,0.05759877306332454,0.01974035421585435,0.08333333333333326,0.027839406980606857,2.8314373988513285e-05,1.0,neutral,0.19886030774898306,0.6950952405197725,0.10604445173124445,0.001207628802898,1,True,False,False,train_oof
20211027,0.0214272113849284,0.04273165427304917,0.015886788279908394,0.06666666666666676,0.021365827136524584,1.4656882454437041e-05,1.0,neutral,0.26344635213150036,0.5951979692621903,0.14135567860630932,-0.0102522942669986,0,True,False,False,train_oof
20211028,0.02690573434993903,0.05109244493541605,0.016069002894375923,0.07500000000000001,0.026823533591093435,3.385565277505704e-05,1.0,neutral,0.4220623895454199,0.47875295991378425,0.09918465054079594,0.0081559874669389,1,True,False,False,train_oof
20211029,0.03296204041885025,0.05707521152701902,0.019495998677993433,0.07499999999999996,0.03281824662803593,9.614085680159743e-05,1.0,neutral,0.29658772176583886,0.4620393731567196,0.24137290507744155,0.016657629347731,2,True,False,False,train_oof
20211101,0.02861094783207664,0.05401778299152162,0.028957478010673686,0.025000000000000078,0.028359336070548857,0.00016462582096226603,1.0,neutral,0.12274692468992573,0.7474420555580357,0.1298110197520386,0.0030462833866685,1,True,False,False,train_oof
20211102,0.014617404021962297,0.02995381966207605,0.020925251215747398,-0.03333333333333338,0.014477679503336756,7.225725700898276e-05,1.0,neutral,0.1435412102416245,0.7425165341415012,0.11394225561687418,-0.0056125675470567,0,True,False,False,train_oof
20211103,0.02446212255296534,0.04765157302076922,0.02844627386250777,0.04166666666666663,0.024222882952224353,0.00014647270853621362,1.0,neutral,0.16234598624383587,0.7573842961143201,0.08026971764184403,0.019582029046296,2,True,False,False,train_oof
20211104,0.014557888095715914,0.029300376203618767,0.021400646315479832,0.02499999999999991,0.014406018300112558,6.055273730975235e-05,1.0,neutral,0.15497286025510001,0.6318404266699031,0.21318671307499687,0.0001339898020893,1,True,False,False,train_oof
20211105,0.011746429322932954,0.023702862063126592,0.01821943606248581,0.02499999999999991,0.011653907181037239,2.2025737514852225e-05,1.0,neutral,0.2142254764557003,0.6140827483489634,0.1716917751953363,-0.000454072750717,1,True,False,False,train_oof
20211108,0.018729520502393373,0.03492602499652357,0.0214367975856819,0.06666666666666671,0.018627213331479243,3.574508253608107e-06,1.0,neutral,0.15135245173861425,0.7401341746157274,0.1085133736456585,0.0105209880503818,2,True,False,False,train_oof
20211109,0.026257616402657967,0.053075463992227415,0.02352868701830583,0.07499999999999996,0.02609543646284514,4.101083697392553e-05,1.0,neutral,0.13749952931548973,0.7338160903788388,0.12868438030567156,-0.001392963213166,1,True,False,False,train_oof
20211110,0.02625208494394737,0.05913923195048543,0.022857148297383445,0.07499999999999996,0.026119827444797728,2.159380341342731e-05,1.0,neutral,0.16441881721211676,0.7600288719309495,0.07555231085693377,0.0001758369108506,1,True,False,False,train_oof
20211111,0.022604103677485665,0.047392098541794304,0.021393977981739774,0.05833333333333335,0.022511246807352295,3.0840496269087595e-05,1.0,neutral,0.25080259920523496,0.6401137303726845,0.1090836704220805,0.0088580528454873,1,True,False,False,train_oof
20211112,0.022335907588169713,0.04943710156046505,0.02060358660538314,0.03333333333333344,0.022246695702209274,2.9468607886593736e-05,1.0,neutral,0.24321566765649352,0.6079712737463328,0.14881305859717367,0.0057302498062606,1,True,False,False,train_oof
20211115,0.01187292592588987,0.026824502640323596,0.0124085660572541,-0.008333333333333304,0.011847488666142922,1.1526792605756562e-05,1.0,neutral,0.23165129769383624,0.6475127981860351,0.12083590412012847,-0.0071158195179045,0,True,False,False,train_oof
20211116,0.012233567595482248,0.026650816339795803,0.006999187178984198,-0.025000000000000022,0.012214957489073074,0.0,1.0,neutral,0.37856020063108203,0.5589297365989172,0.06251006277000079,-0.0018122636622052,1,True,False,False,train_oof
20211117,0.015023551920656774,0.029503526696485833,0.006560577582144381,-0.024999999999999967,0.014997626070713631,0.0,1.0,neutral,0.38450715152681264,0.5063266513717211,0.10916619710146634,0.0126427246370074,2,True,False,False,train_oof
20211118,0.014349731764789526,0.030164577973015395,0.005141176810048036,-0.02499999999999991,0.014328174537182315,0.0,1.0,neutral,0.1916392354792604,0.6388344585223859,0.16952630599835372,-0.0021651537811009,1,True,False,False,train_oof
20211119,0.011932000334551874,0.024636458210356024,-0.0017342011441494618,-0.03333333333333327,0.011907621468338746,0.0,1.0,neutral,0.2860806320150199,0.5761504643218908,0.1377689036630893,0.0087959193434522,1,True,False,False,train_oof
20211122,0.009039043745530455,0.02004052273235764,-0.002125802438336266,-0.06666666666666671,0.009018235229560937,0.0,1.0,neutral,0.38154349969677165,0.42991151258688903,0.1885449877163392,0.0125625432184915,2,True,False,False,train_oof
20211123,0.013150876712780863,0.028942005529320004,0.009973418708153305,-0.06666666666666671,0.013023902488194001,7.227518824161795e-05,1.0,neutral,0.26705096394733674,0.5030960324863164,0.22985300356634691,0.0018180694984746,1,True,False,False,train_oof
20211124,0.012802963933250713,0.028811578319439018,0.006701943941357109,-0.07500000000000001,0.012725113757752232,2.467945066931613e-05,1.0,neutral,0.3014154668475224,0.4348387549984506,0.2637457781540271,-0.0034470273168933,1,True,False,False,train_oof
20211125,0.009981027825829733,0.023345834820446942,0.0029555254193404865,-0.09166666666666673,0.009921979798689948,1.158584477241482e-05,0.0,bad,0.4038431114236777,0.36838383467692526,0.22777305389939692,-0.0032459994957615,1,True,False,False,train_oof
20211126,0.007401166109710762,0.01727650138118604,0.0029097554514265385,-0.09166666666666673,0.0073425130870040664,1.3881049047970517e-05,1.0,neutral,0.3381190121948327,0.5270085673596401,0.1348724204455272,-0.0018449013477897,1,True,False,False,train_oof
20211129,0.002035925623929034,0.004371978869391169,0.0023085600930295054,-0.10833333333333339,0.002003823648470952,2.4718167441092254e-05,1.0,neutral,0.3934972182745951,0.4844594523200598,0.1220433294053451,0.0016200195885597,1,True,False,False,train_oof
20211130,0.008151773992753663,0.017696544048136753,0.007946496515531327,-0.07500000000000012,0.008110916022062677,1.063652304741011e-05,1.0,neutral,0.3101616099432811,0.6183487082610131,0.07148968179570585,0.0058502295695969,1,True,False,False,train_oof
20211201,0.0014112851308532048,0.0033652204600976426,0.0039045212267846026,-0.15000000000000002,0.001402175191707351,1.8414294925575595e-06,1.0,neutral,0.23192007610943866,0.6727339515751757,0.09534597231538573,0.0332027856026847,2,True,False,False,train_oof
20211202,0.0,-0.0013182696122631121,-0.006157391743477755,-0.16666666666666663,0.0,0.0,1.0,neutral,0.12309090598431677,0.5272068687627776,0.34970222525290556,-0.00274807002672,1,True,False,False,train_oof
20211203,0.00022143743752428064,0.0004891330071066236,-0.0066140345415804935,-0.14999999999999997,0.00022010985319798057,0.0,1.0,neutral,0.2841396801307143,0.4902363786616237,0.2256239412076622,-0.0034437445296409,1,True,False,False,train_oof
20211206,0.0,-0.007726361411632687,-0.009098258927162834,-0.14999999999999997,0.0,0.0,1.0,neutral,0.40728144474406347,0.41158744407667963,0.18113111117925698,0.0071664128163084,1,True,False,False,train_oof
20211207,0.0,-0.02607654718706348,-0.02132230400798333,-0.14999999999999997,0.0,0.0,1.0,neutral,0.232559899471102,0.4723683625795911,0.29507173794930686,0.0011626014236917,1,True,False,False,train_oof
20211208,0.0,-0.03282850772962355,-0.024900225926748638,-0.15833333333333338,0.0,0.0,1.0,neutral,0.17407623444282394,0.5579063651498948,0.2680174004072813,0.0155814299132349,2,True,False,False,train_oof
20211209,0.0,-0.0341728354754273,-0.02347198253405695,-0.14166666666666655,0.0,0.0,2.0,good,0.18887123307091055,0.38766167972462945,0.42346708720445997,0.0144939229654656,2,True,False,False,train_oof
20211210,0.0,-0.03160634763675778,-0.018232141167981514,-0.14166666666666655,0.0,0.0,2.0,good,0.17867412513849082,0.28390390147382005,0.5374219733876892,0.0248962548541152,2,True,False,False,train_oof
20211213,0.0,-0.023008853894310437,-0.015348661311055981,-0.07499999999999996,0.0,0.0,2.0,good,0.16762599928207086,0.28571604008056245,0.5466579606373667,0.0084421183794566,1,True,False,False,train_oof
20211214,7.298354575056155e-06,-0.0158180343826891,-0.011325628848165794,-0.06666666666666671,0.0,7.298354575056155e-06,1.0,neutral,0.21995342016883007,0.4308635308757926,0.34918304895537733,0.0087443401230294,1,True,False,False,train_oof
20211215,2.9217501455871423e-05,-0.015827996768639403,-0.009379264089360998,-0.07500000000000001,0.0,2.9217501455871423e-05,1.0,neutral,0.17105130182362047,0.5565997007882718,0.27234899738810775,0.0062326481268241,1,True,False,False,train_oof
20211216,1.857485101728632e-05,-0.019922931330895177,-0.012590954227632196,-0.07499999999999996,0.0,1.857485101728632e-05,1.0,neutral,0.14509605372039028,0.6702620617248262,0.18464188455478364,0.0198300280560462,2,True,False,False,train_oof
20211217,5.2660328162973845e-06,-0.014425992656989593,-0.011955822246487096,-0.07500000000000001,0.0,5.2660328162973845e-06,1.0,neutral,0.15078481689914625,0.5599553565012731,0.28925982659958055,-0.0003571619715087,1,True,False,False,train_oof
20211220,0.0,-0.018728616669154447,-0.014951553892806892,-0.07499999999999996,0.0,0.0,1.0,neutral,0.2851045087806542,0.5167993280569825,0.19809616316236348,0.0169258034678026,2,True,False,False,train_oof
20211221,0.0,-0.043255015965277935,-0.025212054158227838,-0.07500000000000001,0.0,0.0,1.0,neutral,0.2685932250497297,0.402784548940126,0.3286222260101443,0.0065712943186244,1,True,False,False,train_oof
20211222,0.0,-0.046303606804128705,-0.027494554908107077,-0.050000000000000044,0.0,0.0,1.0,neutral,0.33623259960955665,0.40638021454165046,0.2573871858487928,0.0023564960668476,1,True,False,False,train_oof
20211223,0.0,-0.047305273758176405,-0.028471659382948305,-0.025000000000000078,0.0,0.0,1.0,neutral,0.25386650014087536,0.5835755880822614,0.16255791177686318,-0.0016181053485429,1,True,False,False,train_oof
20211224,0.0,-0.05032303054838938,-0.02807667085587399,-0.01666666666666672,0.0,0.0,1.0,neutral,0.30854614232409144,0.4676197786328893,0.22383407904301922,-0.0209375161366898,0,True,False,False,train_oof
20211227,0.0,-0.059392980890448886,-0.03475075812400132,0.0,0.0,0.0,0.0,bad,0.6080523750558091,0.2572972928382085,0.13465033210598243,-0.0061294615999541,0,True,False,False,train_oof
20211228,0.0,-0.06592081558811602,-0.0322148392382256,-0.008333333333333304,0.0,0.0,1.0,neutral,0.28713612615515766,0.4340656228111891,0.27879825103365324,-0.0038678415838573,1,True,False,False,train_oof
20211229,0.0,-0.05952589484379711,-0.02621434095194375,0.016666666666666607,0.0,0.0,1.0,neutral,0.22025963141413285,0.5501156240689286,0.22962474451693862,0.017796716772042,2,True,False,False,train_oof
20211230,0.0,-0.0560947200542958,-0.029763367479343196,0.04999999999999999,0.0,0.0,1.0,neutral,0.20252253546758842,0.6129595344306327,0.18451793010177892,0.0053116139515922,1,True,False,False,train_oof
20211231,0.0,-0.05225530563091878,-0.023245440732236,0.03333333333333344,0.0,0.0,1.0,neutral,0.3240329422630493,0.40609440221439297,0.2698726555225576,0.0105884361016478,2,True,False,False,train_oof
20220104,0.0,-0.05092688583487117,-0.02227777036204635,0.0,0.0,0.0,1.0,neutral,0.24821627698978121,0.49276855282753745,0.25901517018268133,0.0190416769315618,2,True,False,False,train_oof
20220105,0.0,-0.05982799559397982,-0.04135066176306842,-0.008333333333333304,0.0,0.0,2.0,good,0.20655986182273675,0.26006541467372746,0.5333747235035359,0.0008541641774423,1,True,False,False,train_oof
20220106,0.0,-0.06042337908534643,-0.044231324449872246,0.0,0.0,0.0,2.0,good,0.2350685309424358,0.34240487356300714,0.42252659549455707,-0.0016854000939055,1,True,False,False,train_oof
20220107,0.0,-0.0688099812951719,-0.05041032274470151,-0.024999999999999967,0.0,0.0,0.0,bad,0.4196936206059505,0.23200462738761288,0.3483017520064366,0.0166236913811648,2,True,False,False,train_oof
20220110,0.0,-0.07096410528463129,-0.046383672485546215,-0.024999999999999967,0.0,0.0,1.0,neutral,0.3035592090182184,0.3617275395896753,0.3347132513921064,0.006708577593396,1,True,False,False,train_oof
20220111,0.0,-0.07576622484638,-0.04603308924127386,-0.09166666666666662,0.0,0.0,1.0,neutral,0.28727168638361855,0.3993782372976448,0.3133500763187367,-0.0034168891291979,1,True,False,False,train_oof
20220112,0.0,-0.07949473583919575,-0.04384184424493172,-0.09166666666666679,0.0,0.0,1.0,neutral,0.26193142376473205,0.5188872557096939,0.21918132052557415,0.0030265788063171,1,True,False,False,train_oof
20220113,0.0,-0.07301114041688969,-0.03136256579199358,-0.08333333333333326,0.0,0.0,1.0,neutral,0.3587525834298763,0.41406132236075116,0.22718609420937255,-0.0061409556477019,0,True,False,False,train_oof
20220114,1.3981814691693712e-05,-0.06794115033059295,-0.0269369385721183,-0.08333333333333326,0.0,1.3981814691693712e-05,1.0,neutral,0.3938511956314598,0.4343489490754952,0.17179985529304503,0.0021878371559441,1,True,False,False,train_oof
20220117,0.00012850416704757736,-0.056328159934409025,-0.01208705074216759,-0.06666666666666654,0.0,0.00012850416704757736,1.0,neutral,0.327487384679415,0.40833332438562625,0.26417929093495873,0.0040610713387753,1,True,False,False,train_oof
20220118,0.00010673139095531834,-0.05024650573702591,-0.005646802734445622,-0.0666666666666666,0.0,0.00010673139095531834,1.0,neutral,0.17858054083924335,0.7169508322189684,0.10446862694178839,-0.0012265072584004,1,True,False,False,train_oof
20220119,0.00014927730273991453,-0.043408530717335025,-0.008296955620491134,-0.08333333333333343,0.0,0.00014927730273991453,1.0,neutral,0.29498789261926617,0.5688389791330924,0.13617312824764122,-0.012610697834329,0,True,False,False,train_oof
20220120,1.1372593342735271e-05,-0.047960718905268485,-0.015750167783991912,-0.08333333333333331,0.0,1.1372593342735271e-05,0.0,bad,0.583229950637455,0.3082272871819841,0.10854276218056101,0.0027162221276654,1,True,False,False,train_oof
20220121,3.4153760005052574e-05,-0.04211791618571451,-0.011138090450462563,-0.10000000000000003,0.0,3.4153760005052574e-05,1.0,neutral,0.3092447482723727,0.4371784619128636,0.2535767898147637,0.0031908377243221,1,True,False,False,train_oof
20220124,0.0,-0.0385018448689509,-0.007834425014828929,-0.10833333333333334,0.0,0.0,1.0,neutral,0.2264019157973092,0.442972811087452,0.33062527311523887,-0.010515567138541,0,True,False,False,train_oof
20220125,0.0,-0.023398232174644165,-0.00022909422419918266,-0.10833333333333334,0.0,0.0,1.0,neutral,0.2839295236970815,0.41632433844918576,0.2997461378537328,-0.0177416635089687,0,True,False,False,train_oof
20220126,3.208244571721608e-05,-0.016362405950203718,0.006512925246784748,-0.10833333333333328,0.0,3.208244571721608e-05,2.0,good,0.17858513903779286,0.35438802817555204,0.4670268327866551,-0.0311168009576618,0,True,False,False,train_oof
20220127,5.576423191222914e-05,-0.018900857382278258,0.008270632282737181,-0.125,0.0,5.576423191222914e-05,2.0,good,0.21407119261488033,0.30686501633601765,0.47906379104910196,-0.0011981021708427,1,True,False,False,train_oof
20220128,3.733075372119256e-05,-0.018395019742725227,0.00299457569994651,-0.125,0.0,3.733075372119256e-05,2.0,good,0.11765625317772878,0.23275653964696094,0.6495872071753104,0.0017752409701303,1,True,False,False,train_oof
20220207,3.806006958033894e-05,-0.020909011301826153,0.005358097206521896,-0.10833333333333339,0.0,3.806006958033894e-05,2.0,good,0.14553213781837906,0.2683495396519766,0.5861183225296444,0.0232904127577406,2,True,False,False,train_oof
20220208,0.0,-0.02852653544361082,-0.0024067436570651135,-0.07500000000000012,0.0,0.0,2.0,good,0.06723074754283126,0.33020622578176884,0.6025630266754,0.0134058915680876,2,True,False,False,train_oof
20220209,0.0,-0.030398566918564934,-0.02424540515021182,-0.09166666666666673,0.0,0.0,2.0,good,0.15257349388426236,0.3815290093464138,0.46589749676932385,0.0237873020862063,2,True,False,False,train_oof
20220210,0.0,-0.02829828025844182,-0.026701143749979114,-0.09166666666666662,0.0,0.0,1.0,neutral,0.2068634917876294,0.5507755325126287,0.24236097569974194,-0.0056019354246966,0,True,False,False,train_oof
20220211,0.0,-0.035059699640481806,-0.04151277384056082,-0.07499999999999984,0.0,0.0,2.0,good,0.24040838980387738,0.30791499019612056,0.4516766200000021,-0.0036751030817312,1,True,False,False,train_oof
20220214,0.0,-0.04377037262634473,-0.048042494781360724,-0.07499999999999984,0.0,0.0,1.0,neutral,0.24327395285235895,0.45866021436455573,0.2980658327830852,0.003561335354066,1,True,False,False,train_oof
20220215,0.0,-0.038660696806628994,-0.0444218590077526,-0.0500000000000001,0.0,0.0,1.0,neutral,0.21890011926889794,0.5366422229054747,0.24445765782562745,0.0114958151379123,2,True,False,False,train_oof
20220216,0.0,-0.022287329996196023,-0.028502252974932692,-0.04999999999999999,0.0,0.0,2.0,good,0.16108260896781187,0.3326107537052312,0.506306637326957,0.0052249473177836,1,True,False,False,train_oof
20220217,0.0,-0.035589668704015504,-0.03164596843295614,-0.06666666666666665,0.0,0.0,1.0,neutral,0.21801034186986196,0.41458722095284317,0.3674024371772948,0.0058694122606448,1,True,False,False,train_oof
20220218,3.489151085437581e-05,-0.031919085552907143,-0.02513942482662155,-0.058333333333333404,0.0,3.489151085437581e-05,1.0,neutral,0.1303918960475879,0.5783168690969035,0.29129123485550873,0.0297715469326644,2,True,False,False,train_oof
20220221,5.62572605060326e-05,-0.05181373678140314,-0.031348372153729376,-0.11666666666666664,0.0,5.62572605060326e-05,2.0,good,0.08498319212595598,0.4183346657495441,0.49668214212450007,-0.0030945295744595,1,True,False,False,train_oof
20220222,0.0,-0.0673320474628652,-0.04140447378660287,-0.15833333333333333,0.0,0.0,2.0,good,0.30134202522801695,0.2675338379737212,0.4311241367982617,-0.0013979004992255,1,True,False,False,train_oof
20220223,0.0,-0.06350824967388319,-0.03919098770298102,-0.14166666666666666,0.0,0.0,1.0,neutral,0.2096038435049983,0.44656735143435683,0.34382880506064484,-0.0010913243284959,1,True,False,False,train_oof
20220224,0.0,-0.04301559560943674,-0.023927890242097516,-0.14166666666666666,0.0,0.0,1.0,neutral,0.36535908768035685,0.3829426041348119,0.25169830818483124,0.0120208517553747,2,True,False,False,train_oof
20220225,0.0,-0.04295699898489896,-0.019205729958640526,-0.13333333333333336,0.0,0.0,2.0,good,0.233424371229826,0.2520459213583344,0.5145297074118396,-0.0062615951527589,0,True,False,False,train_oof
20220228,0.00012559494442423405,-0.03116217142761161,-0.003043754179428722,-0.13333333333333325,0.0,0.00012559494442423405,1.0,neutral,0.397185596029189,0.4523228603889733,0.15049154358183778,0.0061475146680687,1,True,False,False,train_oof
20220301,8.66804251872408e-05,-0.03377487643837586,0.002782426846397292,-0.13333333333333325,0.0,8.66804251872408e-05,1.0,neutral,0.2421084190204843,0.47627310365906017,0.2816184773204557,0.0020751908378191,1,True,False,False,train_oof
20220302,0.00013808757399917779,-0.04608643541339861,-2.780124155106825e-05,-0.1416666666666666,0.0,0.00013808757399917779,1.0,neutral,0.23084284450750628,0.5491036524960302,0.22005350299646345,0.0130864281954464,2,True,False,False,train_oof
20220303,3.565032274669061e-05,-0.05664801190288347,-0.008016730172832536,-0.13333333333333336,0.0,3.565032274669061e-05,2.0,good,0.26189432778731037,0.3125995107192996,0.42550616149339016,-0.0058135694151857,0,True,False,False,train_oof
20220304,0.0,-0.05919863326626197,-0.012882719308567603,-0.13333333333333336,0.0,0.0,1.0,neutral,0.27231821091782427,0.49621182533763003,0.23146996374454573,-0.0119282081927896,0,True,False,False,train_oof
20220307,0.0,-0.06198254805203725,-0.011984211348973872,-0.15000000000000008,0.0,0.0,1.0,neutral,0.29357725772493626,0.6289231106640456,0.077499631611018,-0.0192731992713938,0,True,False,False,train_oof
20220308,0.0,-0.06267778669377908,-0.02120709967267416,-0.15000000000000002,0.0,0.0,1.0,neutral,0.3933808208831099,0.43736717291671645,0.16925200620017372,-0.0019503764132427,1,True,False,False,train_oof
20220309,0.0,-0.03142418895640109,-0.011806260587700047,-0.12499999999999994,0.0,0.0,2.0,good,0.17347317163533268,0.33259324521781036,0.4939335831468571,0.012759495633357,2,True,False,False,train_oof
20220310,0.0,-0.021994854139464406,-0.005143981440279083,-0.125,0.0,0.0,1.0,neutral,0.11376607272382491,0.4817331343671171,0.4045007929090579,0.0078303746987608,1,True,False,False,train_oof
20220311,1.6208153991393318e-05,-0.0011312978432717058,-3.444394956683694e-07,-0.11666666666666664,0.0,1.6208153991393318e-05,1.0,neutral,0.1486477454701346,0.4905276476466635,0.36082460688320184,0.0061648533433916,1,True,False,False,train_oof
20220314,0.005630115374872626,0.011862682411610075,0.00302521366761771,-0.11666666666666664,0.005535918458751368,3.082466472053264e-05,1.0,neutral,0.1324971453382437,0.5595381786057583,0.307964676055998,-0.0033057961510461,1,True,False,False,train_oof
20220315,0.0018044435874882525,0.0036097491465493584,-0.003404278555019978,-0.10833333333333334,0.0017146308446109452,6.973601690490412e-05,1.0,neutral,0.15053585866738028,0.6416626443049409,0.2078014970276789,0.0166333257810962,2,True,False,False,train_oof
20220316,0.0052031503100975806,0.009183285802450897,0.017273348481657014,-0.10833333333333334,0.00482122504628672,0.0003627993169480168,2.0,good,0.19656230934913088,0.3814033874249316,0.4220343032259375,0.0185111546948291,2,True,False,False,train_oof
20220317,0.013539374191435348,0.02489751908169844,0.02790803831361143,-0.09166666666666673,0.013071197517891679,0.0003874124822147744,2.0,good,0.19652995370319465,0.34924535932519274,0.4542246869716126,0.0258780530997888,2,True,False,False,train_oof
20220318,0.013122698660038465,0.024824322211770798,0.0320894341147264,-0.10000000000000003,0.01282589980941491,0.0002152506875638096,1.0,neutral,0.16056710966894086,0.43226775454907485,0.4071651357819843,0.0243304806270054,2,True,False,False,train_oof
20220321,0.014935627072637785,0.028448105244495696,0.025651838443622912,-0.06666666666666665,0.014698187709656108,0.00014581349008763373,1.0,neutral,0.1421412700432944,0.4585006031638356,0.3993581267928699,0.0038493766318359,1,True,False,False,train_oof
20220322,0.020841396536477822,0.04049904138570669,0.02222613109619011,-0.025000000000000022,0.020587012704400897,0.00012724846390311758,1.0,neutral,0.11105490975275603,0.4707327013200787,0.4182123889271653,-0.0035379957388688,1,True,False,False,train_oof
20220323,0.015488794627274564,0.030775459311913368,0.008913174208503405,-0.03333333333333338,0.015387729655956684,0.0,2.0,good,0.1367659363260281,0.14851458439913293,0.714719479274839,-0.0209682185837767,0,True,False,False,train_oof
20220324,0.010458251214278397,0.02081315700295546,0.011761142856171896,-0.03333333333333338,0.01040657850147773,0.0,2.0,good,0.3401006713533007,0.13585246122377695,0.5240468674229224,0.0001207150775963,1,True,False,False,train_oof
20220325,0.011815701560437333,0.02351277517338756,0.01491198458889222,-0.03333333333333338,0.01175638758669378,0.0,2.0,good,0.23764881531517085,0.27768281486297297,0.4846683698218561,-0.0052785716282631,0,True,False,False,train_oof
20220328,0.0,-0.0018827438346317588,0.0031750963140090675,-0.033333333333333326,0.0,0.0,2.0,good,0.18677559230408186,0.19548426130212762,0.6177401463937905,-0.0007491191205394,1,True,False,False,train_oof
20220329,0.0,-0.015518924917660645,-0.006850677509591396,-0.04999999999999999,0.0,0.0,2.0,good,0.15611389191537806,0.20033793150066814,0.6435481765839537,0.0011585742212945,1,True,False,False,train_oof
20220330,0.0,-0.009725762300951374,-0.00511720921306676,-0.041666666666666685,0.0,0.0,2.0,good,0.11924806506550825,0.3511209248862995,0.5296310100481924,0.0064850634384265,1,True,False,False,train_oof
20220331,0.00810447083107272,0.013814793994442964,0.008512291329644761,-0.03333333333333338,0.008058629830091727,0.0,2.0,good,0.19901276586465003,0.22784019408035938,0.5731470400549905,0.0151469655762713,2,True,False,False,train_oof
20220401,0.009748141646696814,0.016617228082313765,0.0025850394282672653,-0.03333333333333338,0.009693383048016362,0.0,2.0,good,0.15121754327104597,0.3573499218596447,0.4914325348693093,0.0097782142847403,2,True,False,False,train_oof
20220406,0.008156357777970106,0.014973063410894681,-0.0029416120005133313,-0.04166666666666663,0.008110409347567953,0.0,2.0,good,0.1511285945063778,0.21816027613841552,0.6307111293552067,0.0017977819092703,1,True,False,False,train_oof
20220407,0.007381735620839114,0.013774833104873836,-0.01897522151416018,-0.050000000000000044,0.007346577655932711,0.0,2.0,good,0.1578899448657447,0.21835851625912875,0.6237515388751266,-0.015838410936715,0,True,False,False,train_oof
20220408,0.0016902568258467577,0.003150766600497977,-0.02151075731453474,-0.050000000000000044,0.0016804088535989207,0.0,1.0,neutral,0.2928545719421983,0.3905739127002374,0.3165715153575643,-0.0085394804527859,0,True,False,False,train_oof
20220411,0.0,-0.004283613496503157,-0.023017154453025233,-0.04999999999999999,0.0,0.0,2.0,good,0.24796903827036457,0.3609883220539059,0.3910426396757295,0.0058153664693083,1,True,False,False,train_oof
20220412,0.0,-0.017071818673474404,-0.02936203707770916,-0.050000000000000044,0.0,0.0,2.0,good,0.09261238574113874,0.40439868079401564,0.5029889334648456,-0.0069044782357297,0,True,False,False,train_oof
20220413,0.0,-0.017845563474258745,-0.026272221557017913,-0.050000000000000044,0.0,0.0,2.0,good,0.141060996451395,0.34135596234949694,0.5175830411991081,0.0003725837540893,1,True,False,False,train_oof
20220414,0.0,-0.020157856163463203,-0.033456127704852665,-0.050000000000000044,0.0,0.0,2.0,good,0.12971678421554722,0.33123015659784444,0.5390530591866084,-0.0185430476478287,0,True,False,False,train_oof
20220415,0.0,-0.05269727182597017,-0.03955975731061432,-0.08333333333333326,0.0,0.0,0.0,bad,0.4211170617103578,0.24988905914132944,0.3289938791483127,-0.017653571168112,0,True,False,False,train_oof
20220418,0.0,-0.055778596001962395,-0.03073197741420837,-0.08333333333333343,0.0,0.0,0.0,bad,0.38518028402475923,0.3195054691739596,0.29531424680128116,0.0107917199731836,2,True,False,False,train_oof
20220419,2.3754678666608378e-05,-0.049882542444072926,-0.01826839633625258,-0.07500000000000007,0.0,2.3754678666608378e-05,2.0,good,0.22605604771272075,0.3857679824635702,0.38817596982370906,0.0004713822985279,1,True,False,False,train_oof
20220420,0.0,-0.05776015335883998,-0.029059097636265147,-0.08333333333333331,0.0,0.0,1.0,neutral,0.2244102278381716,0.45468590101401685,0.3209038711478116,-0.0363152260686056,0,True,False,False,train_oof
20220421,0.0,-0.0691777299547359,-0.03999309928207183,-0.08333333333333337,0.0,0.0,2.0,good,0.3930585161048593,0.21098175315899564,0.39595973073614504,-0.0120601985389334,0,True,False,False,train_oof
20220422,0.0,-0.04694303094448178,-0.02543804806658502,-0.07499999999999996,0.0,0.0,2.0,good,0.27193620067247337,0.25392783280783804,0.4741359665196886,-0.0014885324508501,1,True,False,False,train_oof
20220425,0.0,-0.05280560685388566,-0.02600290854726868,-0.08333333333333331,0.0,0.0,2.0,good,0.10323075248723163,0.3206466720994493,0.5761225754133191,0.0432836785043687,2,True,False,False,train_oof
20220426,0.0,-0.048173266746219245,-0.016231763778041863,-0.08333333333333331,0.0,0.0,2.0,good,0.09839849741848085,0.43139336891514773,0.47020813366637154,0.0005730862575232,1,True,False,False,train_oof
20220427,7.152980419678967e-05,-0.03014694122712852,-0.005487664518882218,-0.08333333333333331,0.0,7.152980419678967e-05,1.0,neutral,0.1340718469315015,0.4348323187927172,0.4310958342757812,0.0119430495219151,2,True,False,False,train_oof
20220428,0.000371222284124397,-0.01180108367229385,0.005644284334490074,-0.06666666666666665,0.0,0.000371222284124397,2.0,good,0.14645160962007747,0.4199247235980001,0.4336236667819224,0.0139236829728573,2,True,False,False,train_oof
20220429,0.00012130247268655098,-0.022492767904907646,-0.003148761261218283,-0.08333333333333337,0.0,0.00012130247268655098,2.0,good,0.1540977680423964,0.35168145409937535,0.49422077785822816,0.032902605696933,2,True,False,False,train_oof
20220505,0.00017817115598829826,-0.029283459435916384,0.0050750846521618875,-0.08333333333333337,0.0,0.00017817115598829826,1.0,neutral,0.14978764962844157,0.4704349730032226,0.3797773773683358,-0.0058729643420812,0,True,False,False,train_oof
20220506,1.742438128557833e-05,-0.0398402161697108,-0.008544231138537087,-0.11666666666666659,0.0,1.742438128557833e-05,2.0,good,0.2467706875305744,0.2976207973583307,0.4556085151110948,0.0285342200087204,2,True,False,False,train_oof
20220509,0.0,-0.03411838741375221,-0.005850970256874054,-0.10833333333333339,0.0,0.0,2.0,good,0.12466519084988106,0.23418546081806427,0.6411493483320547,0.0234509108335856,2,True,False,False,train_oof
20220510,0.0,-0.027333422467262766,-0.011781792818629545,-0.11666666666666664,0.0,0.0,2.0,good,0.17375364496307377,0.38447384507873233,0.44177250995819384,0.0095552093608824,2,True,False,False,train_oof
20220511,0.0,-0.017760505699828344,-0.002377215963176655,-0.1166666666666667,0.0,0.0,2.0,good,0.13601840363324713,0.26833523435157924,0.5956463620151736,0.0035782965695154,1,True,False,False,train_oof
20220512,0.0011699657333094516,0.0020789955346571243,0.017543959288690587,-0.1166666666666667,0.0011087976184837995,5.335330643167826e-05,2.0,good,0.17223810731700104,0.18869977730996165,0.6390621153730373,0.008088768589183,1,True,False,False,train_oof
20220513,0.007209592340701085,0.013847254407897022,0.020664605824373405,-0.09166666666666673,0.007039020990680985,0.00012413124919829075,2.0,good,0.20415263006279302,0.3093305021327151,0.4865168678044919,0.0059111654648955,1,True,False,False,train_oof
20220516,0.0036845511467497732,0.007054635657062561,0.01591791404477364,-0.10833333333333339,0.0035861064590068017,7.619324435843688e-05,2.0,good,0.1666672066301909,0.37983702752502413,0.4534957658447849,0.0008959984532066,1,True,False,False,train_oof
20220517,0.0032285498192135896,0.006207950353355179,0.0050856875323592,-0.1166666666666667,0.0031039751766775894,0.0001063510981967814,2.0,good,0.1793257721717444,0.31128301842905914,0.5093912093991965,0.0122736060439493,2,True,False,False,train_oof
20220518,0.011309833538121037,0.02225619359298231,0.012370089400643026,-0.08333333333333331,0.011128096796491155,0.0001085685648603274,2.0,good,0.12965629108785473,0.4018706873053847,0.4684730216067606,0.0012043772852961,1,True,False,False,train_oof
20220519,0.00799917044275921,0.016436363988649415,0.011788029835485513,-0.08333333333333337,0.007944242594513883,0.0,2.0,good,0.23843321100032555,0.22135210204895706,0.5402146869507174,0.0179817778579547,2,True,False,False,train_oof
20220520,0.005107986622299759,0.010682581478816067,0.016626516795153735,-0.09166666666666667,0.005074226202437631,0.0,2.0,good,0.1623164173939521,0.2516033882439591,0.5860801943620888,0.009882173836753,2,True,False,False,train_oof
20220523,0.011092436304229476,0.024931355870131934,0.015061915320221199,-0.07500000000000001,0.011011348842641603,9.296091690813158e-06,2.0,good,0.18371757938697716,0.2551648558696641,0.5611175647433587,-0.0173520377378974,0,True,False,False,train_oof
20220524,0.013684464235623634,0.03396051444711875,0.005099724837463307,-0.10000000000000009,0.013584205778847497,3.4650091759821714e-05,0.0,bad,0.5666520901532235,0.35157078926464586,0.08177712058213059,-0.0029775154404214,1,True,False,False,train_oof
20220525,0.005805800833624141,0.014403140291972594,-0.002238399659009514,-0.10000000000000009,0.005761256116789036,0.0,1.0,neutral,0.294984351288838,0.4692243257137987,0.2357913229973634,0.0071994415857087,1,True,False,False,train_oof
20220526,0.003694691248519905,0.010228451023222448,-0.010812253799840965,-0.10833333333333339,0.003665194949988043,0.0,1.0,neutral,0.26064717618411193,0.5128637107375505,0.22648911307833752,0.0081942707890551,1,True,False,False,train_oof
20220527,0.0,-0.007483514798527491,-0.020337883941837737,-0.15833333333333344,0.0,0.0,1.0,neutral,0.29073864928876925,0.43129264646198845,0.2779687042492423,0.0013060195739223,1,True,False,False,train_oof
20220530,0.0,-0.021840523738657303,-0.0213154730735442,-0.1416666666666666,0.0,0.0,1.0,neutral,0.22015441677747535,0.5085922357326996,0.27125334748982505,-0.0006004116678751,1,True,False,False,train_oof
20220531,0.0,-0.03274988314395367,-0.01931097387189462,-0.1416666666666666,0.0,0.0,1.0,neutral,0.3900670313844812,0.3941810659287526,0.21575190268676625,0.0066308689830343,1,True,False,False,train_oof
20220601,0.0,-0.009855708863258816,-0.007834877083593872,-0.1250000000000001,0.0,0.0,2.0,good,0.34564021152341695,0.18110652647503556,0.4732532620015475,0.0215378107544487,2,True,False,False,train_oof
20220602,2.6452454217904784e-05,-0.011389942120520795,-0.0019970782361576553,-0.1166666666666667,0.0,2.6452454217904784e-05,2.0,good,0.190444961800826,0.3131073841274655,0.4964476540717086,0.0031341478405281,1,True,False,False,train_oof
20220606,0.006724399216553311,0.02197592373655477,0.011629231994250144,-0.08333333333333337,0.006226511725357185,0.00038192975220191066,2.0,good,0.37942496641743617,0.21569225045291412,0.4048827831296497,-0.0020684968711634,1,True,False,False,train_oof
20220607,0.010643784794234638,0.04212312619161264,0.028313126733329343,-0.08333333333333337,0.009828729444709618,0.0005354876321834833,0.0,bad,0.41461213720844636,0.2789512336157192,0.30643662917583436,-0.0014020761406618,1,True,False,False,train_oof
20220608,0.013033556501373075,0.04861245623717857,0.023536447218995504,-0.07500000000000007,0.012558217861271129,0.00015646203593801006,1.0,neutral,0.2575535918447043,0.5355321500001847,0.20691425815511108,-0.0114854173934732,0,True,False,False,train_oof
20220609,0.010670508041434195,0.03853377166953849,0.02209468210491624,-0.06666666666666676,0.01027567244521026,0.00014948212661187104,1.0,neutral,0.3972635202504332,0.4824787156632081,0.12025776408635863,0.0026935617096871,1,True,False,False,train_oof
20220610,0.00012417391762104587,-0.00027792975562154765,0.006165055989993284,-0.06666666666666654,0.0,0.00012417391762104587,0.0,bad,0.4217823557426431,0.41910481310721526,0.15911283115014155,0.0095867961585924,2,True,False,False,train_oof
20220613,1.4617040515518286e-05,-0.0005449147235084412,0.009868669012167389,-0.09166666666666667,0.0,1.4617040515518286e-05,0.0,bad,0.4394713616955831,0.3564289861478453,0.20409965215657158,-0.0047663392866142,1,True,False,False,train_oof
20220614,0.0,-0.004180949753988861,0.001955055523283823,-0.09166666666666656,0.0,0.0,0.0,bad,0.5746742645580425,0.24949357237705164,0.17583216306490584,0.001045468278641,1,True,False,False,train_oof
20220615,0.0,-0.0005683081494979314,-0.005182849071337814,-0.07500000000000007,0.0,0.0,0.0,bad,0.4919049809561907,0.29040638301077415,0.21768863603303518,-0.00496269182558,1,True,False,False,train_oof
20220616,0.0,-0.004526149980831673,-0.000263991859152414,-0.06666666666666654,0.0,0.0,0.0,bad,0.5131901017310342,0.3203282770868894,0.16648162118207638,0.0056266554587236,1,True,False,False,train_oof
20220617,0.0,-0.0008614299236898715,0.0035149688541451854,-0.05833333333333324,0.0,0.0,1.0,neutral,0.25860451129657447,0.6116624135646942,0.12973307513873136,0.0131945380149527,2,True,False,False,train_oof
20220620,0.002445576070134071,0.007597510869539706,0.016346480237238288,-0.05833333333333324,0.0023425658514414104,5.2594982566008914e-05,2.0,good,0.2863781912158535,0.290565046664437,0.42305676211970933,0.012803327123687,2,True,False,False,train_oof
20220621,0.005140074201847706,0.015361305546601617,0.022901955904170615,-0.04999999999999993,0.004864413423090514,0.00016962228662792465,2.0,good,0.2277251553784134,0.28181152214071736,0.4904633224808692,-0.0075144644184789,0,True,False,False,train_oof
20220622,0.008237978494237753,0.022322985733198908,0.020154265146863623,-0.025000000000000022,0.007999069887729608,8.623501364963192e-05,1.0,neutral,0.3346816497526138,0.5317413327374059,0.13357701750998036,0.00775712842471,1,True,False,False,train_oof
20220623,0.012847725749630329,0.03485044940552376,0.022862602207803857,-0.025000000000000022,0.012488077703646011,0.0001242584813257995,1.0,neutral,0.17743008253907197,0.6478275252651192,0.1747423921958089,0.0148635842162858,2,True,False,False,train_oof
20220624,0.01958348837292258,0.05307347516722126,0.028657083547414697,-0.008333333333333415,0.019017995268254283,0.00019306718489493356,1.0,neutral,0.15568577405336387,0.6625294181275934,0.18178480781904285,0.0014616392633948,1,True,False,False,train_oof
20220627,0.028326097326525544,0.07707450972545304,0.036335169896589546,0.04166666666666652,0.027618365984954003,0.00016691661562584856,1.0,neutral,0.29826304787137226,0.5101593739149904,0.1915775782136373,0.0028330907564093,1,True,False,False,train_oof
20220628,0.022769657426613663,0.06839666730973938,0.022841600635171676,0.008333333333333304,0.022228916875665302,6.445556023452619e-05,1.0,neutral,0.2721710603473444,0.5246035868688499,0.20322535278380582,0.002277670571786,1,True,False,False,train_oof
20220629,0.01998581130912215,0.06011255840843935,0.01333408679960401,0.008333333333333304,0.01953658148274279,3.080871614172454e-05,1.0,neutral,0.23575050758380875,0.5700099146990522,0.1942395777171391,-0.0089184785719665,0,True,False,False,train_oof
20220630,0.016194777872401138,0.04244778935513205,0.007930621760126415,0.008333333333333304,0.015917921008174518,0.0,0.0,bad,0.48401574701471806,0.41634400028463464,0.0996402527006474,-0.0019368231219909,1,True,False,False,train_oof
20220701,0.013521298677207288,0.03793635803575866,0.007243340757888461,-1.1102230246251565e-16,0.013277725312515531,0.0,1.0,neutral,0.404937633950497,0.44968073591637187,0.14538163013313124,0.0172198538201305,2,True,False,False,train_oof
20220704,0.004830830863602663,0.012151987584291674,-0.003302963141786904,-0.008333333333333193,0.004759528470514239,0.0,1.0,neutral,0.2299021971342497,0.5060617664998567,0.2640360363658936,0.0015042803474599,1,True,False,False,train_oof
20220705,0.0,-0.004815217508039926,-0.0016183333818038798,-0.008333333333333193,0.0,0.0,0.0,bad,0.4147708298821137,0.38324886123387686,0.20198030888400928,-0.0019741044859036,1,True,False,False,train_oof
20220706,0.0,-0.0023832377138020278,-0.001032538960501303,1.1102230246251565e-16,0.0,0.0,0.0,bad,0.4391546021599464,0.3851870145304243,0.17565838330962935,0.0096999907749417,2,True,False,False,train_oof
20220707,0.00300792441021473,0.00670223691060827,0.008365330163779789,0.008333333333333193,0.0029601546355186516,1.8828378527031165e-05,1.0,neutral,0.3173095269859001,0.41701696946388145,0.26567350355021857,0.0032203876962056,1,True,False,False,train_oof
20220708,0.012539670767491925,0.031612767415729534,0.014878435932861641,0.008333333333333304,0.012381667237827399,5.2371643773278864e-05,1.0,neutral,0.26157572359143505,0.5551140437312571,0.18331023267730784,-0.0074618805143925,0,True,False,False,train_oof
20220711,0.00928138120700866,0.02073128940341095,0.007865377925385442,0.008333333333333193,0.009156319486506501,4.997678224956137e-05,1.0,neutral,0.41146856741437227,0.521598375953327,0.06693305663230079,-0.0015848889328849,1,True,False,False,train_oof
20220712,0.011438744926778667,0.024688794708001158,0.0031266093815119174,0.02499999999999991,0.011315697574500528,3.407763719439972e-05,1.0,neutral,0.36642451096152856,0.5074367965454966,0.1261386924929748,0.0037677413812391,1,True,False,False,train_oof
20220713,0.009890891768603607,0.02028735622769271,-0.00817097472103397,0.016666666666666607,0.009805555510051476,0.0,2.0,good,0.33834849271227707,0.31022648008410125,0.3514250272036217,0.0016237890775398,1,True,False,False,train_oof
20220714,0.011345507083951843,0.02452245700637717,-0.0008871003941671174,0.008333333333333304,0.011239459461256204,0.0,2.0,good,0.29518849517827656,0.31833640486631887,0.3864750999554046,-0.0090171689435238,0,True,False,False,train_oof
20220715,0.018816907639512725,0.04045761255081036,0.01562077039565433,0.008333333333333304,0.018543072419121415,7.257104635695845e-05,0.0,bad,0.6128861569528528,0.2326628304679821,0.15445101257916516,0.0426367126106839,2,True,False,False,train_oof
20220718,0.011526062472715882,0.022357552866821062,0.010670189077121991,0.008333333333333304,0.011365089373967373,5.618225505998646e-05,2.0,good,0.13274843675727474,0.3971159579033423,0.47013560533938303,0.0250021504405834,2,True,False,False,train_oof
20220719,0.006621564510793891,0.012987674874598915,0.007604231917391772,-0.016666666666666663,0.006493837437299458,7.195515415390569e-05,2.0,good,0.1390255269542303,0.34115738714085286,0.5198170859049168,0.0212413022686429,2,True,False,False,train_oof
20220720,2.200703560723742e-05,-0.00462627233782135,-0.010568044494679723,-0.05833333333333329,0.0,2.200703560723742e-05,2.0,good,0.11526685769445652,0.24657695701823684,0.6381561852873066,0.0047707889464403,1,True,False,False,train_oof
20220721,0.0,-0.01015829307112378,-0.010889105878568691,-0.05833333333333335,0.0,0.0,1.0,neutral,0.20346893766310523,0.4012746035459392,0.3952564587909555,0.0077195453897182,1,True,False,False,train_oof
20220722,0.0,-0.009343700348623973,-0.002560960192085589,-0.04166666666666663,0.0,0.0,1.0,neutral,0.13526270196485388,0.4455538017430954,0.4191834962920508,6.260637791656309e-05,1,True,False,False,train_oof
20220725,0.0,-0.0184916260294097,-0.0008744441199219355,-0.041666666666666685,0.0,0.0,1.0,neutral,0.27819509468628817,0.36534959792436184,0.35645530738935005,0.0118103282950912,2,True,False,False,train_oof
20220726,0.0,-0.011874382234735432,-0.0033009328281120957,-0.025000000000000022,0.0,0.0,1.0,neutral,0.12212154409477163,0.4686074075605601,0.4092710483446683,0.0313058166552604,2,True,False,False,train_oof
20220727,7.104156500653557e-07,-0.010360002307576662,-0.007429793563476598,-0.025000000000000022,0.0,7.104156500653557e-07,1.0,neutral,0.12125728417534973,0.528273451222385,0.35046926460226524,0.0117425912343859,2,True,False,False,train_oof
20220728,1.8011718082815172e-07,-0.008601146326023249,-0.007890197838609298,-0.025000000000000022,0.0,1.8011718082815172e-07,1.0,neutral,0.17083573472228286,0.47884146771071656,0.3503227975670005,0.0050048029466258,1,True,False,False,train_oof
20220729,0.0,-0.011605481294582923,-0.009581005476752094,-0.05833333333333335,0.0,0.0,1.0,neutral,0.1447651382412773,0.4922311968881242,0.3630036648705985,-0.0033145815324294,1,True,False,False,train_oof
20220801,0.0,-0.007969293714488568,-0.015080413527321368,-0.04999999999999993,0.0,0.0,1.0,neutral,0.2200611182803783,0.49721033243023727,0.28272854928938446,-0.0172905365049369,0,True,False,False,train_oof
20220802,0.0009720473666446276,0.001804684336435141,-0.004165220223753541,-0.04999999999999993,0.0009624983127654087,0.0,0.0,bad,0.5101045688127861,0.1982286286644231,0.2916668025227907,-0.00991275856333,0,True,False,False,train_oof
20220803,0.006297894126307153,0.01154560915508649,0.005677711926559489,-0.04999999999999993,0.00615765821604613,9.062082483133115e-05,0.0,bad,0.4217872076677706,0.24674740795863023,0.3314653843735993,0.0003677796402027,1,True,False,False,train_oof
20220804,7.103368939651612e-05,-0.0016650320769244775,0.0017809321225724858,-0.04999999999999993,0.0,7.103368939651612e-05,2.0,good,0.29218532744364956,0.25896686831765564,0.4488478042386949,-0.0135365477491473,0,True,False,False,train_oof
20220805,1.6976086114610822e-05,-0.009060815710180657,0.0018523516783797173,-0.04999999999999993,0.0,1.6976086114610822e-05,0.0,bad,0.3760140320049347,0.32775520746057607,0.29623076053448927,0.0082492088141935,1,True,False,False,train_oof
20220808,0.00196794733617343,0.0035898964205671006,0.009087602704358471,-0.04999999999999999,0.001735116603274099,0.00021589818978596484,2.0,good,0.3005556330585363,0.3197685348694918,0.37967583207197186,0.0027286667594089,1,True,False,False,train_oof
20220809,1.408498771030052e-05,-0.003879701630734718,-0.0019589866881166715,-0.10000000000000014,0.0,1.408498771030052e-05,0.0,bad,0.45778676080730646,0.404054585235369,0.13815865395732443,0.0231663211495149,2,True,False,False,train_oof
20220810,0.005069958298638253,0.01281225860133946,0.00311465717317618,-0.09166666666666656,0.005018134618857956,0.0,1.0,neutral,0.10186527919741767,0.518267405127176,0.3798673156754063,-0.0025855866592921,1,True,False,False,train_oof
20220811,0.0,-0.0025485265849941215,-0.0037685161740281807,-0.10833333333333334,0.0,0.0,1.0,neutral,0.32007762608909984,0.42400397341865004,0.25591840049225006,-0.0020029995183276,1,True,False,False,train_oof
20220812,0.0,-0.015739779137722586,0.0021835933689755907,-0.11666666666666675,0.0,0.0,1.0,neutral,0.2959277690664282,0.5017955882984172,0.20227664263515463,0.016553216360197,2,True,False,False,train_oof
20220815,0.0,-0.02229304333438516,-0.006352390684347195,-0.11666666666666675,0.0,0.0,2.0,good,0.29150825694361104,0.3140950119740976,0.3943967310822913,0.0200234205008272,2,True,False,False,train_oof
20220816,0.0,-0.01574629624365046,-0.001958185622721615,-0.10833333333333334,0.0,0.0,1.0,neutral,0.11821955726802028,0.4524653558120854,0.42931508691989434,0.0102237796882917,2,True,False,False,train_oof
20220817,0.0003067788171071046,0.0007167436671832901,-0.003770494069944787,-0.07500000000000007,0.0003046160585528983,0.0,1.0,neutral,0.15432123074408358,0.46586865852908543,0.379810110726831,-0.0039951079125638,1,True,False,False,train_oof
20220818,0.0034040554774596686,0.007848639392339356,0.002696570094691004,-0.09166666666666673,0.003335671741744226,4.092306311787672e-05,1.0,neutral,0.3207330544894269,0.42172155887277646,0.2575453866377965,-0.0140319909710669,0,True,False,False,train_oof
20220819,0.0023485103292639254,0.0056170182791032905,0.008221675880863127,-0.10833333333333334,0.00229361579730051,3.460452330211779e-05,0.0,bad,0.4827975222889429,0.3245027394039841,0.19269973830707302,-0.0092265183363075,0,True,False,False,train_oof
20220822,4.642061176995584e-05,-0.003687731816499006,-1.3823518672684276e-05,-0.10833333333333334,0.0,4.642061176995584e-05,1.0,neutral,0.4003566945039962,0.42549508967878147,0.17414821581722248,-0.0039407570309196,1,True,False,False,train_oof
20220823,8.538727212623093e-05,0.0001794622006924991,0.0008778640146439951,-0.12499999999999989,6.430728858147886e-05,2.0328587966966505e-05,1.0,neutral,0.3273131273226379,0.5035520803707062,0.16913479230665585,-0.0079000624904732,0,True,False,False,train_oof
20220824,0.0025858748130169118,0.006484066100831798,0.0020400106213523585,-0.09166666666666656,0.002539592556159121,1.8215158547972122e-05,1.0,neutral,0.27343262158160997,0.4741640874313643,0.2524032909870258,-0.0069867272673406,0,True,False,False,train_oof
20220825,0.0,-0.0008421219752098672,-0.006036910473382874,-0.09166666666666673,0.0,0.0,1.0,neutral,0.2989674734798425,0.3695053509637226,0.33152717555643474,-0.0048651304477712,1,True,False,False,train_oof
20220826,0.0,-0.00657515945297079,-0.013844605413222504,-0.08333333333333331,0.0,0.0,1.0,neutral,0.27421557643129707,0.46312121403281165,0.26266320953589134,0.0037831208955079,1,True,False,False,train_oof
20220829,0.0,-0.007502586518010206,-0.02008807718119458,-0.08333333333333331,0.0,0.0,1.0,neutral,0.2507963980920613,0.5515931975959086,0.19761040431203022,-0.0073788647659368,0,True,False,False,train_oof
20220830,0.0,-0.020513978196562976,-0.021234096154673737,-0.09999999999999998,0.0,0.0,1.0,neutral,0.35882276041355815,0.3627239433813959,0.2784532962050459,-0.0173709484708437,0,True,False,False,train_oof
20220831,0.0,-0.03246476047791277,-0.020982287233837067,-0.09999999999999998,0.0,0.0,1.0,neutral,0.3819237127970721,0.46927596630627505,0.14880032089665285,-0.0056917562864604,0,True,False,False,train_oof
20220901,0.0,-0.025066940433652263,-0.016737712715523656,-0.11666666666666664,0.0,0.0,0.0,bad,0.36756676289768897,0.34328645678307407,0.28914678031923696,0.0057822092114183,1,True,False,False,train_oof
20220902,0.0,-0.03024410860566745,-0.021091011808735842,-0.11666666666666664,0.0,0.0,0.0,bad,0.3870152923681939,0.31490786244597035,0.2980768451858359,0.0101697106274254,2,True,False,False,train_oof
20220905,0.0,-0.0390177360364672,-0.022149238036573114,-0.13333333333333341,0.0,0.0,0.0,bad,0.45240119618884944,0.2464874818133542,0.3011113219977964,0.017691882996476,2,True,False,False,train_oof
20220906,0.0,-0.029303039842420567,-0.02155908535811496,-0.08333333333333331,0.0,0.0,2.0,good,0.2822816030355348,0.3223646994080042,0.395353697556461,0.0104221486591174,2,True,False,False,train_oof
20220907,0.0,-0.04497255097740425,-0.029783664239499835,-0.09166666666666662,0.0,0.0,1.0,neutral,0.2756007932793229,0.5670608342741452,0.15733837244653187,-0.0020884608538691,1,True,False,False,train_oof
20220908,0.0,-0.02994983851285205,-0.01953485350880274,-0.07499999999999996,0.0,0.0,1.0,neutral,0.29076751413502117,0.48732860967940406,0.22190387618557483,-0.0149289115555698,0,True,False,False,train_oof
20220909,0.0,-0.04281802493447041,-0.026107265296882974,-0.07500000000000001,0.0,0.0,0.0,bad,0.5728669457001829,0.33019199888291456,0.0969410554169025,-0.0031110539754099,1,True,False,False,train_oof
20220913,0.0,-0.03579366832341576,-0.02584016303918002,-0.08333333333333337,0.0,0.0,1.0,neutral,0.3082613827102058,0.5557532300468271,0.13598538724296716,-0.0060878586431057,0,True,False,False,train_oof
20220914,0.0,-0.04169984091335729,-0.026401594482166578,-0.09166666666666662,0.0,0.0,1.0,neutral,0.2567266311472561,0.5698188713360535,0.17345449751669054,-0.006497944410138,0,True,False,False,train_oof
20220915,0.0,-0.04352810547486546,-0.027911342634030153,-0.06666666666666665,0.0,0.0,0.0,bad,0.367222496857918,0.36649341856828965,0.2662840845737923,-0.0162862795457184,0,True,False,False,train_oof
20220916,0.0,-0.0556349914451789,-0.03246312624953924,-0.050000000000000044,0.0,0.0,0.0,bad,0.5353944332095925,0.24675490914484027,0.21785065764556724,-0.0122388422623012,0,True,False,False,train_oof
20220919,0.0,-0.05601009627265663,-0.025156701080217454,-0.04999999999999999,0.0,0.0,2.0,good,0.2235719163944865,0.17998534409600997,0.5964427395095036,0.011353615831542,2,True,False,False,train_oof
20220920,0.0,-0.05423323644155921,-0.027871195181522528,-0.05833333333333335,0.0,0.0,2.0,good,0.24408956151031738,0.20660599752538159,0.5493044409643011,0.0164419806481661,2,True,False,False,train_oof
20220921,0.0,-0.05414024291510562,-0.024821022574123615,-0.041666666666666685,0.0,0.0,2.0,good,0.33710595393694975,0.1995946950763481,0.46329935098670205,0.0090915231783917,2,True,False,False,train_oof
20220922,0.0,-0.06509198472819568,-0.03214685007164849,-0.08333333333333337,0.0,0.0,2.0,good,0.28210701233693697,0.2567358300072323,0.4611571576558307,-0.0101106256802379,0,True,False,False,train_oof
20220923,0.0,-0.05745685429187357,-0.02699803033573709,-0.07500000000000001,0.0,0.0,2.0,good,0.33910797370118156,0.16523918722363665,0.4956528390751819,-0.0090984900610513,0,True,False,False,train_oof
20220926,0.0,-0.04554683421370971,-0.020350706970186865,-0.050000000000000044,0.0,0.0,2.0,good,0.30232523537391515,0.21993942057709703,0.4777353440489878,0.0010780185778801,1,True,False,False,train_oof
20220927,9.81105823373415e-05,-0.026102837279699323,-0.0047529274332557825,0.0,0.0,9.81105823373415e-05,2.0,good,0.22178852485608733,0.1956453746053679,0.5825661005385449,-0.0060514136958373,0,True,False,False,train_oof
20220928,3.3864498919713526e-05,-0.02467875148074518,-0.0033661622784785412,0.016666666666666663,0.0,3.3864498919713526e-05,2.0,good,0.2588959571378549,0.3188398241688772,0.42226421869326786,-0.014989071781571,0,True,False,False,train_oof
20220929,9.063662425618196e-05,-0.022835495730537114,-0.0019290962564273983,0.016666666666666663,0.0,9.063662425618196e-05,0.0,bad,0.38004126344984346,0.2576764008494302,0.3622823357007262,-0.0110715733955704,0,True,False,False,train_oof
20220930,8.559535604140896e-05,-0.020475201688217648,0.00486264563024974,0.024999999999999967,0.0,8.559535604140896e-05,2.0,good,0.23554826164666656,0.2556201078682025,0.5088316304851309,-0.0127100405237473,0,True,False,False,train_oof
20221010,7.661679204006559e-05,-0.021536816948414653,-0.0011016926513170086,0.024999999999999967,0.0,7.661679204006559e-05,2.0,good,0.34424881673500357,0.21592983386716041,0.43982134939783607,0.0164036065750111,2,True,False,False,train_oof
20221011,0.0,-0.026614049593750397,-0.00829298628566888,0.04166666666666674,0.0,0.0,2.0,good,0.2081731962041058,0.2074933549521751,0.5843334488437192,0.020244096707604,2,True,False,False,train_oof
20221012,0.0,-0.02397596858389786,-0.004907923118396371,0.025000000000000022,0.0,0.0,2.0,good,0.29068300926251034,0.1675642550046522,0.5417527357328376,0.0154813466408673,2,True,False,False,train_oof
20221013,4.704555089781928e-05,-0.0019380839942931133,0.008572556846387209,0.025000000000000022,0.0,4.704555089781928e-05,2.0,good,0.25692686378416923,0.22882909329412865,0.5142440429217021,0.0178894964757729,2,True,False,False,train_oof
20221014,0.0,-0.01028177708575044,0.00925846695029094,0.050000000000000044,0.0,0.0,2.0,good,0.218143750806692,0.3221237451068479,0.4597325040864601,0.0156095967078422,2,True,False,False,train_oof
20221017,0.004114711293537681,0.006835538746147028,0.018372790626382918,0.04999999999999993,0.003987397601919099,9.473396996199067e-05,2.0,good,0.19357260766519635,0.4017686356744054,0.40465875666039836,0.0088938247496683,1,True,False,False,train_oof
20221018,0.0018754549590684615,0.00305513056164778,0.013061219773187823,0.041666666666666574,0.0017567000729474733,0.00010436501474313484,1.0,neutral,0.2110463631089255,0.45145967209080307,0.3374939648002715,-0.0001026521156742,1,True,False,False,train_oof
20221019,0.0031602584176590675,0.00543155431181086,0.012659610525377969,0.04999999999999999,0.0030778807766928206,5.651260286901701e-05,1.0,neutral,0.25641046447552723,0.46351765056291805,0.2800718849615547,-0.0038438172899526,1,True,False,False,train_oof
20221020,0.007216063945867329,0.012595552063466464,0.015109710877335238,0.03333333333333327,0.007137479502630996,2.2756629239183593e-05,1.0,neutral,0.3108672672474054,0.3909173133853316,0.298215419367263,-0.0098371315484796,0,True,False,False,train_oof
20221021,0.012661683815524875,0.022060710080825312,0.014988078840901973,0.04999999999999999,0.01250106904580101,6.694729632955205e-05,1.0,neutral,0.36551030716024957,0.3728819737465775,0.2616077190931728,-0.0126910463193234,0,True,False,False,train_oof
20221024,0.010088329866764093,0.018760065410492577,0.014095467681712345,0.03333333333333338,0.010005368218929377,0.0,1.0,neutral,0.38949426917917956,0.44751573975620085,0.16298999106461962,-0.0068076454650387,0,True,False,False,train_oof
20221025,0.01232839914507999,0.022526775836452056,0.011285691981623231,0.058333333333333404,0.0122020035780782,2.5861544377795844e-05,2.0,good,0.3543684662125864,0.2255373951508573,0.4200941386365564,0.0178429498064103,2,True,False,False,train_oof
20221026,0.010858731058637687,0.018468480336140455,0.007032477422780145,0.06666666666666671,0.01077328019608193,5.005169243351163e-07,2.0,good,0.20336090531535414,0.3023523418009624,0.49428675288368346,0.0128356565892678,2,True,False,False,train_oof
20221027,0.023198488716111076,0.042324135083141354,0.016853883917166152,0.07500000000000001,0.022925573170034904,6.873429172726814e-05,2.0,good,0.21358675894436668,0.35958625144646095,0.42682698960917237,-0.0181701995893045,0,True,False,False,train_oof
20221028,0.019015337389869026,0.03424018858565699,0.009395648315628818,0.08333333333333331,0.01883210372211135,1.025875957333647e-05,0.0,bad,0.4818130671239504,0.21559178948048788,0.3025951433955618,-0.0083472718963411,0,True,False,False,train_oof
20221031,0.016845580523471546,0.030307437538065068,0.008803832461407018,0.08333333333333331,0.01666909064593579,2.3234052469953012e-05,2.0,good,0.2853784285121008,0.2360564703138191,0.47856510117408013,0.0142205511776018,2,True,False,False,train_oof
20221101,0.012475496930311152,0.023751581315883157,0.015726721716870486,0.04999999999999993,0.01227165034653963,8.095888520823929e-05,1.0,neutral,0.21675894291420555,0.4335021748978497,0.34973888218794474,0.0243045533326242,2,True,False,False,train_oof
20221102,0.01213667809545311,0.023080405085075768,0.013952324689995837,0.04999999999999993,0.011924875960622479,9.741532256513786e-05,2.0,good,0.12122539575036845,0.4130707382495459,0.4657038660000857,0.0022718683855787,1,True,False,False,train_oof
20221103,0.012031606733781394,0.025473373467083636,0.014565218558855453,0.050000000000000044,0.01188757428463903,1.4166827012630274e-05,1.0,neutral,0.20853272839875944,0.6272459497275679,0.1642213218736727,0.0089514934889447,1,True,False,False,train_oof
20221104,0.010507662859720903,0.021000053126003525,0.015184405283230413,0.05833333333333324,0.010325026120285064,7.676056421749817e-05,1.0,neutral,0.17204257786967533,0.5512400377497586,0.2767173843805661,0.0082539272267697,1,True,False,False,train_oof
20221107,0.01571850032265094,0.034971621810176094,0.01858813465017798,0.05833333333333335,0.015445799632827774,0.00010997359273492956,1.0,neutral,0.1203547753762582,0.528158468824083,0.35148675579965877,0.0140870317514712,2,True,False,False,train_oof
20221108,0.017877398088972922,0.043327391899539755,0.013470844613924705,0.05833333333333335,0.017692018358978732,2.1607208362725946e-05,1.0,neutral,0.10516447062811633,0.608193038687596,0.28664249068428777,0.003675444201488,1,True,False,False,train_oof
20221109,0.01620553263512137,0.03506267978607236,0.0063708736066162945,0.07500000000000007,0.016070394901949833,6.290782687113456e-07,1.0,neutral,0.23925884297843852,0.5568697303888989,0.20387142663266247,0.0,1,True,False,False,train_oof
20221110,0.005371968767611221,0.010499093457035626,-0.0026990082933285135,0.07499999999999996,0.005337039173993109,0.0,1.0,neutral,0.2467784889850205,0.5845011307555462,0.16872038025943328,-0.0008033883126996,1,True,False,False,train_oof
20221111,0.0020462386032654356,0.003810979804783468,-0.009320690462387074,0.04999999999999999,0.0020325225625511833,0.0,1.0,neutral,0.3192785595819116,0.5366700258783731,0.1440514145397153,-0.0115637587091949,0,True,False,False,train_oof
20221114,0.0,-0.0028644222163562265,-0.006496740482945277,0.04999999999999999,0.0,0.0,0.0,bad,0.4395381876056585,0.4270974359969324,0.1333643763974091,0.025747097727392,2,True,False,False,train_oof
20221115,0.0,-0.0037396649174799576,-0.012397133501517315,0.06666666666666671,0.0,0.0,1.0,neutral,0.23624130415270278,0.47547091673195413,0.28828777911534303,0.0078452090528938,1,True,False,False,train_oof
20221116,0.000947577552385127,0.0016379597128875663,-0.007652425684732862,0.07500000000000001,0.0009418268349103506,0.0,2.0,good,0.17278629122352274,0.36384160323029086,0.46337210554618646,-0.001021346615051,1,True,False,False,train_oof
20221117,0.0,-0.0070958758821509545,-0.012593982473614764,0.07500000000000001,0.0,0.0,1.0,neutral,0.22171002248503882,0.4838846724225565,0.29440530509240476,-0.0012031877860211,1,True,False,False,train_oof
20221118,0.0,-0.013904347217117637,-0.01694648883567751,0.041666666666666685,0.0,0.0,1.0,neutral,0.2921968045746299,0.48456798706427134,0.22323520836109886,-0.0061000158398347,0,True,False,False,train_oof
20221121,0.0,-0.009442222938925902,-0.011606192537750748,0.09166666666666673,0.0,0.0,1.0,neutral,0.17413352905745255,0.6695212063877807,0.1563452645547667,0.0081625372124282,1,True,False,False,train_oof
20221122,0.0,-0.008770156346482962,-0.011527238409824652,0.07500000000000001,0.0,0.0,1.0,neutral,0.30311649751972214,0.47270206028542816,0.22418144219484962,-0.0034044655799097,1,True,False,False,train_oof
20221123,0.0,-0.011345361055687432,-0.016684558049847364,0.05833333333333329,0.0,0.0,1.0,neutral,0.3135840715727978,0.49346637005933547,0.19294955836786676,0.0064432255703815,1,True,False,False,train_oof
20221124,0.0,-0.020890047453451875,-0.013648849573901297,0.06666666666666665,0.0,0.0,1.0,neutral,0.2668935502170413,0.4948866430615446,0.238219806721414,0.0307595802113283,2,True,False,False,train_oof
20221125,0.0,-0.017308145552175747,-0.01478199202722665,0.025000000000000022,0.0,0.0,1.0,neutral,0.2559131261988911,0.41575996840718904,0.3283269053939199,0.0111366618542664,2,True,False,False,train_oof
20221128,0.0,-0.0249289422314171,-0.019648006765777215,0.01666666666666672,0.0,0.0,1.0,neutral,0.27825072858525474,0.45958187812336504,0.26216739329138006,0.0083396214361072,1,True,False,False,train_oof
20221129,0.0,-0.03235319835466777,-0.017482341765558126,0.0,0.0,0.0,1.0,neutral,0.27998743795053127,0.44236950497411387,0.2776430570753548,0.0009637565695008,1,True,False,False,train_oof
20221130,0.0,-0.035094457022681214,-0.019604271752060348,0.0,0.0,0.0,1.0,neutral,0.21927214346636814,0.5204782259805452,0.2602496305530867,-0.0024682113776041,1,True,False,False,train_oof
20221201,0.0,-0.03591017866177474,-0.017302111544156264,0.008333333333333304,0.0,0.0,1.0,neutral,0.2717330450233349,0.42380642130665547,0.3044605336700097,-0.0006449536615606,1,True,False,False,train_oof
20221202,0.0,-0.03440020156488077,-0.01240196227585133,-0.008333333333333415,0.0,0.0,1.0,neutral,0.292125505183943,0.49372955290016174,0.2141449419158953,0.0089989212331635,1,True,False,False,train_oof
20221205,4.671560045028973e-06,-0.03737024517045673,-0.009767044860278943,-0.008333333333333304,0.0,4.671560045028973e-06,1.0,neutral,0.239970941533161,0.55239752201765,0.20763153644918897,-0.0131280345949053,0,True,False,False,train_oof
20221206,0.0,-0.045515164200960245,-0.018293144846323016,-0.050000000000000044,0.0,0.0,0.0,bad,0.502378574649533,0.3659854648556967,0.13163596049477033,-0.000417877110813,1,True,False,False,train_oof
20221207,0.0,-0.039144037631959915,-0.014664417750445321,-0.04999999999999999,0.0,0.0,1.0,neutral,0.234140926226736,0.5909797157052114,0.17487935806805258,0.0041621643345943,1,True,False,False,train_oof
20221208,2.8831918106239634e-06,-0.02550391334545445,-0.00768229434331269,-0.050000000000000044,0.0,2.8831918106239634e-06,1.0,neutral,0.2031984991082385,0.6392896426546153,0.1575118582371462,0.0033741105675242,1,True,False,False,train_oof
20221209,0.0,-0.016430054611005513,-0.004223698383858424,-0.033333333333333326,0.0,0.0,1.0,neutral,0.25936165015480894,0.5471497219067335,0.19348862793845747,-0.0064912341857213,0,True,False,False,train_oof
20221212,0.0,-0.01935187103527447,-0.0034555796218653425,-0.025000000000000022,0.0,0.0,1.0,neutral,0.2652743990170098,0.5797196132832869,0.15500598769970322,0.0035040733672435,1,True,False,False,train_oof
20221213,4.475959485148348e-05,-0.012440673396069135,-0.002191377035995386,-0.00833333333333336,0.0,4.475959485148348e-05,1.0,neutral,0.21060374325518086,0.6214625435712491,0.16793371317357011,-0.0027515160267667,1,True,False,False,train_oof
20221214,1.0979778826646226e-05,-0.02279506224661776,-0.007161123611740168,-0.00833333333333347,0.0,1.0979778826646226e-05,1.0,neutral,0.2787293382561414,0.559134164666011,0.16213649707784775,-0.0038019298964514,1,True,False,False,train_oof
20221215,0.0,-0.02048310263974018,-0.008914771856584033,-0.025000000000000078,0.0,0.0,1.0,neutral,0.29109817936878524,0.5223573066971581,0.18654451393405663,-0.0025985537993294,1,True,False,False,train_oof
20221216,4.993761723040255e-06,-0.006139345454924412,0.0007253975878131853,-5.551115123125783e-17,0.0,4.993761723040255e-06,1.0,neutral,0.31659803448523,0.5151055625107145,0.16829640300405552,-0.0109764789727528,0,True,False,False,train_oof
20221219,0.0,-0.014298502161744258,-0.0019664613906578143,-0.03333333333333344,0.0,0.0,1.0,neutral,0.3445900958597144,0.49494896220774653,0.16046094193253904,-0.0113893553944196,0,True,False,False,train_oof
20221220,2.755192781680975e-06,-0.010120960322603085,0.0021658524751431533,-0.03333333333333327,0.0,2.755192781680975e-06,0.0,bad,0.47747895978893606,0.3352728297958472,0.18724821041521672,-0.0046695279987837,1,True,False,False,train_oof
20221221,2.8943510358674247e-05,-0.004585319879207999,0.002100045591029682,-0.024999999999999967,0.0,2.8943510358674247e-05,2.0,good,0.2946004988696646,0.2957159721173186,0.4096835290130167,-0.015274655797388,0,True,False,False,train_oof
20221222,2.8530313013898675e-05,-0.007458414917925597,0.0014739639421908132,-0.03333333333333327,0.0,2.8530313013898675e-05,0.0,bad,0.522037359913257,0.21385219752654977,0.2641104425601933,0.0145450509136936,2,True,False,False,train_oof
20221223,3.278131299559082e-06,-0.0037185266534494957,0.0034407168352377573,-0.008333333333333304,0.0,3.278131299559082e-06,2.0,good,0.2260709711077537,0.28907950167487123,0.4848495272173752,0.0020358662570762,1,True,False,False,train_oof
20221226,7.674393368446452e-05,0.00010971669365567038,0.001152787971992253,0.0,7.131585087618574e-05,5.382525627942349e-06,0.0,bad,0.4206979479234642,0.20602764647394978,0.373274405602586,0.004684145202594,1,True,False,False,train_oof
20221227,0.00545035311840044,0.008961208540565424,0.010114041798370166,0.0,0.005376725124339256,6.0353427073767785e-05,2.0,good,0.2651183038307485,0.22618632623186813,0.5086953699373833,-0.0106408587139499,0,True,False,False,train_oof
20221228,0.009156321180962549,0.015170661979146405,0.012307660063980652,0.0,0.009102397187487845,2.1609471930904907e-05,0.0,bad,0.374905525962667,0.3346053815478207,0.2904890924895124,-0.002059788093068,1,True,False,False,train_oof
20221229,0.008827130661916545,0.014022920274493181,0.01107698461193263,-0.008333333333333304,0.008764325171558238,3.273564908753428e-05,1.0,neutral,0.23797063322947987,0.4185485648308806,0.3434808019396394,0.004315812600125,1,True,False,False,train_oof
20221230,0.011461384206306564,0.016843127331755116,0.0166009579180391,0.041666666666666685,0.011369110948934703,5.625655242610131e-05,2.0,good,0.22012881515400223,0.37830467854129873,0.4015665063046989,0.0104973337071672,2,True,False,False,train_oof
20230103,0.007555417177001755,0.011674180649058487,0.011485024410597474,-0.008333333333333415,0.007490932583145862,3.98861187053127e-05,2.0,good,0.26245502401842896,0.35997260488184896,0.37757237109972214,0.0118971520348007,2,True,False,False,train_oof
20230104,0.010876533098317275,0.01711748461011351,0.005483175895811321,0.03333333333333327,0.010841073586405223,0.0,1.0,neutral,0.18493401155915346,0.5662687912428567,0.24879719719799,-0.0047169243005032,1,True,False,False,train_oof
20230105,0.005299802643444367,0.008023502659766108,-0.00251984148920172,0.024999999999999967,0.005282139251012687,0.0,1.0,neutral,0.2402186869980572,0.5294211081626572,0.23036020483928565,0.0018513110260917,1,True,False,False,train_oof
20230106,0.00808465721109982,0.012541562200918345,0.006947746974952892,0.024999999999999967,0.008047502412255938,0.0,0.0,bad,0.5219058420859329,0.28631826800309895,0.19177588991096803,-0.0053956593980946,0,True,False,False,train_oof
20230109,0.010516741573153899,0.017679098155903072,0.013883601380991503,0.008333333333333304,0.010460133075575983,8.083006758962775e-07,1.0,neutral,0.2636614656686904,0.4336856421359278,0.30265289219538183,0.004735148903047,1,True,False,False,train_oof
20230110,0.009659980086658183,0.016451364418439734,0.011609457313456011,-0.016666666666666607,0.009596629244089843,1.0975087490681775e-05,1.0,neutral,0.2884332551618794,0.42459832597709496,0.2869684188610256,0.0015578408640339,1,True,False,False,train_oof
20230111,0.013637075168566147,0.02480804850422058,0.019321323451765036,-0.024999999999999967,0.01343769293978615,0.00011491569362994785,0.0,bad,0.4186899317686732,0.35488124823901546,0.2264288199923112,-0.0044820168853103,1,True,False,False,train_oof
20230112,0.013423946134801079,0.024476728303521468,0.011203255641406045,-0.024999999999999967,0.01325822783107413,8.176057436560846e-05,1.0,neutral,0.26758781729764136,0.4538459521207791,0.2785662305815796,-0.0041089355852834,1,True,False,False,train_oof
20230113,0.015696966203318452,0.030132417040272176,0.012368387189026515,0.0,0.01556841547080729,2.638656886836499e-05,1.0,neutral,0.31631961227453337,0.45359436814419113,0.23008601958127545,0.002462019281729,1,True,False,False,train_oof
20230116,0.011655214509396291,0.022731774243026748,0.01336484369978785,-0.00833333333333336,0.011555318573538595,2.7831705707317563e-05,1.0,neutral,0.3052299171216314,0.490318987447934,0.20445109543043463,-0.0096954848378463,0,True,False,False,train_oof
20230117,0.015425440940568046,0.03331717673752743,0.01831496551526953,-0.008333333333333304,0.01527037267136674,4.726514109473474e-05,1.0,neutral,0.29182096271357755,0.46594132093947604,0.2422377163469465,-0.0043508178237884,1,True,False,False,train_oof
20230118,0.014661158020117675,0.03479657816091553,0.021260348561964126,0.0,0.014498574233714805,3.103194497161006e-05,1.0,neutral,0.2438372218537137,0.4300705244214457,0.32609225372484063,0.0023111993117291,1,True,False,False,train_oof
20230119,0.012837216030225205,0.03458222707161651,0.018540142052288044,-0.033333333333333326,0.012680149926259389,2.3966507915762214e-05,1.0,neutral,0.3920588860192516,0.40093855363411135,0.20700256034663717,0.0015100842934833,1,True,False,False,train_oof
20230120,0.013073569425379402,0.040624723021689985,0.02093166343685371,-0.03333333333333344,0.012864495623535156,5.24387204726791e-05,1.0,neutral,0.31876877908034273,0.3801613333995897,0.30106988752006764,0.0107463661588637,2,True,False,False,train_oof
20230130,0.010459949491178096,0.038561776321690625,0.018575669705598652,-0.03333333333333355,0.01028314035245083,2.093475217126878e-05,1.0,neutral,0.2555926739397659,0.38005025061727293,0.3643570754429612,0.0133924609490412,2,True,False,False,train_oof
20230131,0.009392540408013761,0.042419847033184604,0.017258728850595907,-0.033333333333333215,0.009190966857190003,3.7268152391297216e-05,1.0,neutral,0.15120788451980727,0.5198735755927286,0.32891853988746406,0.0191023379587445,2,True,False,False,train_oof
20230201,0.0046479996227689335,0.0182904255362661,0.0041076347746795,-0.050000000000000155,0.004572606384066525,0.0,1.0,neutral,0.313430567680285,0.3601782979451924,0.32639113437452266,0.0005362374115173,1,True,False,False,train_oof
20230202,0.003632252994006218,0.014305816320159148,0.002591948992111834,-0.050000000000000155,0.003576454080039787,0.0,1.0,neutral,0.26694668268894833,0.46637974701256935,0.2666735702984822,0.0021992951018513,1,True,False,False,train_oof
20230203,0.002506836589526487,0.011351300342111376,-0.0012658294494359845,-0.06666666666666665,0.002459448407457465,0.0,1.0,neutral,0.288116391936826,0.3867325934234289,0.3251510146397451,-0.0048492918756635,1,True,False,False,train_oof
20230206,0.0005201020001223628,0.0023530639987086877,-0.003111886993973835,-0.10000000000000009,0.000509830533053549,0.0,1.0,neutral,0.26510107912945374,0.49447362043633797,0.2404253004342083,-0.0005441995641055,1,True,False,False,train_oof
20230207,0.00028623504445372084,0.001055588402291474,-0.008959734699330944,-0.050000000000000044,0.0002814902406110598,0.0,1.0,neutral,0.19441317020321716,0.5791687153214601,0.2264181144753227,-0.0047943186910923,1,True,False,False,train_oof
20230208,0.00033832158815462075,0.0012091089148128092,-0.014306518854812376,-0.09166666666666667,0.0003325049515735226,0.0,1.0,neutral,0.13676707405658847,0.6693029821796843,0.19392994376372724,0.0019569594584125,1,True,False,False,train_oof
20230209,0.0027397007992785204,0.00952050831215253,-0.014388490305855095,-0.08333333333333337,0.0026974773551098835,0.0,1.0,neutral,0.1950628715414229,0.5638745458010321,0.2410625826575449,-0.001652488840243,1,True,False,False,train_oof
20230210,0.001072415714911901,0.003733281369027029,-0.009784318040955586,-0.08333333333333337,0.0010577630545576583,0.0,1.0,neutral,0.13745541878092785,0.4775133544677997,0.3850312267512725,0.003407693998959,1,True,False,False,train_oof
20230213,0.0,-0.01062610625298873,-0.015201553838040413,-0.08333333333333326,0.0,0.0,1.0,neutral,0.17716128672867038,0.5805452657703338,0.2422934475009957,0.001724607968711,1,True,False,False,train_oof
20230214,0.0,-0.01138138991343881,-0.0169047155119915,-0.08333333333333326,0.0,0.0,1.0,neutral,0.18943152447412584,0.579643133326308,0.23092534219956604,-0.000144142700846,1,True,False,False,train_oof
20230215,0.0,-0.023630486329657654,-0.018921346603826755,-0.1166666666666667,0.0,0.0,1.0,neutral,0.2289395451779081,0.5268826365417232,0.24417781828036877,-0.0063927611306959,0,True,False,False,train_oof
20230216,0.0,-0.02012752071696229,-0.020875715720791388,-0.10833333333333339,0.0,0.0,1.0,neutral,0.2660264787088317,0.5338790958957568,0.2000944253954115,-0.0018432968959865,1,True,False,False,train_oof
20230217,0.0,-0.022345427593895354,-0.019379686593484418,-0.1166666666666667,0.0,0.0,1.0,neutral,0.12829353328355128,0.6605253332903825,0.2111811334260661,0.0020477243063488,1,True,False,False,train_oof
20230220,0.0,-0.03652264031253012,-0.029761105616776216,-0.11666666666666675,0.0,0.0,1.0,neutral,0.3097612586669202,0.49211270362984405,0.19812603770323578,0.0029399982275123,1,True,False,False,train_oof
20230221,0.0,-0.04672129569382584,-0.031811961488527885,-0.11666666666666675,0.0,0.0,1.0,neutral,0.17314008660862892,0.6057575108525084,0.22110240253886268,-0.0027192847805338,1,True,False,False,train_oof
20230222,0.0,-0.05911137548025196,-0.036748709108336275,-0.1750000000000001,0.0,0.0,1.0,neutral,0.19849088309135307,0.6144890869503316,0.18702002995831538,-0.0021937484614129,1,True,False,False,train_oof
20230223,0.0,-0.06282232174774893,-0.03835547038779589,-0.15833333333333333,0.0,0.0,1.0,neutral,0.19804111013053455,0.6163226922103349,0.18563619765913061,-0.0071101635433877,0,True,False,False,train_oof
20230224,0.0,-0.06156472721960997,-0.03064421322042001,-0.1166666666666667,0.0,0.0,1.0,neutral,0.2446154383121073,0.5353795548322291,0.22000500685566357,-0.0051641334044656,0,True,False,False,train_oof
20230227,0.0,-0.06403996282217643,-0.031146677680204387,-0.1166666666666667,0.0,0.0,1.0,neutral,0.22468639995120518,0.5085802058857188,0.26673339416307584,0.0022541758620177,1,True,False,False,train_oof
20230228,0.0,-0.06412909418283175,-0.028327974904093355,-0.11666666666666664,0.0,0.0,1.0,neutral,0.23008551906634758,0.47251659211313535,0.297397888820517,0.0079845723064591,1,True,False,False,train_oof
20230301,0.0,-0.05436203109555243,-0.02645978197039302,-0.09999999999999998,0.0,0.0,1.0,neutral,0.14594617526011366,0.5315843152176691,0.32246950952221715,0.0090709091715799,2,True,False,False,train_oof
20230302,0.0,-0.056034960812561915,-0.026688013669945738,-0.09999999999999998,0.0,0.0,1.0,neutral,0.1378847299084742,0.471735470164482,0.39037979992704386,-0.0069214045643768,0,True,False,False,train_oof
20230303,0.0,-0.057646572826588964,-0.02865873310252498,-0.08333333333333343,0.0,0.0,1.0,neutral,0.25348860381942606,0.5845158291570697,0.16199556702350423,0.0018195068876403,1,True,False,False,train_oof
20230306,0.0,-0.052616209319256944,-0.022092978894738585,-0.07500000000000007,0.0,0.0,1.0,neutral,0.2060595226882927,0.4951118709787528,0.29882860633295444,-0.0107423110954144,0,True,False,False,train_oof
20230307,0.0,-0.044175022903407565,-0.016374677524869968,-0.05833333333333324,0.0,0.0,0.0,bad,0.41151858041230044,0.40227064130528706,0.18621077828241248,-0.0045175120373145,1,True,False,False,train_oof
20230308,0.0,-0.03866201204616685,-0.014567151485307388,-0.016666666666666607,0.0,0.0,1.0,neutral,0.2812053877557444,0.5287178739744968,0.19007673826975888,0.004716494517768,1,True,False,False,train_oof
20230309,2.880965726678358e-07,-0.04090476675942488,-0.014474284782820776,-0.025000000000000022,0.0,2.880965726678358e-07,1.0,neutral,0.2773612970511592,0.4613863782196349,0.26125232472920584,0.0007169436396451,1,True,False,False,train_oof
20230310,1.2419812062381817e-05,-0.043631167706292384,-0.01096643842249471,-0.016666666666666663,0.0,1.2419812062381817e-05,1.0,neutral,0.3510550070409504,0.42760082482018813,0.22134416813886135,-0.0054109001304803,0,True,False,False,train_oof
20230313,8.599579091691599e-05,-0.026658230652242834,0.0019758612453429567,1.1102230246251565e-16,0.0,8.599579091691599e-05,1.0,neutral,0.3154868178508047,0.3961158741237079,0.28839730802548746,-0.0069255082852771,0,True,False,False,train_oof
20230314,7.638140347010235e-06,-0.03323826793736009,-0.005508251692715422,-0.016666666666666663,0.0,7.638140347010235e-06,1.0,neutral,0.29331895912880757,0.5678359497845323,0.13884509108666016,-0.00157368332836,1,True,False,False,train_oof
20230315,6.411978478867975e-05,-0.02318893413769814,0.002762810955313645,0.025000000000000078,0.0,6.411978478867975e-05,1.0,neutral,0.2502988866683493,0.4527014027773801,0.2969997105542705,-0.0099451347572274,0,True,False,False,train_oof
20230316,1.538562980531629e-05,-0.027184112442819187,-0.002611725493218659,-0.024999999999999967,0.0,1.538562980531629e-05,1.0,neutral,0.39191773850326816,0.49803445119758205,0.1100478102991499,-0.004241178270206,1,True,False,False,train_oof
20230317,9.91527136994614e-06,-0.026096977064546938,-0.0001298698525802125,-0.024999999999999967,0.0,9.91527136994614e-06,1.0,neutral,0.23858967981891763,0.5442318035092184,0.217178516671864,0.0050599650106263,1,True,False,False,train_oof
20230320,0.0,-0.016032804032462485,-0.0012518171554638524,-0.05833333333333324,0.0,0.0,1.0,neutral,0.1470117130084959,0.5277953800026997,0.3251929069888046,0.0111386753925721,2,True,False,False,train_oof
20230321,2.317395881373462e-05,-0.005939637192248368,0.005166391347952808,-0.03333333333333338,0.0,2.317395881373462e-05,1.0,neutral,0.19630350635707988,0.4522018431761615,0.35149465046675865,0.0116446390377298,2,True,False,False,train_oof
20230322,0.0021229658736625833,0.003628981704413819,0.007200338197408803,0.016666666666666607,0.002116905994241394,2.835566916575254e-06,1.0,neutral,0.2919771648012494,0.43189420099952575,0.2761286341992248,-0.0013572839924626,1,True,False,False,train_oof
20230323,0.002491033572557032,0.004502639770122458,0.002931132375914766,0.016666666666666607,0.0024764518735673523,1.157305261893428e-05,1.0,neutral,0.26612628349010614,0.43363029033027783,0.300243426179616,-0.0040728296650582,1,True,False,False,train_oof
20230324,0.0035898178833674676,0.006812323800146514,0.009554754256964115,-0.016666666666666774,0.0035197006300756984,6.330339255010042e-05,2.0,good,0.2452107039706817,0.3734812227336934,0.381308073295625,-0.0061435696004523,0,True,False,False,train_oof
20230327,0.006450765091161999,0.01299668902858638,0.011325779893714935,0.008333333333333415,0.006390038772388304,5.020891875094224e-05,1.0,neutral,0.22538463327970198,0.5943244969479472,0.1802908697723508,-0.001547014612147,1,True,False,False,train_oof
20230328,0.008731417734089841,0.019195959008097913,0.016117533405089313,-1.1102230246251565e-16,0.00863818155364406,7.276086421550018e-05,1.0,neutral,0.2834620526747791,0.5730321145064214,0.14350583281879953,-0.00679390417789,0,True,False,False,train_oof
20230329,0.006203008198324703,0.012334767598045564,0.008142114210914781,0.0,0.006167383799022782,1.6663207783745843e-05,1.0,neutral,0.21681599280893965,0.5620156296361688,0.2211683775548916,-0.0116337162347221,0,True,False,False,train_oof
20230330,0.012799242881138944,0.02404222617101317,0.015672213451162525,0.024999999999999967,0.01262216873978191,0.00012902650850971876,1.0,neutral,0.3643185079960315,0.36808402804981966,0.26759746395414885,0.0012890908077708,1,True,False,False,train_oof
20230331,0.014167814285886999,0.02966613446946744,0.014606811958626063,0.02499999999999991,0.014091413872997035,2.395758563824593e-05,1.0,neutral,0.23235284150156496,0.4830607791741829,0.2845863793242521,0.0193125141896444,2,True,False,False,train_oof
20230403,0.01205577972635755,0.026624302805695,0.014252560678061282,-1.1102230246251565e-16,0.011980936262562749,2.9893839462111996e-05,1.0,neutral,0.3271167264981026,0.4295765477186735,0.243306725783224,0.0089023260310028,1,True,False,False,train_oof
20230404,0.01612301318591984,0.03662667102675382,0.02587260458594302,-0.01666666666666672,0.015871557444926656,0.00015504030798400045,1.0,neutral,0.22011807667839042,0.39732842886285963,0.3825534944587499,-0.0108700181730539,0,True,False,False,train_oof
20230406,0.014416087104126313,0.03345376069254523,0.019791225905157212,-0.008333333333333415,0.01421784829433172,0.00010258447647324053,0.0,bad,0.4947203462335819,0.3457695230402458,0.1595101307261723,0.0059206845698976,1,True,False,False,train_oof
20230407,0.015906625582074896,0.03930539832468864,0.02147173926460622,-0.016666666666666607,0.015722159329875456,7.132008255569641e-05,2.0,good,0.27740624335167774,0.3199514826205074,0.40264227402781483,0.0081028115765395,1,True,False,False,train_oof
20230410,0.014426542153103475,0.03985181346746873,0.02115855469279152,-0.025000000000000022,0.014280233159176293,3.347950580432413e-05,2.0,good,0.23274922953008925,0.2880914469324639,0.47915932353744684,-0.0008375435266905,1,True,False,False,train_oof
20230411,0.009700217153212821,0.026458334071363512,0.019008005557320927,-0.025000000000000022,0.00948090304223859,0.00011598209749207525,0.0,bad,0.4923542017010555,0.2624421617680964,0.24520363653084815,0.0151160690673804,2,True,False,False,train_oof
20230412,0.012570716103211865,0.03245655356956201,0.013970060865382883,-0.01666666666666683,0.012441678868332098,0.0,1.0,neutral,0.1929041719902371,0.4762606416660481,0.3308351863437148,0.0085585554296841,1,True,False,False,train_oof
20230413,0.006950705444866508,0.020596148033709308,0.00861271397090842,-0.06666666666666665,0.006865382677903103,0.0,2.0,good,0.14003124935998484,0.39838250023028754,0.4615862504097276,-0.0036397632074453,1,True,False,False,train_oof
20230414,0.007636056042246248,0.020124400859773742,0.0004888691701034897,-0.025000000000000133,0.007546650322415151,0.0,1.0,neutral,0.3454290739333561,0.4292346101930391,0.22533631587360486,-0.0114342367005053,0,True,False,False,train_oof
20230417,0.010407674661537004,0.03151189883678233,0.010329189639303996,-0.025000000000000133,0.010241367121954252,0.0,0.0,bad,0.4636648578964269,0.19520510555726775,0.3411300365463053,-0.0034342303154921,1,True,False,False,train_oof
20230418,0.011080432545177307,0.03275863170761861,0.00814888724114719,0.016666666666666607,0.010919543902539538,0.0,1.0,neutral,0.23461108103414363,0.5543048066517007,0.2110841123141556,-0.0039719439470089,1,True,False,False,train_oof
20230419,0.007179010338704608,0.0223116916075354,0.0035221367978812684,-0.033333333333333215,0.007065369009052878,0.0,1.0,neutral,0.25547781764597083,0.42665889051150085,0.3178632918425284,0.0004734573036555,1,True,False,False,train_oof
20230420,0.008408548900757568,0.022610259347335997,0.005200564682407187,-0.01666666666666672,0.008290428427356533,1.0333971208807022e-05,1.0,neutral,0.3220576102721154,0.34267078039408677,0.3352716093337978,0.0029884099141823,1,True,False,False,train_oof
20230421,0.012204920815988902,0.02857443117753511,0.005197260905211202,0.016666666666666607,0.011906012990639628,0.00013938182832157499,2.0,good,0.2780478455437836,0.244310137779319,0.4776420166768974,-0.0017491683495734,1,True,False,False,train_oof
20230424,0.008994303554045223,0.019422756184908314,0.003226782375064279,0.008333333333333193,0.008902096584749643,0.0,1.0,neutral,0.3887606073430196,0.39764986537156255,0.213589527285418,-0.0120825320248318,0,True,False,False,train_oof
20230425,0.003110283059652852,0.006364419111490143,-0.007308214753120622,-0.01666666666666672,0.003076135903886902,0.0,0.0,bad,0.4839258402219797,0.36672573556064003,0.14934842421738034,-0.013012463734273,0,True,False,False,train_oof
20230426,0.0,-0.0035262217712871413,-0.011338186022067029,-0.008333333333333415,0.0,0.0,0.0,bad,0.4488542434063981,0.2016257674998045,0.3495199890937975,-0.0030344777338055,1,True,False,False,train_oof
20230427,0.004711780853672888,0.009635128910640554,-0.005577268184333392,-0.01666666666666672,0.0046569789734762675,0.0,2.0,good,0.3508985863932766,0.21158412168141175,0.43751729192531164,0.0214839231427256,2,True,False,False,train_oof
20230428,0.0006974406085063493,0.0015034960061242782,-0.005107573955890454,-0.05833333333333329,0.0006891023361402942,0.0,1.0,neutral,0.25372652064968937,0.4458454589857455,0.30042802036456495,0.0175821735839925,2,True,False,False,train_oof
20230504,0.0,-0.0009399271460364868,-0.007301172853745187,-0.05833333333333329,0.0,0.0,1.0,neutral,0.16839445153918803,0.45309893581753924,0.37850661264327273,0.0103228448340813,2,True,False,False,train_oof
20230505,0.0,-0.016370326955340003,-0.02085210859121043,-0.08333333333333337,0.0,0.0,2.0,good,0.2369455785964233,0.30047446306011744,0.4625799583434593,-0.0010491628404728,1,True,False,False,train_oof
20230508,0.0,-0.03084856790308272,-0.022119195084007764,-0.08333333333333343,0.0,0.0,1.0,neutral,0.25980938248408786,0.47777327302949923,0.26241734448641296,-0.007080719748857,0,True,False,False,train_oof
20230509,0.0,-0.02850631123389491,-0.022376911758390145,-0.09166666666666662,0.0,0.0,1.0,neutral,0.25381688704595134,0.603333803403393,0.14284930955065564,-0.0035744690715215,1,True,False,False,train_oof
20230510,0.0,-0.03349554578432377,-0.022968164985696295,-0.07500000000000012,0.0,0.0,1.0,neutral,0.23695636234139605,0.5751532784549348,0.18789035920366917,-0.0032049127887957,1,True,False,False,train_oof
20230511,0.0,-0.03034153416931893,-0.01717637964050226,-0.07500000000000001,0.0,0.0,1.0,neutral,0.35988110562360537,0.42793975061369327,0.21217914376270136,0.0113882049997588,2,True,False,False,train_oof
20230512,1.5194936513121959e-05,-0.024993948932592817,-0.010209958773476392,-0.06666666666666665,0.0,1.5194936513121959e-05,1.0,neutral,0.27677589149020465,0.38334895875595243,0.3398751497538428,-0.0003347454178132,1,True,False,False,train_oof
20230515,8.393928706155284e-06,-0.02113117862439849,-0.00843235554442516,-0.041666666666666574,0.0,8.393928706155284e-06,1.0,neutral,0.3025222534684247,0.4221916860724497,0.2752860604591257,-0.0101505210874317,0,True,False,False,train_oof
20230516,6.859583026351564e-05,-0.012001355911788206,-0.002519174301412741,-0.008333333333333304,0.0,6.859583026351564e-05,0.0,bad,0.44814175204920936,0.3722828533763164,0.1795753945744743,0.0001430791953937,1,True,False,False,train_oof
20230517,0.00010322814673616363,4.76217087255551e-05,0.003286452134791451,0.00833333333333336,2.6588787371768266e-05,7.642791600148551e-05,1.0,neutral,0.22769235522993833,0.39202978472357486,0.3802778600464867,0.0180168103308799,2,True,False,False,train_oof
20230518,5.4739158101705304e-05,-0.010613273412294712,0.0033200931713145247,0.0,0.0,5.4739158101705304e-05,1.0,neutral,0.3190863228952564,0.3881189119633197,0.292794765141424,-0.000255488419978,1,True,False,False,train_oof
20230519,3.0244201713624537e-05,-0.016076563872498485,-0.0022745509311281244,-0.025000000000000078,0.0,3.0244201713624537e-05,1.0,neutral,0.35535516931868033,0.39266024206792316,0.2519845886133965,-0.0069760383130773,0,True,False,False,train_oof
20230522,1.8110683518696332e-05,-0.012019504442862157,-0.00069965680617547,0.016666666666666663,0.0,1.8110683518696332e-05,1.0,neutral,0.2817813300898923,0.3785032207143949,0.33971544919571284,0.0020228535039819,1,True,False,False,train_oof
20230523,0.0,-0.018120338698746442,-0.003505774652648304,0.0,0.0,0.0,1.0,neutral,0.2908020016376399,0.504035873124918,0.20516212523744204,-0.0009585870684448,1,True,False,False,train_oof
20230524,0.0,-0.021166070219093634,-0.005373197040776007,-0.016666666666666663,0.0,0.0,1.0,neutral,0.31005754375287325,0.4297502455492297,0.2601922106978971,0.0076649868692417,1,True,False,False,train_oof
20230525,0.0,-0.018273366663734338,-0.001246342060121735,-0.016666666666666663,0.0,0.0,1.0,neutral,0.23735938592019337,0.4364351744653966,0.32620543961441,0.0075834651032617,1,True,False,False,train_oof
20230526,8.746894667065672e-06,-0.0036911679174533654,0.0037786228915428297,-0.008333333333333304,0.0,8.746894667065672e-06,2.0,good,0.09059064290291799,0.3395597474526346,0.5698496096444474,0.0064029553252408,1,True,False,False,train_oof
20230529,0.0,-0.003704825952800436,-0.000136583886243824,-0.03333333333333338,0.0,0.0,2.0,good,0.20329809918804304,0.3327507660796268,0.46395113473233013,0.0019065313848389,1,True,False,False,train_oof
20230530,0.0,-0.0175728512022551,-0.006691749135678198,-0.03333333333333327,0.0,0.0,2.0,good,0.18369298124315492,0.36521827128812595,0.45108874746871924,-0.0006864616346888,1,True,False,False,train_oof
20230531,7.030640471249522e-06,-0.013092788290564542,-0.0008889174105575944,-0.016666666666666607,0.0,7.030640471249522e-06,2.0,good,0.2809211418612554,0.31393744027936404,0.40514141785938046,0.0141242820287317,2,True,False,False,train_oof
20230601,0.0,-0.011881733840177808,-0.0013050683448726143,-5.551115123125783e-17,0.0,0.0,2.0,good,0.1675733979609568,0.3954232277399997,0.43700337429904357,0.0076280617520129,1,True,False,False,train_oof
20230602,0.002248885856881726,0.0039506099706366204,2.7146240012284814e-05,0.016666666666666663,0.0022386789833607514,0.0,2.0,good,0.10891197148556879,0.37415436371352434,0.5169336648009067,0.0073959891857423,1,True,False,False,train_oof
20230605,0.0027526685390422624,0.00530358896589489,-0.002077027050026529,0.0,0.002740187632379026,0.0,2.0,good,0.11651411311311828,0.41534515357310686,0.46814073331377487,0.0021906790880084,1,True,False,False,train_oof
20230606,0.0,-0.0030048571194493875,-0.01166257171047802,-0.016666666666666663,0.0,0.0,2.0,good,0.21714566475259944,0.2697617183896859,0.5130926168577147,-0.0017623700763533,1,True,False,False,train_oof
20230607,0.0,-0.00272226751089949,-0.013705567052293682,-0.016666666666666663,0.0,0.0,1.0,neutral,0.1755298485511159,0.43950929113397735,0.3849608603149067,9.609990890596838e-06,1,True,False,False,train_oof
20230608,0.0,-0.018324934701129,-0.024571944559352094,-0.04166666666666674,0.0,0.0,1.0,neutral,0.34034743942104034,0.3421936385599442,0.3174589220190155,-0.004679464223096,1,True,False,False,train_oof
20230609,0.0,-0.027678976816090144,-0.027238264424043587,-0.09166666666666667,0.0,0.0,1.0,neutral,0.31216256988045915,0.5059075361676014,0.18192989395193943,0.0140832932962082,2,True,False,False,train_oof
20230612,0.0,-0.02174959006420253,-0.01940877715939669,-0.09166666666666673,0.0,0.0,2.0,good,0.13764449659501468,0.35538667511446626,0.506968828290519,0.0070935404312231,1,True,False,False,train_oof
20230613,0.0,-0.030379170282545533,-0.021680264624513,-0.10000000000000003,0.0,0.0,1.0,neutral,0.19457467553242677,0.49419699192750177,0.3112283325400716,-0.0026266058101754,1,True,False,False,train_oof
20230614,0.0,-0.03376727159228169,-0.017317782551626172,-0.11666666666666664,0.0,0.0,2.0,good,0.2737276973559492,0.36222716470649535,0.3640451379375554,-0.0007706862488969,1,True,False,False,train_oof
20230615,0.0,-0.03675120711898289,-0.0189488081147699,-0.14166666666666655,0.0,0.0,1.0,neutral,0.2836412061078412,0.4791571324163474,0.23720166147581137,-0.0097072828365231,0,True,False,False,train_oof
20230616,0.0002564977702876784,-0.017414803146453106,-0.003973536377611775,-0.14166666666666655,0.0,0.0002564977702876784,0.0,bad,0.46701107890870247,0.38467756510181733,0.14831135598948025,-0.000333119837982,1,True,False,False,train_oof
20230619,8.206728438604912e-05,-0.010676730989274241,0.004580218730270626,-0.15833333333333338,0.0,8.206728438604912e-05,1.0,neutral,0.17817291881841507,0.4973414781420047,0.32448560303958024,1.9584749649970146e-05,1,True,False,False,train_oof
20230620,6.966178318932325e-05,-0.006774929553893787,0.004886503151048882,-0.15833333333333327,0.0,6.966178318932325e-05,1.0,neutral,0.21903916101935353,0.48690385129357183,0.2940569876870746,0.0042846315000644,1,True,False,False,train_oof
20230621,6.461065622883072e-05,-0.002152568660904762,0.006518894281925869,-0.1499999999999999,0.0,6.461065622883072e-05,1.0,neutral,0.23271756574464997,0.5148479939822368,0.25243444027311324,-0.0100191903983756,0,True,False,False,train_oof
20230626,8.384937591953208e-05,-0.013944428338146037,-0.0015152253476728068,-0.1499999999999999,0.0,8.384937591953208e-05,0.0,bad,0.44910831298444565,0.41519961527071225,0.13569207174484207,0.0015285808252419,1,True,False,False,train_oof
20230627,2.7260344556979285e-05,-0.011795911869436626,0.005983477846837171,-0.15833333333333327,0.0,2.7260344556979285e-05,1.0,neutral,0.2545457456571321,0.4242561293942143,0.32119812494865346,0.007795018182299,1,True,False,False,train_oof
20230628,0.0,-0.016683646984084106,-0.002126090240954022,-0.13333333333333325,0.0,0.0,1.0,neutral,0.27304707574156206,0.5106183638659271,0.21633456039251092,0.0029022173362043,1,True,False,False,train_oof
20230629,0.0,-0.010230432233565586,-0.0025979846818002805,-0.12499999999999994,0.0,0.0,1.0,neutral,0.3154437077012405,0.44497005609141516,0.23958623620734426,0.0185944671787896,2,True,False,False,train_oof
20230630,0.0,-0.019656940887446427,-0.006088868932147162,-0.14166666666666666,0.0,0.0,1.0,neutral,0.20759760083552334,0.4149506554305637,0.37745174373391294,0.0043174107678492,1,True,False,False,train_oof
20230703,0.0,-0.015751449045241745,-0.0025987350758418515,-0.15833333333333333,0.0,0.0,1.0,neutral,0.21688957263354128,0.522086435023569,0.26102399234288975,0.0042671730348052,1,True,False,False,train_oof
20230704,0.0,-0.017989684325322185,-0.0022568460635112864,-0.14999999999999997,0.0,0.0,1.0,neutral,0.21318728481419283,0.5543105269920559,0.23250218819375135,0.0017076759969663,1,True,False,False,train_oof
20230705,0.0,-0.016831851762129018,-0.0019400499264720476,-0.13333333333333336,0.0,0.0,1.0,neutral,0.26796493806010996,0.4716530853925768,0.2603819765473132,-0.0038127524887058,1,True,False,False,train_oof
20230706,0.0,-0.007016986433329448,-0.001801355094718423,-0.11666666666666664,0.0,0.0,1.0,neutral,0.27595294437525447,0.5139192965769381,0.21012775904780728,-0.0004191297843125,1,True,False,False,train_oof
20230707,0.0,-0.008283024349903429,-0.004704716509597084,-0.11666666666666664,0.0,0.0,1.0,neutral,0.25127647370751277,0.574973256971274,0.17375026932121318,0.0030160890591907,1,True,False,False,train_oof
20230710,0.0,-0.0003696833664284154,-0.00912657465574357,-0.09166666666666673,0.0,0.0,1.0,neutral,0.2826391689816489,0.551379686602121,0.16598114441623008,-0.0073909644340336,0,True,False,False,train_oof
20230711,0.0047228939833308696,0.01122688067990302,-0.0024633821729662855,-0.06666666666666665,0.004677866949959591,0.0,0.0,bad,0.4881678205691509,0.3457939074327869,0.1660382719980621,-0.0051979004229822,0,True,False,False,train_oof
20230712,0.0018409817989663345,0.004381781200801018,-0.0025566361610098545,-0.06666666666666665,0.001825742167000424,0.0,1.0,neutral,0.28994302198521826,0.4517373890675568,0.2583195889472249,0.0004523685581649,1,True,False,False,train_oof
20230713,0.0034490709307358177,0.0074683864217085505,-0.0033499460457321155,-0.05833333333333329,0.003423010443283086,0.0,1.0,neutral,0.24772936579145194,0.5341741648728294,0.21809646933571855,0.0089350399168495,1,True,False,False,train_oof
20230714,0.004012832441885947,0.008641958218427984,-8.966699942358769e-05,-0.05833333333333329,0.003960897516779493,2.2011703396303863e-05,1.0,neutral,0.22759284962450074,0.47232079913933495,0.30008635123616423,-0.0011609962385745,1,True,False,False,train_oof
20230717,0.004005194511698005,0.00819205779949278,-0.0043562004974980195,-0.03333333333333338,0.003959494603088177,1.679700061196359e-05,1.0,neutral,0.2718867114504332,0.4904308229454319,0.23768246560413486,-0.0006242383774165,1,True,False,False,train_oof
20230718,0.0,-0.008364736935482491,-0.005778220036207593,-0.016666666666666607,0.0,0.0,1.0,neutral,0.3222511212290814,0.5177036008427717,0.16004527792814682,0.0041038610572857,1,True,False,False,train_oof
20230719,0.0,-0.016725063692645148,-0.005851597866079102,-0.016666666666666607,0.0,0.0,1.0,neutral,0.3666647191359589,0.38946000963727007,0.24387527122677102,-8.654025696506473e-05,1,True,False,False,train_oof
20230720,0.0,-0.023048029877372162,-0.01127940495994621,-0.025000000000000078,0.0,0.0,0.0,bad,0.393686142474837,0.3645431071616581,0.24177075036350482,-0.0057509816731596,0,True,False,False,train_oof
20230721,0.0,-0.02502132689840879,-0.01071838071825143,-0.03333333333333344,0.0,0.0,1.0,neutral,0.30154931943762286,0.511239960621496,0.18721071994088107,0.002775089901485,1,True,False,False,train_oof
20230724,0.0,-0.015762986570779902,-0.008461165008648925,-0.00833333333333336,0.0,0.0,1.0,neutral,0.3278613700757306,0.4929700130592884,0.179168616864981,0.0029803579518566,1,True,False,False,train_oof
20230725,0.0,-0.0260801671140099,-0.010474215605788817,-0.00833333333333336,0.0,0.0,1.0,neutral,0.3087519742246378,0.5174281855038425,0.17381984027151964,0.0066857011020756,1,True,False,False,train_oof
20230726,0.0,-0.016765987604003073,-0.009245431504533292,-0.00833333333333336,0.0,0.0,1.0,neutral,0.20608112762658637,0.5072005919738739,0.2867182803995396,-0.0027076225820246,1,True,False,False,train_oof
20230727,5.194888514778063e-07,-0.013300695221314626,-0.0061092091102344,-0.00833333333333336,0.0,5.194888514778063e-07,1.0,neutral,0.26214263003103144,0.5284729739826047,0.20938439598636382,-0.0001671046239139,1,True,False,False,train_oof
20230728,3.5918078545720128e-06,-0.00856899392127177,-0.005448381185620393,0.008333333333333304,0.0,3.5918078545720128e-06,1.0,neutral,0.35996414069615945,0.41031333604131515,0.22972252326252535,0.0249539160026981,2,True,False,False,train_oof
20230731,5.24840724126566e-06,-0.00990436745103209,-0.0035007914495087298,0.008333333333333304,0.0,5.24840724126566e-06,1.0,neutral,0.15065791430203546,0.5103257671993683,0.33901631849859626,0.0012560466086577,1,True,False,False,train_oof
20230801,1.1276903140833678e-05,-0.009053194883819948,-0.0027736056874161,0.008333333333333304,0.0,1.1276903140833678e-05,1.0,neutral,0.3082302244591068,0.5068522729478276,0.18491750259306547,0.0041065626579789,1,True,False,False,train_oof
20230802,6.739685111914556e-06,-0.010690388087023977,-0.004415098460109901,0.016666666666666607,0.0,6.739685111914556e-06,1.0,neutral,0.17275020177148803,0.6499082863097478,0.17734151191876413,0.0076422737740981,1,True,False,False,train_oof
20230803,6.351743091581632e-06,-0.007896558738366848,-0.001359605129581165,0.016666666666666607,0.0,6.351743091581632e-06,1.0,neutral,0.2610888344473675,0.5604331702670191,0.17847799528561337,-0.0004957267694472,1,True,False,False,train_oof
20230804,0.0001585293441272118,0.00020892138487836175,0.003439554175311426,0.016666666666666774,0.00012883485400832308,2.9322816370308036e-05,1.0,neutral,0.27650012438772914,0.4847099596194555,0.23878991599281527,-0.0007280705615211,1,True,False,False,train_oof
20230807,0.0054755803818419,0.009578258483274888,0.0075981445575269615,0.016666666666666663,0.005427679807189103,3.164650523172329e-05,1.0,neutral,0.2959750575246303,0.5312593942793922,0.1727655481959776,-0.0082480361340806,0,True,False,False,train_oof
20230808,1.794693070454496e-05,-0.0010801645247434282,0.004539020913496118,0.016666666666666774,0.0,1.794693070454496e-05,1.0,neutral,0.40602548174041353,0.4766410033450407,0.11733351491454574,-0.0067408968120645,0,True,False,False,train_oof
20230809,7.327740655412221e-06,-0.0018868174172791963,0.003961512238674747,0.016666666666666607,0.0,7.327740655412221e-06,1.0,neutral,0.32879428375882896,0.49294682879101437,0.17825888745015683,-0.0020320494700909,1,True,False,False,train_oof
20230810,0.001577895341015188,0.0023176404297674904,0.0075354365932496226,0.016666666666666607,0.0015450936198449937,2.9268016807360298e-05,1.0,neutral,0.23362748170620806,0.5132848606896718,0.25308765760412016,-0.0009208568612416,1,True,False,False,train_oof
20230811,0.00017031022216145594,0.00024080077126289144,0.009179742266516319,0.016666666666666607,0.0001605338475085943,9.45889244713563e-06,1.0,neutral,0.3001335544713782,0.43487118816014814,0.2649952573684736,-0.0041817038270496,1,True,False,False,train_oof
20230814,0.0008009636001783586,0.0011841255367433141,0.006073758409530948,0.02499999999999991,0.0007992847373017371,0.0,2.0,good,0.3067994577739295,0.33238444306986376,0.3608160991562068,-4.339341528633544e-05,1,True,False,False,train_oof
20230815,0.0,-0.004980026982847902,-0.0017439879681314108,0.008333333333333304,0.0,0.0,1.0,neutral,0.33860414461794464,0.39631264939736105,0.2650832059846943,0.0026721268710821,1,True,False,False,train_oof
20230816,0.0,-0.007234603127449779,-0.004591837581925627,0.008333333333333304,0.0,0.0,1.0,neutral,0.2663767523536279,0.41460008297613327,0.3190231646702387,-0.0024344567598276,1,True,False,False,train_oof
20230817,0.0,-0.0005806906933049291,-0.0045099979461175055,0.016666666666666607,0.0,0.0,1.0,neutral,0.2220764069955173,0.44372009365455695,0.33420349934992594,0.0001977443735186,1,True,False,False,train_oof
20230818,0.00036372419337017274,0.0005884419722670398,-0.004219076303520496,0.016666666666666774,0.00036287254956467456,0.0,1.0,neutral,0.28989968424559986,0.38943993508480945,0.32066038066959063,-0.0139068123490838,0,True,False,False,train_oof
20230821,0.002639679060857262,0.004216469719350673,0.0007644135620213516,-0.008333333333333248,0.0026352935745941708,0.0,2.0,good,0.35596040260296424,0.2318067345418138,0.4122328628552221,0.0150822763050136,2,True,False,False,train_oof
20230822,0.0023245855550913827,0.003712239215713606,-0.0031242717005222284,-0.008333333333333248,0.0023201495098210036,0.0,2.0,good,0.2332719812501444,0.24543481674141998,0.5212932020084357,-0.0024549065958325,1,True,False,False,train_oof
20230823,0.0007910491821898323,0.0012629793051807878,-0.004990630482078005,-0.008333333333333248,0.0007893620657379924,4.766965375899778e-08,2.0,good,0.2453071988239642,0.24441431911908756,0.5102784820569481,-0.0028215243244413,1,True,False,False,train_oof
20230824,0.0,-0.004667186096438014,-0.008344668746080704,-0.008333333333333248,0.0,0.0,2.0,good,0.22372583667182386,0.23423804627808142,0.5420361170500948,-0.0139993093632021,0,True,False,False,train_oof
20230825,2.145267285386317e-06,-0.00042713135874240804,-0.0039268113009569006,-0.00833333333333336,0.0,2.145267285386317e-06,0.0,bad,0.41014402339175293,0.1845685134884223,0.4052874631198248,0.0128045683799008,2,True,False,False,train_oof
20230828,0.0,-0.0019337677321139002,-0.00393887653310817,-0.008333333333333248,0.0,0.0,2.0,good,0.1538927410523634,0.22951357524006147,0.6165936837075751,0.0107146150240201,2,True,False,False,train_oof
20230829,3.8834664303803576e-07,-0.0010187555058778358,-0.0027040850742233377,-0.008333333333333248,0.0,3.8834664303803576e-07,2.0,good,0.2094665512426991,0.24937437962681952,0.5411590691304814,0.0252156030643335,2,True,False,False,train_oof
20230830,0.005125696382372982,0.008594016811005467,0.0046753409980137915,-0.016666666666666663,0.005013176473086522,9.163514758364465e-05,2.0,good,0.19721426853389798,0.35318776333806823,0.4495979681280337,0.0048736263681274,1,True,False,False,train_oof
20230831,0.005112790947431598,0.009248668265850211,0.007498405171750303,-0.050000000000000044,0.004932623075120112,0.00015492264222161854,2.0,good,0.13957410988014665,0.33718812769669754,0.5232377624231559,-0.0074289154921088,0,True,False,False,train_oof
20230901,0.003774442528142118,0.006356562563288981,0.008864670593529966,-0.03333333333333344,0.0037079948285852387,5.005319246934339e-05,2.0,good,0.17776714519584416,0.28586239277940434,0.5363704620247515,0.0003058599185521,1,True,False,False,train_oof
20230904,3.5185637979876145e-05,-0.003171527258089092,0.0034772657531262534,-0.07500000000000007,0.0,3.5185637979876145e-05,1.0,neutral,0.2510701668970257,0.390174568384005,0.3587552647189694,-0.0102884321371383,0,True,False,False,train_oof
20230905,6.9350922539314055e-06,-0.005160459016270234,-0.0012009209267980405,-0.07500000000000001,0.0,6.9350922539314055e-06,1.0,neutral,0.39478482207254145,0.4440885941151819,0.16112658381227668,0.0020601319542313,1,True,False,False,train_oof
20230906,0.0,-0.004578224777088226,-0.000989220630099689,-0.07500000000000001,0.0,0.0,1.0,neutral,0.2249976080058573,0.5904146613331265,0.18458773066101622,-0.0039142070010509,1,True,False,False,train_oof
20230907,0.0,-0.011931780006883497,-0.004401035009994411,-0.09166666666666673,0.0,0.0,1.0,neutral,0.18713178316470355,0.6226855041741349,0.1901827126611616,-0.0126169362063154,0,True,False,False,train_oof
20230908,0.0,-0.022311350343396756,-0.012798725864884156,-0.09166666666666662,0.0,0.0,0.0,bad,0.4076222023973282,0.3449690434028468,0.24740875419982508,-0.0045462428042102,1,True,False,False,train_oof
20230911,0.0,-0.02171068920986887,-0.013461930526690334,-0.09999999999999992,0.0,0.0,1.0,neutral,0.26791987678754986,0.4777296621755575,0.25435046103689257,0.0039577979025384,1,True,False,False,train_oof
20230912,0.0,-0.01823096342543577,-0.01694911290655826,-0.08333333333333331,0.0,0.0,1.0,neutral,0.2524544619347888,0.513118662071123,0.23442687599408812,-0.0027866168593503,1,True,False,False,train_oof
20230913,0.0,-0.02125844790423292,-0.022214133122467544,-0.10000000000000003,0.0,0.0,1.0,neutral,0.33336260129368156,0.437378987488932,0.22925841121738644,0.000721864914864,1,True,False,False,train_oof
20230914,0.0,-0.022766729738180596,-0.022490401880913335,-0.10000000000000003,0.0,0.0,1.0,neutral,0.25737675252868647,0.5734070421794354,0.16921620529187817,-0.0027191304359503,1,True,False,False,train_oof
20230915,0.0,-0.026027127996171465,-0.024347779381872492,-0.10833333333333339,0.0,0.0,1.0,neutral,0.24268000287609884,0.6039928111974917,0.15332718592640943,-0.0003669828023011,1,True,False,False,train_oof
20230918,0.0,-0.03189867572013673,-0.02314149790789697,-0.11666666666666664,0.0,0.0,1.0,neutral,0.30315790228494466,0.48883677258552083,0.20800532512953462,0.0093172021325084,2,True,False,False,train_oof
20230919,0.0,-0.028695841879192774,-0.021768630363561657,-0.13333333333333325,0.0,0.0,1.0,neutral,0.25124411939687685,0.45492725479052304,0.2938286258126003,-0.0053431390081916,0,True,False,False,train_oof
20230920,0.0,-0.027584873788714957,-0.02127463160698445,-0.1333333333333333,0.0,0.0,1.0,neutral,0.32039763275398436,0.4650003355785006,0.21460203166751507,-0.0039336464403882,1,True,False,False,train_oof
20230921,0.0,-0.02577278149423151,-0.021502671250490712,-0.1333333333333333,0.0,0.0,1.0,neutral,0.3400991245278657,0.47233169202530106,0.18756918344683313,0.0044921597634109,1,True,False,False,train_oof
20230922,0.0,-0.031165484244656892,-0.02108466638937018,-0.13333333333333336,0.0,0.0,1.0,neutral,0.3216009680519276,0.4110696758603588,0.2673293560877136,0.0058606158354779,1,True,False,False,train_oof
20230925,9.207246932501487e-06,-0.02576380480270139,-0.014055112666742272,-0.1333333333333333,0.0,9.207246932501487e-06,1.0,neutral,0.18838191794346848,0.4273058255185581,0.3843122565379735,0.006303463357153,1,True,False,False,train_oof
20230926,1.7309798184532345e-06,-0.028293140185584893,-0.014126298287804909,-0.13333333333333336,0.0,1.7309798184532345e-06,1.0,neutral,0.27428700978171744,0.43977599148660085,0.2859369987316816,0.0025471898258053,1,True,False,False,train_oof
20230927,4.665542985037298e-06,-0.03522418230877079,-0.012504587274856722,-0.11666666666666659,0.0,4.665542985037298e-06,0.0,bad,0.3864939483157465,0.3744593913554964,0.23904666032875704,0.0039682889807356,1,True,False,False,train_oof
20230928,1.1652444713529046e-05,-0.036201535882822135,-0.008514182893341122,-0.08333333333333331,0.0,1.1652444713529046e-05,0.0,bad,0.40312433024407635,0.3522485616843432,0.24462710807158042,0.0091391713066293,2,True,False,False,train_oof
20231009,2.476325957239756e-05,-0.03879133416351336,-0.007254985245574609,-0.12500000000000006,0.0,2.476325957239756e-05,2.0,good,0.26278355934628284,0.3350045844240447,0.4022118562296724,0.0115961634138415,2,True,False,False,train_oof
20231010,2.0762603682728833e-06,-0.03227198649406472,-0.0044472555377776946,-0.09166666666666662,0.0,2.0762603682728833e-06,2.0,good,0.2542766808784428,0.3216741592190507,0.4240491599025065,-0.0072764148323234,0,True,False,False,train_oof
20231011,1.590040794822939e-06,-0.02823630956368526,-0.004169590816169189,-0.09166666666666667,0.0,1.590040794822939e-06,0.0,bad,0.47151386692414565,0.3652005523251192,0.16328558075073515,0.0054014067820353,1,True,False,False,train_oof
20231012,4.058944104152295e-05,-0.02136311715294085,0.004454004693813204,-0.08333333333333331,0.0,4.058944104152295e-05,2.0,good,0.3096263822352038,0.34379696403798415,0.346576653726812,0.001019772281598,1,True,False,False,train_oof
20231013,1.0669462714047932e-05,-0.017816482346132183,0.005245616331444547,-0.06666666666666665,0.0,1.0669462714047932e-05,1.0,neutral,0.28351217182944227,0.5879765851398541,0.12851124303070366,0.0013730939406979,1,True,False,False,train_oof
20231016,9.201713597779592e-06,-0.012570725712287399,0.0016538478644930557,-0.06666666666666665,0.0,9.201713597779592e-06,0.0,bad,0.4152230339433142,0.41364747337463453,0.17112949268205122,-0.0093159371521038,0,True,False,False,train_oof
20231017,0.0,-0.020379095755073056,-0.007197917342727345,-0.05833333333333335,0.0,0.0,1.0,neutral,0.3720263068434844,0.5031129862722845,0.124860706884231,-0.0039863996994272,1,True,False,False,train_oof
20231018,0.0,-0.012799263826002771,-0.003155293719667643,-0.041666666666666685,0.0,0.0,1.0,neutral,0.3320519352801585,0.4152543095949499,0.25269375512489156,-0.0077036067830466,0,True,False,False,train_oof
20231019,0.0,-0.006619096049599801,-0.002835097737909874,-0.025000000000000078,0.0,0.0,1.0,neutral,0.3942870611913428,0.44037940752215665,0.16533353128650055,-0.0078618566063163,0,True,False,False,train_oof
20231020,0.0,-0.0007596851945301589,0.0015240150319804253,-0.00833333333333336,0.0,0.0,0.0,bad,0.4324465607596127,0.37713534273447624,0.19041809650591096,-0.018150826049675,0,True,False,False,train_oof
20231023,0.0015597637138296903,0.002390200658651531,0.0013521791115135712,0.0,0.001553630428123495,0.0,0.0,bad,0.48103664584783484,0.25990008119469055,0.2590632729574746,0.0050758099812381,1,True,False,False,train_oof
20231024,0.001332893066645072,0.0019127567838517767,0.0004739649909021662,0.008333333333333304,0.0012911108290999493,3.726933681842756e-05,2.0,good,0.31992345456252186,0.28588474337073255,0.3941918020667457,0.0297699731658029,2,True,False,False,train_oof
20231025,0.0011129571872083967,0.0016217377106070435,4.0887836272741895e-05,0.025000000000000022,0.0010946729546597546,1.5028758082437515e-05,0.0,bad,0.37449807577805605,0.25758381263596075,0.36791811158598325,0.0027740557701779,1,True,False,False,train_oof
20231026,0.0,-0.01090869986996329,-0.013146390432420406,-0.024999999999999967,0.0,0.0,0.0,bad,0.4002741186357428,0.35831621455260904,0.24140966681164816,-0.0010219522892814,1,True,False,False,train_oof
20231027,0.0,-0.00868561477945086,-0.012009310194622109,-0.01666666666666672,0.0,0.0,1.0,neutral,0.3760450326139108,0.45930956007497237,0.16464540731111676,0.0035785179154463,1,True,False,False,train_oof
20231030,0.0,-0.0013737695074552865,-0.0057854198903199245,-0.01666666666666672,0.0,0.0,1.0,neutral,0.32858097093069144,0.45796970284572547,0.21344932622358306,0.0009943267017164,1,True,False,False,train_oof
20231031,0.0015396457676618304,0.002822824543573188,0.004670557403905485,-0.01666666666666672,0.0015055064232390332,2.6273116512124046e-05,1.0,neutral,0.38521322382475237,0.4384230834783728,0.17636369269687488,-0.0011774575476603,1,True,False,False,train_oof
20231101,0.0025389600017645068,0.004720014237193095,0.004741316813452652,-0.01666666666666672,0.0025173409265029836,8.7954553745585e-06,1.0,neutral,0.3319014169609663,0.4922779860188069,0.17582059702022682,-0.0045396881379301,1,True,False,False,train_oof
20231102,0.001392946933082194,0.0025935348361473994,0.0022482233679631722,-0.050000000000000044,0.0013399929986761562,4.596934106463038e-05,1.0,neutral,0.2651439530263335,0.5947357551744695,0.14012029179919697,-0.0004031289677441,1,True,False,False,train_oof
20231103,0.0003849278062811365,0.0005934818534050756,0.0023887668651340994,-0.04999999999999999,0.0003363063835962095,4.70862460745426e-05,1.0,neutral,0.30674543491173184,0.5599923800598494,0.1332621850284187,0.0137811728580396,2,True,False,False,train_oof
20231106,0.002892609868217061,0.005071778716248736,0.00601051575063007,-0.024999999999999967,0.0028317431165722114,4.705627319959586e-05,1.0,neutral,0.20060736496857337,0.5952843799587023,0.2041082550727244,0.0160489622771014,2,True,False,False,train_oof
20231107,0.007234376046612082,0.013714930772520636,0.015337088570668917,-0.016666666666666774,0.0070860475658023276,0.00010093370462042112,1.0,neutral,0.1985950839299195,0.4076278658202874,0.3937770502497931,0.0041162240333596,1,True,False,False,train_oof
20231108,0.005318244555281428,0.010688282115993299,0.010296521639066653,-0.025000000000000078,0.005255072040363371,2.5971142274707863e-05,1.0,neutral,0.1981072644461933,0.6174424435226349,0.1844502920311718,-0.0046356866174575,1,True,False,False,train_oof
20231109,0.002591281597438011,0.004985552062437022,0.011999979511801356,-0.00833333333333336,0.0025343222984054864,4.020647935207522e-05,1.0,neutral,0.3763531583396728,0.4990910921376773,0.12455574952265006,0.0033947641279916,1,True,False,False,train_oof
20231110,0.002712236941675782,0.004850018912789892,0.011419918207715003,-0.016666666666666663,0.0026675104020344406,2.8100188274275102e-05,1.0,neutral,0.3313593235219537,0.5116179387315714,0.15702273774647504,0.0013907463484488,1,True,False,False,train_oof
20231113,0.0036152757715669907,0.00651849146086636,0.008374576564321022,-0.016666666666666663,0.003585170303476498,8.190623881213737e-06,1.0,neutral,0.3712667719553365,0.47794020135587006,0.15079302668879338,0.001570490278283,1,True,False,False,train_oof
20231114,0.008020071766566642,0.015951078403902884,0.006663253967745808,-0.016666666666666663,0.007975539201951442,0.0,1.0,neutral,0.36725265787025074,0.49541726085773846,0.13733008127201088,0.0078181707610255,1,True,False,False,train_oof
20231115,0.004275253180694598,0.008794612482171818,0.002587312015470543,-0.06666666666666671,0.004250729366383045,0.0,1.0,neutral,0.22750607261648167,0.4929781191637699,0.2795158082197484,-0.0020113710829736,1,True,False,False,train_oof
20231116,0.002570679958091504,0.0058939872673903215,-0.0007326822127617927,-0.08333333333333331,0.0025540611492024727,0.0,0.0,bad,0.44997406327471273,0.43331635428580045,0.11670958243948687,0.0031627212545126,1,True,False,False,train_oof
20231117,0.0,-0.007098915827802681,-0.008760346063967103,-0.10000000000000003,0.0,0.0,1.0,neutral,0.23679708617131304,0.6396672891545703,0.1235356246741167,0.0148420419277198,2,True,False,False,train_oof
20231120,0.0,-0.006961271683181315,-0.008181314717856955,-0.09999999999999987,0.0,0.0,1.0,neutral,0.09918598460479178,0.5231864644236975,0.37762755097151063,0.0030799532875658,1,True,False,False,train_oof
20231121,0.0,-0.01079445619544006,-0.01176120052047336,-0.09999999999999998,0.0,0.0,1.0,neutral,0.2484768564286252,0.620617767975574,0.13090537559580068,-0.0017586389539086,1,True,False,False,train_oof
20231122,0.0,-0.011451429670837308,-0.012453943405716778,-0.09999999999999987,0.0,0.0,1.0,neutral,0.3022276527568416,0.5664287454739063,0.13134360176925203,0.0028809016310222,1,True,False,False,train_oof
20231123,0.0,-0.00208734786938769,-0.017568389634245153,-0.04999999999999993,0.0,0.0,1.0,neutral,0.22355264571272784,0.5883006815481276,0.1881466727391446,-0.0052650879435956,0,True,False,False,train_oof
20231124,0.0,-0.005121194465352086,-0.019400404152970303,-0.05833333333333324,0.0,0.0,1.0,neutral,0.42139351126564073,0.46158424726156616,0.1170222414727932,-0.0099152066665369,0,True,False,False,train_oof
20231127,0.0,-0.014130774647634367,-0.021041577485460466,-0.058333333333333404,0.0,0.0,1.0,neutral,0.4459066652748982,0.46235645982059276,0.09173687490450896,0.0121027714018981,2,True,False,False,train_oof
20231128,0.0,-0.02489393993983824,-0.0203173023559721,-0.04999999999999999,0.0,0.0,1.0,neutral,0.19810239419476944,0.44304023183528674,0.3588573739699437,0.0047385886149374,1,True,False,False,train_oof
20231129,0.0,-0.02411310770747649,-0.017915663694798394,-0.04999999999999999,0.0,0.0,1.0,neutral,0.3700355522764204,0.4056873988233788,0.22427704890020084,0.0029281472101288,1,True,False,False,train_oof
20231130,0.0,-0.026278177689704845,-0.021066259970325164,-0.03333333333333327,0.0,0.0,1.0,neutral,0.3461103815973009,0.47653811412867736,0.17735150427402166,0.0036992697072033,1,True,False,False,train_oof
20231201,0.0,-0.021311038122199366,-0.014766512803071433,0.008333333333333304,0.0,0.0,1.0,neutral,0.26856922952011664,0.4990968090816703,0.23233396139821302,0.0082365727478073,1,True,False,False,train_oof
20231204,3.5539652311669294e-06,-0.025241923310796575,-0.013944502003665631,0.025000000000000022,0.0,3.5539652311669294e-06,1.0,neutral,0.24920938539208823,0.44528674072268143,0.30550387388523026,-0.0123316059953453,0,True,False,False,train_oof
20231205,0.0,-0.03851419403895172,-0.01692810583633573,0.025000000000000022,0.0,0.0,0.0,bad,0.47070903596599006,0.402433800084776,0.12685716394923388,-0.0146942378212681,0,True,False,False,train_oof
20231206,0.0,-0.03508583901919764,-0.016185212443383983,0.03333333333333327,0.0,0.0,0.0,bad,0.4887846813783556,0.37817296740463857,0.1330423512170057,0.0080442841959981,1,True,False,False,train_oof
20231207,0.0,-0.03683061927330666,-0.014213600119960756,0.016666666666666607,0.0,0.0,1.0,neutral,0.32282578360129854,0.42518329256399684,0.25199092383470467,0.0020235779108354,1,True,False,False,train_oof
20231208,0.0,-0.03716652593389117,-0.012898071963420393,0.02499999999999991,0.0,0.0,0.0,bad,0.4129892291443578,0.40562471008747836,0.1813860607681638,-0.0021357703553371,1,True,False,False,train_oof
20231211,5.839804803875402e-05,-0.02182707447560537,0.0016092836951385366,0.041666666666666685,0.0,5.839804803875402e-05,0.0,bad,0.5058151733681302,0.30042919201236606,0.19375563461950368,0.013763892881252,2,True,False,False,train_oof
20231212,2.5788873394289465e-05,-0.019746547010386323,0.004113623727876252,0.041666666666666685,0.0,2.5788873394289465e-05,1.0,neutral,0.37326501120959793,0.38061816401937826,0.24611682477102384,0.0111678913730217,2,True,False,False,train_oof
20231213,2.9866613723896087e-05,-0.02416251195639187,-0.002726345475873748,0.041666666666666685,0.0,2.9866613723896087e-05,1.0,neutral,0.17535561894395243,0.536130264341699,0.2885141167143487,-0.0076699689374149,0,True,False,False,train_oof
20231214,1.1948123544126538e-05,-0.02386709940699141,-0.004474856352439882,0.05833333333333335,0.0,1.1948123544126538e-05,0.0,bad,0.4449624837816542,0.39958215695925503,0.15545535925909057,-0.0020696182444447,1,True,False,False,train_oof
20231215,3.0205060609642577e-06,-0.018023138805969507,-0.005431814614859847,0.05833333333333335,0.0,3.0205060609642577e-06,0.0,bad,0.43949087498615247,0.4239749081886794,0.13653421682516828,0.0058872103803465,1,True,False,False,train_oof
20231218,0.0,-0.02020183913032835,-0.006578810293323096,0.05833333333333335,0.0,0.0,1.0,neutral,0.22258610451742158,0.5331605733873792,0.24425332209519912,-0.005529432614926,0,True,False,False,train_oof
20231219,0.0,-0.01801498220152529,-0.007550423492239555,0.058333333333333404,0.0,0.0,1.0,neutral,0.2418858113946414,0.5066016292279386,0.25151255937742006,-0.0127727603372907,0,True,False,False,train_oof
20231220,0.0,-0.012911919607909453,-0.0028416043692361566,0.06666666666666665,0.0,0.0,0.0,bad,0.5118923293440486,0.2755669413338596,0.21254072932209178,0.0039604660771547,1,True,False,False,train_oof
20231221,0.0,-0.006947582360156614,-0.001615743120098767,0.06666666666666665,0.0,0.0,0.0,bad,0.461979709186735,0.22673521144332998,0.3112850793699351,-0.0178106219540386,0,True,False,False,train_oof
20231222,0.00250417700513699,0.003755025907886421,0.007347545408298496,0.06666666666666665,0.002440766840126173,5.2216201445745436e-05,0.0,bad,0.5893469026116223,0.24195383000862167,0.16869926737975616,-0.0242222002841592,0,True,False,False,train_oof
20231225,0.005334469564664625,0.008097820132640009,0.00879227424785576,0.06666666666666665,0.005263583086216005,4.7941343108323295e-05,0.0,bad,0.5644197827094778,0.18686636724115907,0.2487138500493632,-0.0034224497772251,1,True,False,False,train_oof
20231226,0.004550981105577193,0.007256067710538841,0.007104858640574457,0.050000000000000044,0.004474575088165619,5.593166375564983e-05,0.0,bad,0.5095697128329346,0.21354333117926855,0.2768869559877969,0.006484512851127,1,True,False,False,train_oof
20231227,0.0021849589689260135,0.0032322910300013746,0.004183519494097468,0.04999999999999999,0.0021548606866675832,2.0695928887267056e-05,2.0,good,0.3112267272989747,0.2006817037786953,0.48809156892232985,0.0097068720245447,2,True,False,False,train_oof
20231228,0.0024038311284054125,0.003865115534956963,8.097965583582847e-05,0.03333333333333338,0.0023834879132234605,1.0283213736498684e-05,2.0,good,0.24995715703128857,0.22225412975301048,0.527788713215701,0.0069177890856863,1,True,False,False,train_oof
20231229,0.0075982566446758945,0.012970804505731383,0.014120688490954325,-0.00833333333333336,0.007458212590795545,8.628111587079376e-05,2.0,good,0.3190507202120225,0.336125496473692,0.34482378331428554,0.0100591025160582,2,True,False,False,train_oof
20240102,0.004230670961527862,0.007521220565921489,0.007843054086296097,-0.025000000000000022,0.004199348149306165,2.2549284204666927e-06,1.0,neutral,0.2016700914454423,0.4988869186807043,0.2994429898738535,0.0021313340400375,1,True,False,False,train_oof
20240103,0.0014187454037234688,0.0025222331028399263,-0.0025947563036209376,-0.025000000000000022,0.0014082468157522923,0.0,0.0,bad,0.4328831261967291,0.41642420984512596,0.1506926639581449,-0.0029889123646229,1,True,False,False,train_oof
20240104,0.0,-0.0026719037464480663,-0.009045770359086158,-0.033333333333333326,0.0,0.0,1.0,neutral,0.3774371555131063,0.47213723907033023,0.15042560541656355,-0.000989126031298,1,True,False,False,train_oof
20240105,0.0,-0.00901772235264222,-0.014811368939516067,-0.041666666666666574,0.0,0.0,0.0,bad,0.46479979898574014,0.3949813516495637,0.14021884936469609,-0.0022165198706151,1,True,False,False,train_oof
20240108,0.0,-0.010668114099434502,-0.01644263905299096,-0.041666666666666574,0.0,0.0,1.0,neutral,0.3383136400922373,0.5026443104706485,0.15904204943711422,0.0018185936762854,1,True,False,False,train_oof
20240109,0.0,-0.0236836691074941,-0.015568120171779741,-0.05833333333333335,0.0,0.0,2.0,good,0.2967475283177226,0.32218768933657654,0.3810647823457008,-0.0074182295772612,0,True,False,False,train_oof
20240110,0.0,-0.02565214189794901,-0.015192118826159326,-0.07500000000000001,0.0,0.0,0.0,bad,0.5250063856271957,0.24552657327121996,0.2294670411015842,0.0194030481638173,2,True,False,False,train_oof
20240111,0.0,-0.017370171898705225,-0.013526308630149232,-0.04166666666666674,0.0,0.0,2.0,good,0.19478127409045543,0.2599734730569862,0.5452452528525584,-0.005292182696971,0,True,False,False,train_oof
20240112,1.2242220390056545e-05,-0.009721534984757273,-0.007972605172780534,-0.04166666666666674,0.0,1.2242220390056545e-05,0.0,bad,0.5112885193273,0.28693960928047035,0.20177187139222952,-0.0135425511891194,0,True,False,False,train_oof
20240115,0.0,-0.013209181868532725,-0.012771040566519568,-0.04166666666666674,0.0,0.0,0.0,bad,0.4598694532522557,0.34866452774558293,0.19146601900216126,-0.00127832844524,1,True,False,False,train_oof
20240116,0.0,-0.016062107336301777,-0.017035988560946142,-0.050000000000000044,0.0,0.0,0.0,bad,0.3985179711676516,0.37852169980737094,0.22296032902497753,-0.007423009447045,0,True,False,False,train_oof
20240117,0.0,-0.01008399077799381,-0.012419918193056635,-0.024999999999999967,0.0,0.0,0.0,bad,0.47554937105722345,0.30736101310842245,0.21708961583435407,-0.0091934058153797,0,True,False,False,train_oof
20240118,0.0,-0.016573967483759625,-0.014243322341085496,-0.03333333333333338,0.0,0.0,0.0,bad,0.43378710073258736,0.20634257773736822,0.35987032153004445,-0.0048592046791746,1,True,False,False,train_oof
20240119,4.855629617909009e-05,-0.0034866556959005646,0.00018921251766048502,-0.024999999999999967,0.0,4.855629617909009e-05,2.0,good,0.37763400302269057,0.14842176509510238,0.473944231882207,-0.0082501415103788,0,True,False,False,train_oof
20240122,3.6988624369438617e-05,-0.011861061850343614,0.0012637649602993406,-0.025000000000000022,0.0,3.6988624369438617e-05,2.0,good,0.37824053924455725,0.22126830181731158,0.40049115893813125,-0.032049371701504,0,True,False,False,train_oof
20240123,0.0010995483301362305,0.0011286093846518547,0.016028138971356895,-0.025000000000000022,0.0007053808654074092,0.0003917886568105654,2.0,good,0.32347568797978765,0.1508107931770055,0.5257135188432068,0.0136558363201693,2,True,False,False,train_oof
20240124,0.0011711253770588146,0.0017177904677702638,0.015603146231192223,-0.016666666666666607,0.0010593041217916628,0.00010840240136422771,2.0,good,0.12151372868912247,0.16184133119061972,0.7166449401202578,0.0287390650497744,2,True,False,False,train_oof
20240125,0.00012462370685344373,-0.0029722403443550316,0.008438261530963928,-0.016666666666666663,0.0,0.00012462370685344373,2.0,good,0.11363724087762793,0.1605019842277026,0.7258607748946695,0.0180553707746224,2,True,False,False,train_oof
20240126,0.0,-0.00910484638022524,-0.0010822988004645304,0.0,0.0,0.0,2.0,good,0.14781514487557612,0.30850112970938653,0.5436837254150373,-0.0283150049947672,0,True,False,False,train_oof
20240129,0.0,-0.03596108724926238,-0.013701879957381001,-0.008333333333333304,0.0,0.0,0.0,bad,0.525469976661457,0.22063005281579892,0.25389997052274416,-0.0316938175110539,0,True,False,False,train_oof
20240130,0.0,-0.040480718328796364,-0.02287978834247685,-0.008333333333333304,0.0,0.0,0.0,bad,0.4834698264481995,0.21313892799600143,0.30339124555579905,-0.0289036400539233,0,True,False,False,train_oof
20240131,0.0,-0.03471373305406249,-0.02452340321239694,-0.008333333333333304,0.0,0.0,0.0,bad,0.4915193081376041,0.20859271124963114,0.29988798061276467,-0.0410047781639249,0,True,False,False,train_oof
20240201,0.0,-0.012614534247973458,-0.006367441733043169,0.0,0.0,0.0,2.0,good,0.2929942124827879,0.15360428710489668,0.5534015004123154,-0.0235053516692539,0,True,False,False,train_oof
20240202,0.0023893260506772113,0.0036751242771466686,0.004933495775642796,0.03333333333333327,0.0023888307801453344,0.0,2.0,good,0.35556231009842765,0.1179989438430735,0.5264387460584988,-0.0856064799189758,0,True,False,False,train_oof
20240205,0.00530490931814282,0.007956455700299042,0.006900913125271843,0.03333333333333327,0.005171696205194377,0.0001338537844423636,2.0,good,0.3157553305015545,0.20142806568187271,0.48281660381657276,-0.0410577178948889,0,True,False,False,train_oof
20240206,0.02876453480661572,0.04158879850157059,0.03975430327032124,0.08333333333333331,0.027032719026020877,0.0017683927899307622,2.0,good,0.20187857411624718,0.12076367034075233,0.6773577555430006,0.0202445418207873,2,True,False,False,train_oof
20240207,0.034740738174393264,0.05172451632641915,0.04699483381039573,0.09999999999999998,0.03362093561217244,0.0011215339137700222,2.0,good,0.226209047804622,0.13852524480921283,0.6352657073861652,0.0184467853782895,2,True,False,False,train_oof
20240208,0.028316577706784248,0.04563790608353417,0.03884614141862058,0.10000000000000003,0.027382743650120507,0.0009699117844528621,2.0,good,0.2980998852037721,0.16637018693557987,0.5355299278606479,0.1052934990810524,2,True,False,False,train_oof
20240219,0.018762495257074397,0.03048586621827286,0.027054149448004234,0.10000000000000003,0.01829151973096372,0.000525449933921223,2.0,good,0.16569026208304694,0.2626885786762916,0.5716211592406615,0.0368074312078874,2,True,False,False,train_oof
20240220,0.02364479048612218,0.04202011176378612,0.03058067146112301,0.10833333333333334,0.023461229068113917,0.00026250243918460233,2.0,good,0.16173908026348455,0.30417035323107067,0.5340905665054448,0.0234298122721836,2,True,False,False,train_oof
20240221,0.022100487801239188,0.04158864891403659,0.022193635539833757,0.08333333333333343,0.02218061275415285,0.0,2.0,good,0.11845270461416706,0.3544049440952642,0.5271423512905689,0.015859000325604,2,True,False,False,train_oof
20240222,0.01710593906125716,0.033240221048372785,0.0158352382692367,0.06666666666666665,0.017174114208325937,0.0,2.0,good,0.14513192020020507,0.38185620079997457,0.4730118789998204,0.0319091511005896,2,True,False,False,train_oof
20240223,0.014580985970735573,0.03141253685756788,0.0076918593107187655,0.06666666666666665,0.014659183866865011,0.0,2.0,good,0.12105958363626729,0.30989951589895726,0.5690409004647754,0.0098928180570099,2,True,False,False,train_oof
20240226,0.003963309691780983,0.00870356767251205,-0.0008145650685496345,0.05833333333333335,0.00398913518323469,0.0,2.0,good,0.2640788773811574,0.32645209043802054,0.40946903218082203,0.0353838564335353,2,True,False,False,train_oof
20240227,0.002067826364713472,0.004805429285433463,-0.0050368640782600185,0.050000000000000044,0.002082352690354501,0.0,2.0,good,0.15441658695454305,0.23484776076839234,0.6107356522770646,-0.0280682563405847,0,True,False,False,train_oof
20240228,0.0,-0.005716999425274927,0.0012014056315817756,0.04999999999999993,0.0,0.0,0.0,bad,0.4032331012303019,0.33535373768923793,0.26141316108046014,-0.0237740348691693,0,True,False,False,train_oof
20240229,4.59251236509816e-05,0.00010642578431813154,0.006254421608916538,0.050000000000000044,4.6117839871190335e-05,0.0,0.0,bad,0.3471630182031728,0.34124495382163283,0.3115920279751945,0.0205584766195186,2,True,False,False,train_oof
20240301,0.006798269584620967,0.01562762556124521,0.012580255457777745,0.050000000000000044,0.0067719710765395905,4.505166099523691e-05,2.0,good,0.23802242479419347,0.3270563711939853,0.43492120401182116,-0.0001859879459581,1,True,False,False,train_oof
20240304,0.012001612210405414,0.027655330806713577,0.012426004120198758,0.050000000000000044,0.011983976682909217,3.738219955247954e-05,0.0,bad,0.386790183095092,0.3298829006389103,0.2833269162659977,-0.010716588191813,0,True,False,False,train_oof
20240305,0.01900065511504027,0.047513435065215257,0.013009911113465902,0.06666666666666665,0.019005374026086104,6.231223987914279e-05,0.0,bad,0.46151235491805004,0.275319717097802,0.263167927984148,0.0005555997916723,1,True,False,False,train_oof
20240306,0.02629755029750036,0.06731343608964262,0.01468482722462073,0.05833333333333324,0.026364429135110022,0.00010875635969485151,0.0,bad,0.39073988930023673,0.3235772762372787,0.28568283446248455,0.000764087304587,1,True,False,False,train_oof
20240307,0.0268270281495598,0.07203481115990788,0.009520483624033307,0.05833333333333324,0.027013054184965454,4.487667481774178e-05,0.0,bad,0.4223420179726749,0.34315773859685017,0.23450024343047499,0.000248632531138,1,True,False,False,train_oof
20240308,0.01453345066542053,0.038924998999791474,-0.003194053691148814,0.05833333333333324,0.014596874624921803,0.0,0.0,bad,0.3550210756954353,0.34317205125221245,0.3018068730523522,0.0041469616801511,1,True,False,False,train_oof
20240311,0.008157836495112113,0.023986178211880857,-0.005263371392475902,0.02499999999999991,0.008195277555725959,0.0,2.0,good,0.2463419163652532,0.3490940103923636,0.4045640732423832,0.0452111300980449,2,True,False,False,train_oof
20240312,0.013675665460812484,0.046292198843572135,0.014527734997206242,0.025000000000000022,0.013501891329375204,0.00018389166804006515,2.0,good,0.12683076525291556,0.2886434743355612,0.5845257604115233,0.0099545643637253,2,True,False,False,train_oof
20240313,0.0002053219879469872,0.0005809345007887212,0.01635157657549232,-0.025000000000000022,0.0001500747460370863,5.407527139403713e-05,1.0,neutral,0.13772722671576157,0.5147206745519305,0.3475520987323079,0.0005469945529633,1,True,False,False,train_oof
20240314,2.509742839040558e-05,-0.013000222670841555,0.01188105578470603,-0.04166666666666674,0.0,2.509742839040558e-05,1.0,neutral,0.1946954251378138,0.5237787977704593,0.2815257770917268,0.0036197067655667,1,True,False,False,train_oof
20240315,4.4982686794418656e-05,-0.007869849656657865,0.00944674270451492,-0.04166666666666663,0.0,4.4982686794418656e-05,1.0,neutral,0.1482116989019458,0.5788850000640855,0.2729033010339688,0.0170294339989961,2,True,False,False,train_oof
20240318,4.112355061459894e-05,-0.001848767303454249,0.0025218793854084876,-0.05833333333333335,0.0,4.112355061459894e-05,1.0,neutral,0.12074724025786003,0.5438114324131714,0.3354413273289686,0.0053898228268251,1,True,False,False,train_oof
20240319,0.00012020827131034872,0.0003565736422862925,0.009891872517228041,-0.06666666666666665,0.00011885788076209752,0.0,1.0,neutral,0.11546308149748313,0.6345109566524395,0.2500259618500774,0.0221074583399678,2,True,False,False,train_oof
20240320,0.0,-0.00034298171753679996,0.002911470270873351,-0.03333333333333344,0.0,0.0,1.0,neutral,0.061661619672704074,0.5368855437296361,0.40145283659765973,0.0535940898796438,2,True,False,False,train_oof
20240321,0.0,-2.0966890803844618e-05,-0.0014658667689682048,-0.05833333333333335,0.0,0.0,2.0,good,0.09812451055598927,0.4344415491490377,0.46743394029497304,0.0025693050319903,1,True,False,False,train_oof
20240322,0.0005310860261009387,0.0012874049729048043,-0.006795202094712849,-0.05833333333333335,0.0005256903639361284,0.0,1.0,neutral,0.17414526038461733,0.6247983821731522,0.2010563574422304,-0.0091722082307269,0,True,False,False,train_oof
20240325,0.003045237767850641,0.006582195949435911,-0.009783485565069213,-0.05833333333333329,0.0030168398101581262,0.0,1.0,neutral,0.23334257060448818,0.5924845292924878,0.17417290010302394,-0.0021776804487811,1,True,False,False,train_oof
20240326,0.005041224073343628,0.010340178470197046,-0.010240956906749109,-0.0500000000000001,0.0049977529272619056,0.0,1.0,neutral,0.2766814262936078,0.4299199358549916,0.2933986378514006,-0.0061645598445829,0,True,False,False,train_oof
20240327,0.0017900376236396295,0.0034938795661821533,-0.011403726463100745,-0.041666666666666685,0.0017760554461425946,0.0,1.0,neutral,0.31082521653771933,0.4586664293706069,0.2305083540916738,-0.0021253606911296,1,True,False,False,train_oof
20240328,0.0,-0.0034252801901340866,-0.01265159328279497,-0.041666666666666685,0.0,0.0,0.0,bad,0.3546365557311463,0.2938434023187978,0.35152004195005593,0.0208672429566491,2,True,False,False,train_oof
20240329,0.0,-0.012257385510195895,-0.014715942390572556,-0.041666666666666685,0.0,0.0,2.0,good,0.12545286599308153,0.40469303309385823,0.46985410091306007,0.0182929363527594,2,True,False,False,train_oof
20240401,0.0,-0.017921228185100318,-0.018438587660937276,-0.05833333333333335,0.0,0.0,2.0,good,0.12487856969223159,0.31319526982629753,0.5619261604814709,0.0123244199282868,2,True,False,False,train_oof
20240402,0.0,-0.016258440940410884,-0.013255493919948774,-0.06666666666666665,0.0,0.0,1.0,neutral,0.1672839503331671,0.5513313109720255,0.2813847386948074,0.0119154905782386,2,True,False,False,train_oof
20240403,0.0,-0.023134470094019182,-0.014201052132958508,-0.05833333333333335,0.0,0.0,1.0,neutral,0.1629190907495179,0.6175384283039804,0.21954248094650172,-0.0127789619498361,0,True,False,False,train_oof
20240408,0.0,-0.030587014938201967,-0.02166176138387127,-0.05833333333333335,0.0,0.0,0.0,bad,0.48990369871981776,0.40725438742761294,0.10284191385256942,0.0026923282080486,1,True,False,False,train_oof
20240409,0.0,-0.023298111958730362,-0.023362056186265762,-0.05833333333333335,0.0,0.0,1.0,neutral,0.25359610941306415,0.5739754433086497,0.1724284472782862,-0.0073236027613804,0,True,False,False,train_oof
20240410,0.0,-0.019462558465057102,-0.019854104196434075,-0.05833333333333335,0.0,0.0,0.0,bad,0.44173760376771815,0.3910164972962824,0.16724589893599945,0.0005232658058253,1,True,False,False,train_oof
20240411,0.0,-0.04295389074109378,-0.021798650197964547,-0.05833333333333335,0.0,0.0,1.0,neutral,0.28762117826644984,0.5541461193506442,0.15823270238290596,-0.0053369457794612,0,True,False,False,train_oof
20240412,0.0,-0.0476685712850929,-0.022331412435278867,-0.07500000000000001,0.0,0.0,0.0,bad,0.45151369284098863,0.3218082063171743,0.2266781008418371,-0.0336580217569766,0,True,False,False,train_oof
20240415,0.0,-0.04370349545676207,-0.020448008709016304,-0.05833333333333324,0.0,0.0,0.0,bad,0.5149685459792983,0.2508905483109149,0.23414090570978685,-0.0668371072274203,0,True,False,False,train_oof
20240416,0.0001507255425684896,-0.02731851050065211,-0.004256408835823473,-0.041666666666666574,0.0,0.0001507255425684896,0.0,bad,0.5034999951415389,0.27448022032579344,0.22201978453266774,0.0096722146453114,2,True,False,False,train_oof
20240417,0.00019117762653958367,-0.01114429457176673,0.005880195211086604,-0.024999999999999967,0.0,0.00019117762653958367,2.0,good,0.18093390384926067,0.27008832435740865,0.5489777717933306,0.0273425194177455,2,True,False,False,train_oof
20240418,0.00012319513938830048,-0.026054021751055347,-0.0009992704500423142,-0.024999999999999967,0.0,0.00012319513938830048,2.0,good,0.29886827005993283,0.29661926341372385,0.4045124665263433,0.0051305409510074,1,True,False,False,train_oof
20240419,3.3343437937398736e-05,-0.026531458903962767,-0.006372160910352493,-0.04999999999999999,0.0,3.3343437937398736e-05,1.0,neutral,0.3307074950894543,0.41806976488641867,0.25122274002412703,-0.0130445808363271,0,True,False,False,train_oof
20240422,0.0,-0.032913750438947405,-0.01574501304691217,-0.03333333333333338,0.0,0.0,0.0,bad,0.425118948044857,0.3548029301470121,0.22007812180813083,-0.0039639853399327,1,True,False,False,train_oof
20240423,0.0,-0.02699977926933351,-0.013126991644958192,-0.03333333333333338,0.0,0.0,0.0,bad,0.39506992330663115,0.3113108859179763,0.29361919077539256,0.0163626475289805,2,True,False,False,train_oof
20240424,0.0,-0.020325171520452587,-0.007727075414053285,-0.008333333333333304,0.0,0.0,2.0,good,0.26560588880912894,0.32614918600194864,0.4082449251889225,0.0066928834914922,1,True,False,False,train_oof
20240425,0.0,-0.021113360860332032,-0.007315127967521467,-0.008333333333333304,0.0,0.0,1.0,neutral,0.269177556774152,0.37009427955875823,0.3607281636670897,0.0047243689195123,1,True,False,False,train_oof
20240426,0.0,-0.023843143555310083,-0.01000605361784418,-0.04166666666666663,0.0,0.0,1.0,neutral,0.3134159953698258,0.41589623828008676,0.2706877663500874,0.0193341163310443,2,True,False,False,train_oof
20240429,0.00012384641156313486,-0.009331776608577145,0.004006218525172467,-0.041666666666666796,0.0,0.00012384641156313486,1.0,neutral,0.3060486802144012,0.360825341518707,0.3331259782668917,0.0153437752210408,2,True,False,False,train_oof
20240430,0.003756070197357814,0.007070099489417836,0.017601190033276166,-0.041666666666666796,0.0034761322489637687,0.0002618395883330622,2.0,good,0.2584296211132041,0.27656771895662197,0.4650026599301739,0.0038009524398238,1,True,False,False,train_oof
20240506,0.0021161297095942523,0.003754796412600533,0.00925209352865745,-0.024999999999999967,0.002033848056825289,7.129933779160172e-05,1.0,neutral,0.2217095964854526,0.5107762610431164,0.2675141424714311,0.0037073726129558,1,True,False,False,train_oof
20240507,5.9667061473500006e-05,-0.0015027267269864981,0.008956959673210606,-0.024999999999999967,0.0,5.9667061473500006e-05,1.0,neutral,0.29570198604059367,0.4568112556626364,0.24748675829676992,-0.0102840847427354,0,True,False,False,train_oof
20240508,5.64827647203247e-05,-0.006326608715459906,0.0020013357108436755,-0.05833333333333335,0.0,5.64827647203247e-05,0.0,bad,0.40575910131719983,0.34981466426361396,0.24442623441918626,0.0023901106367294,1,True,False,False,train_oof
20240509,0.0007968779135096336,0.0015603061236061366,0.00042938734070937026,-0.05833333333333335,0.0007931556128331195,0.0,1.0,neutral,0.34939126178090635,0.3641265923052532,0.28648214591384036,-0.006108404471892,0,True,False,False,train_oof
20240510,0.0044218368801696335,0.009597326297638355,0.0044680272484258,-0.05833333333333329,0.004398774553084246,0.0,0.0,bad,0.4320153806708213,0.3001156362060905,0.26786898312308816,-0.00396635960779,1,True,False,False,train_oof
20240513,0.0,-0.0006684359592220579,-0.002720073085596627,-0.06666666666666676,0.0,0.0,0.0,bad,0.4302870355069371,0.35438111724411164,0.21533184724895127,-0.0003712550225513,1,True,False,False,train_oof
20240514,0.0010907759673789135,0.0021709077376410243,-0.004602538035939983,-0.06666666666666676,0.001085453868820512,0.0,0.0,bad,0.3953258111191384,0.371433258127938,0.23324093075292365,0.0021099200431044,1,True,False,False,train_oof
20240515,0.0,-0.00013765788762916398,-0.00987926192229823,-0.07500000000000001,0.0,0.0,0.0,bad,0.4704452515467489,0.3355173763528912,0.19403737210036007,0.0161026308593782,2,True,False,False,train_oof
20240516,0.0,-0.0007511206566522821,-0.010778984824851623,-0.07500000000000001,0.0,0.0,1.0,neutral,0.2503131617186396,0.4640011324444655,0.2856857058368949,0.0050348999395831,1,True,False,False,train_oof
20240517,0.0,-0.015878524314623964,-0.00918905014660724,-0.09166666666666673,0.0,0.0,1.0,neutral,0.22567070668537187,0.5653909195389474,0.20893837377568072,0.0019742808885856,1,True,False,False,train_oof
20240520,0.0,-0.029000339560420148,-0.009374045967595614,-0.09166666666666662,0.0,0.0,1.0,neutral,0.2765510433845347,0.5960101469063914,0.1274388097090738,-0.0035261273347666,1,True,False,False,train_oof
20240521,0.0,-0.020689929456641533,-0.010065425408433176,-0.10833333333333328,0.0,0.0,1.0,neutral,0.3529756812666188,0.5142502751795196,0.13277404355386158,-0.0014822920144577,1,True,False,False,train_oof
20240522,0.0,-0.013320323137923456,-0.009216768349664822,-0.08333333333333337,0.0,0.0,1.0,neutral,0.2651409756240982,0.5925811547964291,0.14227786957947258,-0.0157350986169372,0,True,False,False,train_oof
20240523,0.003558552866334858,0.00790758121512055,-0.0005057453846022044,-0.07499999999999984,0.0034925150366782436,3.304053074117662e-05,0.0,bad,0.49939344352099135,0.3564185172099544,0.14418803926905413,-0.0057013958259838,0,True,False,False,train_oof
20240524,0.004945574519911753,0.010621685087982849,0.002715906722054166,-0.07500000000000001,0.004868272331992139,3.7317640509002975e-05,1.0,neutral,0.2623289600605304,0.5396178840827778,0.19805315585669178,0.0005631745329394,1,True,False,False,train_oof
20240527,1.2952646306902249e-05,-0.0024293566246021588,-0.0052193718990735105,-0.09999999999999998,0.0,1.2952646306902249e-05,1.0,neutral,0.40518978095151414,0.4137150156322455,0.18109520341624036,0.0004924662009551,1,True,False,False,train_oof
20240528,1.1231967055492842e-05,-0.0026087080352741703,-0.005910587106863983,-0.09999999999999998,0.0,1.1231967055492842e-05,0.0,bad,0.48070699238659104,0.28932705373702694,0.22996595387638202,-0.0014138460878457,1,True,False,False,train_oof
20240529,7.607733608008387e-06,-0.0001531583500220153,-0.007261725510513479,-0.07500000000000001,0.0,7.607733608008387e-06,1.0,neutral,0.33095378190349845,0.39156276115594896,0.2774834569405526,-0.0139752109298707,0,True,False,False,train_oof
20240530,0.0,-0.014260256835913476,-0.007142559517048102,-0.09166666666666673,0.0,0.0,0.0,bad,0.4765936682824637,0.32979736385151875,0.19360896786601756,-0.0089092571026308,0,True,False,False,train_oof
20240531,0.0,-0.019530329282044675,0.001243318165198272,-0.04166666666666674,0.0,0.0,0.0,bad,0.3939537334228601,0.30829785651719155,0.29774841005994823,-0.012047272140406,0,True,False,False,train_oof
20240603,5.605835192242865e-06,-0.015311473859748903,-0.001121739800390563,-0.04166666666666663,0.0,5.605835192242865e-06,1.0,neutral,0.36561434616063754,0.374644445330208,0.2597412085091544,0.0036014590272786,1,True,False,False,train_oof
20240604,0.000146126980276345,-0.0011735442559136916,0.012752848353256668,-0.00833333333333336,0.0,0.000146126980276345,2.0,good,0.19575131629002224,0.24149484637887728,0.5627538373311005,-0.0037979580164485,1,True,False,False,train_oof
20240605,0.0054237466711701335,0.00932902063017884,0.016274142944612473,0.033333333333333215,0.005286445023768009,0.0001183776562789581,0.0,bad,0.46089828648919773,0.3006853896268038,0.23841632388399853,-0.0093942197959808,0,True,False,False,train_oof
20240606,0.009039045446359263,0.01570730471248446,0.020403980083178508,0.033333333333333215,0.008900806003741194,0.0001098503189833573,2.0,good,0.33454352121925324,0.3082858738029529,0.3571706049777938,-0.0028025436575048,1,True,False,False,train_oof
20240607,0.009665231189899192,0.01532827729658015,0.023924308949823635,0.033333333333333326,0.009452437666224427,0.00019288342296617996,2.0,good,0.3955403304027991,0.20163646802566282,0.402823201571538,0.0032480324613051,1,True,False,False,train_oof
20240611,0.0037690318478656045,0.006067403334413746,0.007064275502413231,0.01666666666666672,0.0036404420006482478,0.00011806713983653134,2.0,good,0.32183303812153163,0.18279555552654642,0.495371406351922,0.0104595147463907,2,True,False,False,train_oof
20240612,0.007582850114533631,0.01349308854065739,0.01215622212160533,0.02499999999999991,0.007533641101867043,2.212337024645626e-05,2.0,good,0.3102885721561793,0.18513164674035748,0.5045797811034632,-0.0039011006994394,1,True,False,False,train_oof
20240613,0.006214338563806918,0.011608757580773992,0.004530641093480168,0.0,0.006191337376412797,0.0,0.0,bad,0.3560039088558469,0.28822639421474,0.35576969692941324,-0.0083736743165274,0,True,False,False,train_oof
20240614,0.010357150816157805,0.01965659926545599,0.01045189433064712,0.024999999999999967,0.010319714614364393,0.0,2.0,good,0.2217533911069032,0.38627918804951117,0.39196742084358566,0.0044610924811145,1,True,False,False,train_oof
20240617,0.010840334430165747,0.020899120938434546,0.011368893398427914,0.016666666666666607,0.010797879151524513,0.0,2.0,good,0.2061518129575668,0.36524732515806557,0.4286008618843677,0.0039070624271177,1,True,False,False,train_oof
20240618,0.01501638476772661,0.027896889608187037,0.015936805921279683,0.03333333333333338,0.014878341124366423,7.009276095235396e-05,2.0,good,0.35962872292899545,0.27793393659177423,0.3624373404792304,0.0058571877532253,1,True,False,False,train_oof
20240619,0.014851534031498909,0.027693782677501853,0.012655597620951014,0.03333333333333338,0.014770017428000992,1.4598451837637007e-05,0.0,bad,0.3547549142900178,0.3389034255494482,0.306341660160534,-0.0066321576637315,0,True,False,False,train_oof
20240620,0.014512560409333687,0.02701761859858322,0.010609544400661992,0.03333333333333338,0.014409396585911054,3.748167167603471e-05,1.0,neutral,0.24121770729489697,0.4279685284083845,0.3308137642967185,-0.0104849679731107,0,True,False,False,train_oof
20240621,0.013131123053675368,0.022620690239778064,0.01398922399008488,0.041666666666666574,0.013006896887872385,7.820302033261046e-05,2.0,good,0.2751405993622124,0.2891518319496193,0.4357075686881683,-0.0204055969905959,0,True,False,False,train_oof
20240624,0.010255318388495437,0.018255424979419937,0.011779335134180075,0.041666666666666685,0.010192612280176132,2.0084307256712714e-05,0.0,bad,0.4161977902489595,0.2698899612830811,0.3139122484679595,-0.0045855886304111,1,True,False,False,train_oof
20240625,0.017594529000222896,0.03133852738540471,0.015474361853663871,0.041666666666666685,0.017497344456850965,5.8744702444844105e-05,2.0,good,0.2932832246268086,0.20360251323159986,0.5031142621415915,0.0161572020408148,2,True,False,False,train_oof
20240626,0.010821180240118721,0.017715650752269434,0.0007735133856358184,0.041666666666666685,0.01077702087429724,0.0,2.0,good,0.09888071053458534,0.16648472421838967,0.734634565247025,0.0165189727547047,2,True,False,False,train_oof
20240627,0.010490683323757575,0.01872222883678774,-0.0010137510725565964,0.041666666666666685,0.010453244433873155,0.0,2.0,good,0.16589658529839332,0.19698367486416227,0.6371197398374443,0.0008372783477114,1,True,False,False,train_oof
20240628,0.011499783423807091,0.018841115674032863,-0.0020278836550072996,0.05833333333333335,0.011461678701703327,0.0,1.0,neutral,0.2959446551092248,0.3724883104935531,0.3315670343972222,0.006464986313586,1,True,False,False,train_oof
20240701,0.0,-0.0008585947422840579,-0.01477441709850704,-0.03333333333333327,0.0,0.0,2.0,good,0.21051230613593758,0.19004969106338415,0.5994380028006783,0.0085122644745514,1,True,False,False,train_oof
20240702,0.0,-0.006650927772831293,-0.023500048425047698,-0.08333333333333331,0.0,0.0,1.0,neutral,0.2648520559522491,0.38450414474970807,0.3506437992980429,0.0079816863663863,1,True,False,False,train_oof
20240703,0.0,-0.023292140979436722,-0.026000985352362744,-0.125,0.0,0.0,1.0,neutral,0.16457540947125343,0.44813839258588445,0.3872861979428622,-0.0094297485385511,0,True,False,False,train_oof
20240704,0.0,-0.020429300189617666,-0.018613664781925575,-0.11666666666666675,0.0,0.0,0.0,bad,0.3718696750851756,0.2894281906246726,0.33870213429015184,-0.0097070104176991,0,True,False,False,train_oof
20240705,0.0,-0.02097694493138612,-0.01317669329161334,-0.11666666666666675,0.0,0.0,0.0,bad,0.38042583934736135,0.27351599044690306,0.34605817020573554,-0.0038567578803976,1,True,False,False,train_oof
20240708,1.1838497763245154e-06,-0.02328816257133244,-0.009847505493838192,-0.10833333333333339,0.0,1.1838497763245154e-06,2.0,good,0.3744965299104058,0.22903908003846363,0.3964643900511305,-0.0010188318981805,1,True,False,False,train_oof
20240709,7.331247290710625e-05,-0.004426988001260956,-0.0063466101321795615,-0.08333333333333343,0.0,7.331247290710625e-05,2.0,good,0.26652359788453295,0.2514501691886042,0.48202623292686275,-0.0019333613244636,1,True,False,False,train_oof
20240710,6.77412986597153e-05,-0.00902162161444163,-0.005082549708779197,-0.09166666666666679,0.0,6.77412986597153e-05,2.0,good,0.2827729223390621,0.34160046543324546,0.3756266122276925,0.0282649559453184,2,True,False,False,train_oof
20240711,0.00045010326362934853,0.000673251266491523,-0.00205541238813663,-0.03333333333333327,0.00040395075989491385,4.590264902844984e-05,2.0,good,0.29270637664181737,0.30682375368535103,0.4004698696728315,0.0062122921614289,1,True,False,False,train_oof
20240712,4.377074939694854e-05,-0.007324123536279467,-0.003134849272619941,-0.058333333333333404,0.0,4.377074939694854e-05,1.0,neutral,0.3505371975356482,0.40126148959048963,0.2482013128738622,-0.0141964461563851,0,True,False,False,train_oof
20240715,1.219874316572931e-05,-0.008402212603551007,-0.0017984958983485542,-0.04999999999999988,0.0,1.219874316572931e-05,0.0,bad,0.49642403146448005,0.34601937444411807,0.15755659409140194,-0.0052514128590638,0,True,False,False,train_oof
20240716,1.735750109863105e-05,-0.013524435154815953,-0.0005111073558285804,-0.07500000000000001,0.0,1.735750109863105e-05,1.0,neutral,0.38955674359429104,0.4294538617528424,0.18098939465286665,-0.0021280818383869,1,True,False,False,train_oof
20240717,0.00011519478109721181,-0.00042078590647066927,0.011550466250781414,-0.05833333333333335,0.0,0.00011519478109721181,0.0,bad,0.4973410475830175,0.32233240169261684,0.18032655072436565,-0.0034105505604602,1,True,False,False,train_oof
20240718,0.002862610147342011,0.00461838021222246,0.01605387329695046,-0.04166666666666663,0.002809514629101997,5.0344502412036586e-05,1.0,neutral,0.3673065519753639,0.40667915381543157,0.22601429420920466,0.0043730016029568,1,True,False,False,train_oof
20240719,0.00428703915181872,0.007469655487116363,0.02339624635804244,-0.05833333333333335,0.004170557646973303,0.00010944761272174732,1.0,neutral,0.3663479813790752,0.37761961898632146,0.2560323996346033,0.0041099231822869,1,True,False,False,train_oof
20240722,0.00796613537079713,0.014534663683072175,0.028671580014594026,-0.0500000000000001,0.007751820630971825,0.00019832728271553413,0.0,bad,0.4017866345063021,0.29369182965571883,0.30452153583797914,0.0337617977686684,2,True,False,False,train_oof
20240723,0.006204531402876212,0.011773713188758694,0.03065371327291289,-0.03333333333333338,0.006083085147525325,0.0001035968553274601,1.0,neutral,0.22967656048041318,0.43616117357937445,0.3341622659402125,-0.0120414948027895,0,True,False,False,train_oof
20240724,0.010161985993627809,0.019451654605282385,0.022606697456019693,-0.03333333333333338,0.010050021546062564,8.773999016648061e-05,1.0,neutral,0.38524527888473153,0.446405800463672,0.16834892065159654,-0.0014246067917029,1,True,False,False,train_oof
20240725,0.011540750628095852,0.020254625792240022,0.021953758906324505,-0.03333333333333338,0.011477621282269345,3.3179879392206416e-05,0.0,bad,0.36294046359198884,0.2836247042682729,0.35343483213973814,0.0068662329367082,1,True,False,False,train_oof
20240726,0.010426446809450438,0.019192173310702644,0.019465729325725337,-0.04166666666666663,0.010395760543297267,2.6285286251283288e-06,1.0,neutral,0.24389600668723685,0.4802472198599041,0.27585677345285897,0.0078968096567785,1,True,False,False,train_oof
20240729,0.016068447469322067,0.03006541262991608,0.015711214284158687,0.0,0.016034886735955246,0.0,1.0,neutral,0.3128291459077048,0.443006044731092,0.24416480936120333,0.0038889667067462,1,True,False,False,train_oof
20240730,0.01696345083992893,0.029413198693195846,0.0047610086478101325,0.041666666666666574,0.01691258924858761,0.0,1.0,neutral,0.32379809930880116,0.49933653758263696,0.17686536310856196,0.0180719187456552,2,True,False,False,train_oof
20240731,0.019374917543606367,0.03409771545555392,0.003588922563634595,0.050000000000000044,0.019322038758147222,0.0,1.0,neutral,0.22411314842577587,0.4261089729197919,0.34977787865443233,0.0154270913955909,2,True,False,False,train_oof
20240801,0.016918676572873614,0.03264312784990843,0.005988412338049235,0.033333333333333326,0.01686561605578602,0.0,1.0,neutral,0.18926073786316752,0.4635102024617787,0.34722905967505374,-0.0077654605484445,0,True,False,False,train_oof
20240802,0.011305050171597976,0.02179427169907052,-0.0015222228132497255,0.033333333333333326,0.011260373711186435,0.0,1.0,neutral,0.34952798317075623,0.5020106801460995,0.14846133668314423,0.0036680301173113,1,True,False,False,train_oof
20240805,0.007852917200511412,0.014006685928437327,-0.007148998068031709,0.02499999999999991,0.007820399643377508,0.0,1.0,neutral,0.26354984744626336,0.5180283202370901,0.21842183231664644,0.0124233967983121,2,True,False,False,train_oof
20240806,0.005276083066187059,0.009407113625425772,-0.00838759734568804,0.02499999999999991,0.0052523051075293896,0.0,2.0,good,0.12533976800262753,0.4242848372039192,0.45037539479345323,0.0086691059487487,1,True,False,False,train_oof
20240807,0.0059073012646478785,0.01053070781704494,-0.006903474609840327,0.02499999999999991,0.005879645197850092,0.0,1.0,neutral,0.17647965274991023,0.5067768995220141,0.31674344772807567,-0.0082449628636759,0,True,False,False,train_oof
20240808,0.001466497440343467,0.002653274054661056,-0.01170797861522201,0.0,0.0014593007300635807,0.0,1.0,neutral,0.4167271356785369,0.47197503397170515,0.11129783034975801,0.0003227197491145,1,True,False,False,train_oof
20240809,0.0005590246097756915,0.000967358221429071,-0.014982393683592334,-0.00833333333333336,0.0005562309773217157,0.0,1.0,neutral,0.3650093327657036,0.4272654001042474,0.20772526713004905,-0.02140508104884,0,True,False,False,train_oof
20240812,0.0,-0.0017960654069087978,-0.01677314744014687,-0.008333333333333415,0.0,0.0,0.0,bad,0.4263455324724683,0.42035466338414407,0.15329980414338765,-0.0001052146851241,1,True,False,False,train_oof
20240813,5.378569094545284e-05,8.920191069033967e-05,-0.014291293753984042,0.01666666666666672,5.352114641420381e-05,0.0,1.0,neutral,0.34943862798006853,0.49761205113168555,0.152949320888246,0.0038650656771769,1,True,False,False,train_oof
20240814,0.0,-0.007315671196648443,-0.009793801206961291,0.01666666666666672,0.0,0.0,1.0,neutral,0.3272042285303996,0.4792914638157432,0.19350430765385718,0.0109014151935931,2,True,False,False,train_oof
20240815,0.0,-0.01470364136588899,-0.011981047650895766,1.1102230246251565e-16,0.0,0.0,1.0,neutral,0.14921821688284728,0.46711826096289405,0.38366352215425864,-0.0043839185429385,1,True,False,False,train_oof
20240816,2.605044974547124e-06,-0.022094170256436098,-0.011340121913047415,1.1102230246251565e-16,0.0,2.605044974547124e-06,1.0,neutral,0.35194124555776873,0.4056266874730479,0.24243206696918337,-0.0068281434305395,0,True,False,False,train_oof
20240819,1.9277562643143016e-05,-0.02460465648395825,-0.0071304096521703775,0.0,0.0,1.9277562643143016e-05,1.0,neutral,0.32256122159710476,0.42061434571713796,0.2568244326857573,0.0021240193559836,1,True,False,False,train_oof
20240820,7.632798343118926e-06,-0.02838812922554413,-0.007048452396790824,-0.03333333333333338,0.0,7.632798343118926e-06,1.0,neutral,0.35852790332827883,0.3939467952293627,0.2475253014423584,-0.0004641282611138,1,True,False,False,train_oof
20240821,0.0,-0.021229341981303808,-0.004248071068665003,-0.03333333333333338,0.0,0.0,1.0,neutral,0.30014968418870414,0.44709330097935657,0.2527570148319393,-0.0042069551026717,1,True,False,False,train_oof
20240822,2.5103826766013637e-06,-0.023635065790173663,-0.004755404035676092,-0.041666666666666685,0.0,2.5103826766013637e-06,1.0,neutral,0.37758241215434607,0.405384804244901,0.21703278360075276,-0.0142102030867024,0,True,False,False,train_oof
20240823,1.1650483217873894e-05,-0.020022641184368598,-0.0017422507241157334,-0.03333333333333338,0.0,1.1650483217873894e-05,0.0,bad,0.4251943739200909,0.26249464438900494,0.3123109816909041,0.0088457460164638,1,True,False,False,train_oof
20240826,1.913542251418955e-06,-0.01717649636191928,-0.000521822072714076,-0.01666666666666672,0.0,1.913542251418955e-06,2.0,good,0.24757592200859127,0.2853787225244227,0.4670453554669861,8.408610606148725e-05,1,True,False,False,train_oof
20240827,0.0,-0.0128072355628195,-0.0044895806035641014,-0.05833333333333329,0.0,0.0,0.0,bad,0.4028496555999118,0.3750940770496168,0.2220562673504715,-0.004036121250465,1,True,False,False,train_oof
20240828,0.0,-0.013861454571569495,-0.004342613990133283,-0.05833333333333335,0.0,0.0,0.0,bad,0.34546124496207137,0.3315848911142456,0.3229538639236831,0.0070619655805131,1,True,False,False,train_oof
20240829,0.0,-0.018524338427081483,-0.004964826275864399,-0.07499999999999996,0.0,0.0,2.0,good,0.21651163192568892,0.3643143838921335,0.4191739841821775,0.0151318292238777,2,True,False,False,train_oof
20240830,0.0,-0.014720877154068703,-0.00624999354129302,-0.06666666666666665,0.0,0.0,1.0,neutral,0.29177916670731857,0.3981680946099598,0.31005273868272154,0.0226342352415533,2,True,False,False,train_oof
20240902,0.0,-0.00552409606357359,-0.0011229029241498119,-0.06666666666666671,0.0,0.0,1.0,neutral,0.20424419933994972,0.5661339414765103,0.22962185918354,0.00086092821335,1,True,False,False,train_oof
20240903,0.0,-0.01501573392576246,-0.010890366171296184,-0.06666666666666671,0.0,0.0,1.0,neutral,0.33422063363670246,0.4501059130030275,0.2156734533602701,-0.0032687296942543,1,True,False,False,train_oof
20240904,0.0,-0.014626773545868606,-0.007717244626059401,-0.058333333333333404,0.0,0.0,0.0,bad,0.47508007536818897,0.3319741906182984,0.19294573401351262,0.0039592672528105,1,True,False,False,train_oof
20240905,0.0,-0.007489808965707868,-0.004717199454595403,-0.04166666666666674,0.0,0.0,1.0,neutral,0.2981159982211522,0.4332749936609901,0.2686090081178577,-0.007637053149308,0,True,False,False,train_oof
20240906,0.0,-0.004485892959473822,-0.004751055264838471,-0.050000000000000044,0.0,0.0,1.0,neutral,0.33665629470838265,0.5059114086234915,0.15743229666812597,-0.0012442667233359,1,True,False,False,train_oof
20240909,0.0,-0.0032215486926391868,-0.005258088160672931,-0.050000000000000044,0.0,0.0,1.0,neutral,0.2913527409512612,0.49831526782005764,0.21033199122868113,0.0055352553510016,1,True,False,False,train_oof
20240910,4.040263934287523e-05,-0.0010632279122393604,-0.0006024443234555199,-0.033333333333333326,0.0,4.040263934287523e-05,1.0,neutral,0.2450596195848948,0.5129556525498804,0.24198472786522482,-0.0033951098881235,1,True,False,False,train_oof
20240911,1.616530469025214e-05,-0.005316757174414856,-0.0003462910575653781,-0.050000000000000044,0.0,1.616530469025214e-05,1.0,neutral,0.35227046919832333,0.415788649750612,0.23194088105106458,0.0040830182210625,1,True,False,False,train_oof
20240912,0.0039987039560042525,0.0075351613170725265,0.00936831157815482,-0.03333333333333338,0.0038931666804874715,9.272139612609809e-05,0.0,bad,0.42157785150018284,0.3826182376757653,0.19580391082405177,-0.008083805715892,0,True,False,False,train_oof
20240913,0.004800693139907829,0.008380161874525595,0.009410235906323264,-0.03333333333333344,0.0047487583955645035,3.69950674315711e-05,1.0,neutral,0.291839186706615,0.508856523491665,0.19930428980172,-0.0171987699589152,0,True,False,False,train_oof
20240918,0.003766870367343171,0.006449380275437323,0.010099870611348797,-0.04166666666666674,0.0037083936583764605,4.701184129718329e-05,0.0,bad,0.4740435717176661,0.3131083511213005,0.2128480771610335,0.017507940884318,2,True,False,False,train_oof
20240919,0.0024889036387666513,0.0041884872460377295,0.006162168605624779,-0.03333333333333338,0.002443284226855342,3.7944534691714e-05,1.0,neutral,0.14124270481577614,0.49688154590397354,0.3618757492802503,0.0103391298367855,2,True,False,False,train_oof
20240920,1.3882765416296022e-05,-0.00218240988646088,0.0014416790501920827,-0.03333333333333338,0.0,1.3882765416296022e-05,1.0,neutral,0.16182349955053674,0.5453957523094088,0.29278074814005434,0.0028573667308766,1,True,False,False,train_oof
20240923,0.0,-0.0032022704340533004,-0.0012143949460278747,-0.04166666666666674,0.0,0.0,1.0,neutral,0.28810202640423577,0.4900483483342707,0.22184962526149352,0.0093632292707779,2,True,False,False,train_oof
20240924,0.0,-0.009988653327672311,-0.0054760464993726474,-0.06666666666666665,0.0,0.0,1.0,neutral,0.15450067039168486,0.5174582412077274,0.3280410884005877,0.0197066755855588,2,True,False,False,train_oof
20240925,0.0,-0.00180938998551846,0.003281037771677802,-0.08333333333333326,0.0,0.0,2.0,good,0.11584469716583452,0.3700064165678423,0.5141488862663233,0.0416533161233507,2,True,False,False,train_oof
20240926,0.002947341848416962,0.006063453358218049,0.005830613081690604,-0.033333333333333215,0.002930669123138724,0.0,2.0,good,0.12425365195217036,0.3450119162560576,0.530734431791772,0.0523878800326184,2,True,False,False,train_oof
20240927,0.00384820715985255,0.008788528604765866,0.007380897851273077,-0.03333333333333344,0.003808362395398541,1.7357171403110882e-05,2.0,good,0.15557613848648885,0.3770803964477858,0.4673434650657253,0.0673798836317494,2,True,False,False,train_oof
20240930,0.023943342544270517,0.05352748476514696,0.0460226618760597,-0.016666666666666607,0.022303118652144564,0.0012450448132953285,2.0,good,0.12182172554492818,0.31310774216986437,0.5650705322852075,0.0461851106253892,2,True,False,False,train_oof
20241008,0.060537194308310886,0.1323137590497206,0.1108508688969484,-0.02499999999999991,0.054028118278635906,0.004547391219784069,2.0,good,0.1399028920900837,0.2854142988490894,0.5746828090608269,-0.053817027122149,0,True,False,False,train_oof
20241009,0.12994517733315128,0.2680442009812181,0.23016384415855806,-0.02499999999999991,0.10945138206733072,0.014005940685782281,2.0,good,0.27837252590129513,0.24282579666130744,0.47880167743739743,-0.0025481252880143,1,True,False,False,train_oof
20241010,0.11474644415236629,0.2530054602791872,0.1811307814933911,-0.02499999999999991,0.10331056294733476,0.005417020774539913,2.0,good,0.24523923005882398,0.2366679880264652,0.5180927819147109,-0.0113181772557184,0,True,False,False,train_oof
20241011,0.0976183391636064,0.20266422513286522,0.1271504439919964,-0.04166666666666652,0.0895100327670155,0.0030707054862981866,2.0,good,0.2359357604185103,0.26684406151876955,0.49722017806272,0.0097920635304821,2,True,False,False,train_oof
20241014,0.08114754128317167,0.17179503292903722,0.09403059162716136,-0.04166666666666652,0.07587613954365813,0.0009217673387051088,2.0,good,0.19087644484353525,0.23168833018786597,0.5774352249685988,0.0120707608473635,2,True,False,False,train_oof
20241015,0.0821015821928287,0.17555456214490542,0.08629321346838834,-0.02499999999999991,0.07753659828066657,0.00016374749475218223,2.0,good,0.23164288881412418,0.24481270630360813,0.5235444048822677,0.013464730812286,2,True,False,False,train_oof
20241016,0.07569802011047964,0.16210184813912934,0.0650282987047851,-0.02499999999999991,0.07159498292811547,0.0,2.0,good,0.15735220837164565,0.25511957173569233,0.587528219892662,0.0088613494738727,1,True,False,False,train_oof
20241017,0.05802515971524273,0.12868912713813233,0.03552844627021427,-0.07499999999999984,0.05469287903370626,0.0,2.0,good,0.20659789495326364,0.2863387297661892,0.5070633752805472,-0.0001158472386623,1,True,False,False,train_oof
20241018,0.06614616695941548,0.13431758659041637,0.035145418898348726,-0.04999999999999999,0.06268154040886098,0.0,2.0,good,0.2629658380776169,0.21225687666919338,0.5247772852531898,0.0203087201547044,2,True,False,False,train_oof
20241021,0.0916132051954044,0.1906441617343108,0.08132933349021924,-0.0666666666666666,0.08578987278043988,0.0005959548270309836,2.0,good,0.19633994196874555,0.3133991814342078,0.49026087659704676,0.0122291155852489,2,True,False,False,train_oof
20241022,0.08142504458734567,0.19017547983064675,0.07071654802876845,-0.06666666666666665,0.07607019193225871,0.00014323077520766954,2.0,good,0.18144729077989843,0.32394221407953105,0.4946104951405704,0.0157015778852812,2,True,False,False,train_oof
20241023,0.06719203266648863,0.17752604181884146,0.05232138739369267,-0.08333333333333326,0.06213411463659451,0.00015225424743574997,2.0,good,0.10776764752938646,0.22626258639200414,0.6659697660786094,0.0060796399514959,1,True,False,False,train_oof
20241024,0.06159934188295756,0.1701609834691461,0.035215403038950474,-0.11666666666666659,0.056720327823048707,0.0001612205623898477,2.0,good,0.14778181329293608,0.3148139199820553,0.5374042667250085,0.1059233553243504,2,True,False,False,train_oof
20241025,0.06950401180292934,0.17225160850364868,0.02716646389298516,-0.125,0.06459435318886825,0.00013832807779905217,2.0,good,0.09500049963718228,0.2522054229964498,0.6527940773663679,0.022952414980286,2,True,False,False,train_oof
20241028,0.0716418897953202,0.19399875524515448,0.03158413756530512,-0.10833333333333328,0.06628290804209444,0.0,2.0,good,0.17416325070865513,0.31077170306209556,0.5150650462292493,0.0070040651463723,1,True,False,False,train_oof
20241029,0.061529621417099355,0.1786436609727578,0.00818417342007871,-0.1333333333333332,0.05657049264137332,0.0,2.0,good,0.2688385130356147,0.2526260007895367,0.47853548617484865,0.0013693969256851,1,True,False,False,train_oof
20241030,0.05879537769706488,0.14893091588353508,-0.0033007342586951482,-0.1333333333333333,0.05460800249062953,0.0,2.0,good,0.30774163273314487,0.2787496786756128,0.4135086885912424,0.0214941408062281,2,True,False,False,train_oof
20241031,0.05267069672937711,0.12539186400405836,-0.021015560151014762,-0.15833333333333338,0.049111813401589516,0.0,2.0,good,0.18057673777623667,0.31028468020014727,0.5091385820236161,0.0063950319495436,1,True,False,False,train_oof
20241101,0.04996391678865784,0.11883999857524477,-0.02521144902646218,-0.15833333333333338,0.04654566610863753,0.0,2.0,good,0.21856430538569485,0.3249196326355346,0.45651606197877065,-0.0051893107719933,0,True,False,False,train_oof
20241104,0.028808539462480628,0.06137346564227149,-0.033420619835263024,-0.15833333333333327,0.027106613992003238,0.0,2.0,good,0.2682806801212756,0.348127743116166,0.3835915767625584,0.0263979716935028,2,True,False,False,train_oof
20241105,0.003011592321828929,0.006459989539317604,-0.02767528725303048,-0.15833333333333327,0.0028531620465319417,0.0,2.0,good,0.15826841589122717,0.2691532096867321,0.5725783744220406,0.0240248973312418,2,True,False,False,train_oof
20241106,1.4678699742707373e-05,-0.06457478387605768,-0.008108421062131721,-0.15833333333333327,0.0,1.4678699742707373e-05,2.0,good,0.194848043256209,0.29388341483277175,0.5112685419110192,0.0025902887173761,1,True,False,False,train_oof
20241107,4.2666453986499606e-05,-0.06842037193960186,-0.013860126476297752,-0.175,0.0,4.2666453986499606e-05,2.0,good,0.3300827079994791,0.3297040211166556,0.3402132708838654,0.019836139800583,2,True,False,False,train_oof
20241108,0.00021725126826836684,-0.023456175743677282,0.0034268043332547904,-0.16666666666666669,0.0,0.00021725126826836684,2.0,good,0.08204806979260806,0.2426189047110821,0.6753330254963098,-0.001671946628539,1,True,False,False,train_oof
20241111,0.00014696723200565982,-0.0174414802058135,-0.00493682800713028,-0.1833333333333334,0.0,0.00014696723200565982,2.0,good,0.20420271657971645,0.3494373575665182,0.4463599258537653,-0.0042648397166168,1,True,False,False,train_oof
20241112,0.0003644567146157257,-0.0003078191388492524,0.010859561696514294,-0.1833333333333334,0.0,0.0003644567146157257,2.0,good,0.22339259875159942,0.3088738005678745,0.4677336006805261,0.0010617356763783,1,True,False,False,train_oof
20241113,0.005752396086648453,0.015472599183021352,0.014594998693578679,-0.16666666666666669,0.005415409714057472,0.00012779639182493766,0.0,bad,0.41098368564498305,0.2682408452985927,0.3207754690564242,-0.0156764415600762,0,True,False,False,train_oof
20241114,0.0180781298714203,0.05159022032526098,0.02301470571459064,-0.1333333333333333,0.017196740108420327,0.0002231247138310682,0.0,bad,0.49232945047260446,0.22068525806483438,0.2869852914625613,-0.0036599659132894,1,True,False,False,train_oof
20241115,0.013362547015184332,0.03749834797399858,0.014118974090041998,-0.1416666666666666,0.012811935557782848,7.396595015801677e-05,2.0,good,0.3002107411187069,0.276352357296486,0.42343690158480723,-0.0194352498383172,0,True,False,False,train_oof
20241118,5.1089853803256867e-05,-0.030775957285996282,-0.0019732203303006925,-0.14166666666666666,0.0,5.1089853803256867e-05,2.0,good,0.26254195565751537,0.1824898855074939,0.5549681588349907,0.0136607447281499,2,True,False,False,train_oof
20241119,0.0,-0.031131178492186752,-0.0041726176832670055,-0.14166666666666677,0.0,0.0,2.0,good,0.1798249072546319,0.23642608916358193,0.5837490035817862,0.0063042361290885,1,True,False,False,train_oof
20241120,0.0,-0.010721888076014003,0.007730416777247654,-0.1250000000000001,0.0,0.0,2.0,good,0.2047468349958016,0.21988565650551672,0.5753675084986817,0.0032108274104389,1,True,False,False,train_oof
20241121,0.0,-0.008665064520449423,0.0011262293196605357,-0.08333333333333343,0.0,0.0,2.0,good,0.32576814535736537,0.19779673488954397,0.47643511975309066,-0.0114951115144714,0,True,False,False,train_oof
20241122,0.0,-0.005844286523013206,0.0028254775774230008,-0.09166666666666667,0.0,0.0,2.0,good,0.35334761991556063,0.27190950691218235,0.3747428731722571,-0.0069503581466715,0,True,False,False,train_oof
20241125,0.0,-0.020082307085781848,-0.0008685610023614551,-0.09166666666666662,0.0,0.0,2.0,good,0.27767717033177747,0.3209577597835316,0.4013650698846909,-0.0010936815817481,1,True,False,False,train_oof
20241126,0.0,-0.008598070306187793,-0.005041912653140024,-0.058333333333333404,0.0,0.0,0.0,bad,0.39861305814872316,0.2559793392662631,0.34540760258501374,0.0133416036257661,2,True,False,False,train_oof
20241127,0.0,-0.005023270254383094,-0.00741012603142116,-0.058333333333333404,0.0,0.0,2.0,good,0.16933494702707227,0.35928534104193616,0.47137971193099143,0.0447528466105797,2,True,False,False,train_oof
20241128,0.00847368151543577,0.017856989021171332,0.000377020345165624,-0.03333333333333344,0.008333261543213287,0.0,2.0,good,0.20148751969528111,0.27671257063981547,0.5217999096649034,0.0194401818864091,2,True,False,False,train_oof
20241129,0.006296471206402302,0.011998748780187623,-0.0059697290783756775,-0.03333333333333338,0.006199353536430271,0.0,2.0,good,0.18637656562440574,0.2072055539622125,0.6064178804133817,0.009001088861646,2,True,False,False,train_oof
20241202,0.014081531923529844,0.02958979022887457,0.0021144644529294734,-0.03333333333333344,0.013808568773474797,3.0446689106717967e-05,2.0,good,0.3294680543430656,0.26877240968057337,0.40175953597636105,0.0240959563497578,2,True,False,False,train_oof
20241203,0.009382233769484096,0.019719541828226734,-0.001633883609802563,-0.03333333333333344,0.009202452853172473,2.407211388957863e-05,2.0,good,0.3142097490984451,0.32326208080813446,0.3625281700934204,0.0026727750603024,1,True,False,False,train_oof
20241204,2.1523818183077005e-05,-0.001458252590052186,-0.006332601736096714,-0.041666666666666685,0.0,2.1523818183077005e-05,2.0,good,0.19774947788617123,0.39595713711665886,0.4062933849971699,0.0198516062874902,2,True,False,False,train_oof
20241205,0.003837064560247499,0.006993796114343051,-0.006910906070967301,-0.025000000000000078,0.0037883062286024846,0.0,2.0,good,0.12207140509480442,0.39288567097743604,0.4850429239277596,0.0289272915451117,2,True,False,False,train_oof
20241206,0.0,-0.009880842612803462,-0.008623705779721344,-0.016666666666666663,0.0,0.0,2.0,good,0.12187672729557163,0.4014102620793146,0.4767130106251137,0.0080836350615017,1,True,False,False,train_oof
20241209,0.002449675172137145,0.004685282096288157,-0.002415927239333279,-5.551115123125783e-17,0.0024207290830822142,0.0,1.0,neutral,0.2338366198434486,0.4373754924460242,0.3287878877105272,0.003129638584138,1,True,False,False,train_oof
20241210,0.0,-0.013021567830616552,-0.005470035754462735,0.0,0.0,0.0,1.0,neutral,0.22623093712755016,0.43946201865730844,0.33430704421514135,0.0135467093899643,2,True,False,False,train_oof
20241211,0.0,-0.018793055606346774,-0.005860717159462089,-0.016666666666666774,0.0,0.0,1.0,neutral,0.18834087257762175,0.4072588152802945,0.40440031214208383,0.0288614888567228,2,True,False,False,train_oof
20241212,0.0,-0.03659077843784212,-0.012643243237175212,-0.07500000000000001,0.0,0.0,1.0,neutral,0.17792712147949627,0.41643994118326294,0.4056329373372408,-0.0043427772538041,1,True,False,False,train_oof
20241213,0.0,-0.02996710861624089,-0.009204867956103237,-0.07500000000000012,0.0,0.0,1.0,neutral,0.3498557486595737,0.4149328857313827,0.23521136560904365,-0.0014609418493202,1,True,False,False,train_oof
20241216,0.0,-0.017647194099450945,-0.01277108439118781,-0.07500000000000012,0.0,0.0,1.0,neutral,0.32239936589191237,0.47054587502666745,0.2070547590814202,-0.0251881414925529,0,True,False,False,train_oof
20241217,0.0,-0.017823946454899226,-0.015493286228646024,-0.07500000000000012,0.0,0.0,0.0,bad,0.44541928473609765,0.350199223346831,0.20438149191707128,-0.0168054262269382,0,True,False,False,train_oof
20241218,0.0,-0.018433262804754158,-0.004472469334937463,-0.05833333333333335,0.0,0.0,0.0,bad,0.5144126654383783,0.2022591770722094,0.28332815748941237,-0.0043107772490977,1,True,False,False,train_oof
20241219,5.72877704483525e-06,-0.013865076483110788,-0.006195381889508614,-0.07500000000000001,0.0,5.72877704483525e-06,0.0,bad,0.4307947781036575,0.24436827419436455,0.3248369477019779,-0.0062196047353838,0,True,False,False,train_oof
20241220,1.6273408558338915e-05,-0.010918367294957987,-0.001227156128915737,-0.04999999999999999,0.0,1.6273408558338915e-05,0.0,bad,0.4216643092980511,0.31261842127405554,0.26571726942789353,-0.0317357881070567,0,True,False,False,train_oof
20241223,6.843235798777577e-05,-0.0077693975329569155,-0.0019895205752812153,-0.058333333333333404,0.0,6.843235798777577e-05,0.0,bad,0.5671762014832166,0.21101318971370583,0.22181060880307765,-0.0222900798086586,0,True,False,False,train_oof
20241224,0.0028354212012828444,0.005369277521906118,0.00564209066588787,-0.041666666666666685,0.0026398947816038414,0.00018287936128023194,0.0,bad,0.5197862293041666,0.23037698633160034,0.24983678436423304,-0.0125282077207277,0,True,False,False,train_oof
20241225,0.003885115841743213,0.008718838929261362,0.0056463345765683974,-0.04166666666666674,0.003850820527090434,1.5057392736376531e-05,0.0,bad,0.5334075259655288,0.26648154999424833,0.20011092404022282,0.0093369233090381,2,True,False,False,train_oof
20241226,0.0025257111345111344,0.004946629682859878,0.010846527129808714,-0.024999999999999967,0.002432092927406107,8.697797607485648e-05,2.0,good,0.35032582426106534,0.26376317837729446,0.3859109973616401,-0.0004484985234044,1,True,False,False,train_oof
20241227,0.003843612398459634,0.008599525553590115,0.00808794034262622,-0.025000000000000133,0.0037981237861689663,3.727716729475127e-05,0.0,bad,0.4295571804324539,0.28292280266394526,0.28752001690360085,-0.0086006410441808,0,True,False,False,train_oof
20241230,2.0970030909171084e-05,-0.0059521691266939585,0.0037177507992724084,-0.05833333333333329,0.0,2.0970030909171084e-05,0.0,bad,0.4778722745643158,0.32958088423496734,0.19254684120071686,-0.0076006121780126,0,True,False,False,train_oof
20241231,1.3374564238197336e-06,-0.0013187288032492726,0.005590024321636189,-0.03333333333333338,0.0,1.3374564238197336e-06,0.0,bad,0.4654903371587648,0.34465155070324793,0.18985811213798717,-0.0169347062417292,0,True,False,False,train_oof
20250102,0.0,-0.0019810515415934066,0.00018195624432387758,-0.024999999999999967,0.0,0.0,0.0,bad,0.5073029413849808,0.2258067707214828,0.26689028789353647,0.0115168519898244,2,True,True,False,holdout_2025
20250103,0.0,-0.009508962211197514,-0.007222440301090684,-0.024999999999999967,0.0,0.0,2.0,good,0.11195543692218927,0.09516693048785314,0.7928776325899577,-0.0139371637953771,0,True,True,False,holdout_2025
20250106,0.0,-0.00446041282675276,-0.00395935633481391,-0.03333333333333327,0.0,0.0,2.0,good,0.37557058186323433,0.09568359842683623,0.5287458197099294,0.026205663441246,2,True,True,False,holdout_2025
20250107,0.0,-0.010591495498433856,-0.0038128323428096994,-0.04166666666666674,0.0,0.0,2.0,good,0.12054202511976404,0.09977660734780165,0.7796813675324343,0.0258908964086033,2,True,True,False,holdout_2025
20250108,0.0,-0.00725350294302074,-0.0036253607910736382,-0.041666666666666685,0.0,0.0,2.0,good,0.08991161672510269,0.09268795373633223,0.8174004295385651,0.0143642494503077,2,True,True,False,holdout_2025
20250109,0.0,-0.009294965277711509,-0.00666480088819664,-0.058333333333333404,0.0,0.0,2.0,good,0.08176398074319104,0.16016519402977758,0.7580708252270314,-0.0093611390484522,0,True,True,False,holdout_2025
20250110,0.0,-0.0022106016850464705,-0.007365893355428733,-0.01666666666666672,0.0,0.0,0.0,bad,0.4552299510809818,0.19226260636920062,0.35250744254981753,-0.0324734321733616,0,True,True,False,holdout_2025
20250113,0.0,-0.00252174397627708,-0.0060118961498678986,-0.016666666666666607,0.0,0.0,0.0,bad,0.6032002399891568,0.08374313684340075,0.31305662316744254,0.0309745708748653,2,True,True,False,holdout_2025
20250114,0.001957433969834117,0.0033514628098453014,-0.004356939265008873,0.0,0.0019550199724097587,0.0,2.0,good,0.17699423812342638,0.19433864205114842,0.6286671198254252,0.0184324371072578,2,True,True,False,holdout_2025
20250115,0.006988794424412839,0.012989469755331128,0.0008906362530960617,-1.1102230246251565e-16,0.006927717202843266,4.127458494036279e-05,2.0,good,0.3597431216099239,0.221226291150123,0.41903058723995307,0.012206820293608,2,True,True,False,holdout_2025
20250116,1.0285775196621017e-05,-0.002968828038095353,-0.005763463838172465,-0.01666666666666672,0.0,1.0285775196621017e-05,2.0,good,0.15313100066651247,0.2534640515362384,0.5934049477972492,-0.0168573550335577,0,True,True,False,holdout_2025
20250117,0.0,-0.005326499152741894,-0.009742676729395347,-0.008333333333333304,0.0,0.0,0.0,bad,0.5519327947743924,0.21466745624181877,0.23339974898378898,0.0089811911817755,1,True,True,False,holdout_2025
20250120,0.0,-0.008476456871208793,-0.008239941868234773,-0.016666666666666607,0.0,0.0,2.0,good,0.31047948620751487,0.258579656252205,0.4309408575402802,0.0015192165644356,1,True,True,False,holdout_2025
20250121,3.120356937441094e-05,-7.62562164139044e-05,-0.0004233502411373955,-0.00833333333333336,0.0,3.120356937441094e-05,0.0,bad,0.49578771335182875,0.2733092253789709,0.23090306126920043,-0.0127921921094432,0,True,True,False,holdout_2025
20250122,0.0,-0.007145029396289082,0.0006226695564731655,0.0,0.0,0.0,0.0,bad,0.5702678110857091,0.2503351319093874,0.17939705700490344,0.0004098353570009,1,True,True,False,holdout_2025
20250123,2.6860436960392376e-05,-0.003418273265817992,0.004949404398969496,0.0,0.0,2.6860436960392376e-05,0.0,bad,0.4347164866123811,0.2948558576839656,0.27042765570365324,-0.0112030610473046,0,True,True,False,holdout_2025
20250124,4.8537894098577876e-05,-0.010595216803211904,0.0035710719293107766,-0.025000000000000078,0.0,4.8537894098577876e-05,0.0,bad,0.35850750161365813,0.2836936354275577,0.3577988629587841,0.0197773184148871,2,True,True,False,holdout_2025
20250127,3.700311958929715e-05,-0.00839154287936953,0.003978229768136259,-0.025000000000000078,0.0,3.700311958929715e-05,2.0,good,0.19467906910910518,0.3461297667283389,0.45919116416255595,0.0053932089592816,1,True,True,False,holdout_2025
20250205,0.0,-0.018746335770438202,-0.01081116100281021,0.008333333333333304,0.0,0.0,2.0,good,0.28919547021211384,0.2962767977189444,0.41452773206894183,0.0293993556050703,2,True,True,False,holdout_2025
20250206,0.0,-0.016597141887508084,-0.005866981763997617,-0.041666666666666574,0.0,0.0,2.0,good,0.15648165050408214,0.21414569370637423,0.6293726557895436,0.0092689335621661,2,True,True,False,holdout_2025
20250207,0.0,-0.007815196288981233,-0.001193766057302481,-0.041666666666666574,0.0,0.0,2.0,good,0.18569927170299466,0.38079568428164823,0.43350504401535706,0.034864659231027,2,True,True,False,holdout_2025
20250210,0.003163430509023049,0.007373655655790776,0.00525766620756718,-0.04166666666666674,0.0031338036537110793,0.0,2.0,good,0.16384017337473047,0.3555614975638516,0.480598329061418,0.0146630738321478,2,True,True,False,holdout_2025
20250211,0.001113970266076942,0.002934864540402732,0.00407992515614012,-0.04166666666666663,0.0011005742026510244,0.0,2.0,good,0.1661449632540432,0.40058136187185117,0.4332736748741057,0.0047831182884728,1,True,True,False,holdout_2025
20250212,2.3405078594349945e-05,-0.006957060055846842,-0.005576455895761757,-0.033333333333333326,0.0,2.3405078594349945e-05,1.0,neutral,0.240048128739593,0.5192539490745749,0.2406979221858321,0.0117296027378679,2,True,True,False,holdout_2025
20250213,1.0131251406353707e-05,-0.00301066905956153,-0.0019890535203521686,-0.033333333333333326,0.0,1.0131251406353707e-05,1.0,neutral,0.1842154615924547,0.47736800288273623,0.3384165355248091,-0.0023015847509489,1,True,True,False,holdout_2025
20250214,0.0,-0.0023915900596862133,-0.005283678053243111,-0.016666666666666607,0.0,0.0,0.0,bad,0.4570391276338438,0.3681289603354194,0.17483191203073684,0.0111460415270251,2,True,True,False,holdout_2025
20250217,0.001803269670748341,0.00464339199236137,0.0004418700605261297,-0.01666666666666672,0.001779966930405192,0.0,1.0,neutral,0.17271853304859136,0.4306393902229724,0.39664207672843627,-0.0123945793794048,0,True,True,False,holdout_2025
20250218,0.0032045577076984023,0.009436487794627205,0.005722205828868843,-0.016666666666666496,0.003145495931542403,8.191380654228995e-06,0.0,bad,0.5045762601798549,0.3328436953334186,0.16258004448672644,0.0052993868274565,1,True,True,False,holdout_2025
20250219,0.0007919568403055252,0.002033728117239869,0.0006636402058872726,-0.033333333333333326,0.0007457003096546188,3.509872687044084e-05,1.0,neutral,0.25534003093988505,0.4108336915591669,0.3338262775009482,0.0178158823368356,2,True,True,False,holdout_2025
20250220,3.7338940882890487e-05,-0.0011858874054758994,0.004232327134904734,-0.033333333333333326,0.0,3.7338940882890487e-05,2.0,good,0.1891033783905344,0.28376571162688824,0.5271309099825773,0.0007712064934069,1,True,True,False,holdout_2025
20250221,0.0003037831955260115,0.0008709012242700265,-0.0011549364310331836,-0.07499999999999996,0.00028304289788775867,1.6209937555964163e-05,1.0,neutral,0.29379708297954304,0.5275335349915483,0.1786693820289086,0.0088542528281823,1,True,True,False,holdout_2025
20250224,0.00855256604111961,0.02567427166273173,0.016864722336579284,-0.06666666666666654,0.008130186026531717,0.0002603746946549808,2.0,good,0.2669225768233106,0.3613210504797082,0.3717563726969812,0.0089164483266563,1,True,True,False,holdout_2025
20250225,0.007690525554194575,0.02146870580702287,0.013077403370989657,-0.06666666666666665,0.0075140470324580036,3.890029582600947e-05,1.0,neutral,0.2540780411091165,0.44935719145445047,0.296564767436433,0.0137105357844811,2,True,True,False,holdout_2025
20250226,0.005625309897307353,0.01365647056875996,0.012911233423193967,-0.050000000000000044,0.005462588227503984,8.008217218892239e-05,1.0,neutral,0.24267254744493427,0.3897388751624126,0.367588577392653,0.0029208324431431,1,True,True,False,holdout_2025
20250227,0.007309344856941796,0.018184314433210183,0.017066293193266177,-0.05833333333333335,0.007122189819673989,7.612906870920071e-05,1.0,neutral,0.33048223692044604,0.40853858416338984,0.2609791789161641,-0.0185176005931031,0,True,True,False,holdout_2025
20250228,0.004880642711678088,0.012398364352527683,0.015034814233138419,-0.06666666666666676,0.004752706335135612,4.9373469332316375e-05,0.0,bad,0.5131630606089604,0.3411312784789267,0.14570566091211284,-0.0043905937375517,1,True,True,False,holdout_2025
20250303,0.001334440777957507,0.0033502703738508277,0.003975468380318925,-0.05833333333333335,0.001312189229758241,0.0,0.0,bad,0.4516793092757894,0.31643725949802076,0.23188343122618993,-0.0025168427535228,1,True,True,False,holdout_2025
20250304,0.0021973525927772544,0.005291344077642715,0.005600232917516676,-0.05833333333333335,0.002160632165037442,0.0,0.0,bad,0.46144995110471776,0.2514256697940462,0.287124379101236,0.02019507658176,2,True,True,False,holdout_2025
20250305,0.006181528386280089,0.016958739776558852,-2.36011151546079e-06,-0.09166666666666667,0.006076881753266923,0.0,2.0,good,0.17274206136073333,0.24704576617693638,0.5802121724623304,0.0101156167441515,2,True,True,False,holdout_2025
20250306,0.0032659787848694152,0.009174979934630303,-0.00328410101752602,-0.06666666666666654,0.003211242977120607,0.0,2.0,good,0.20952706338675214,0.3925124025451629,0.3979605340680849,-0.0012036920432756,1,True,True,False,holdout_2025
20250307,0.0040422867101837035,0.011349416885963616,0.0025718242759312053,-0.06666666666666654,0.003972295910087267,0.0,1.0,neutral,0.34462591868826875,0.3606755995290492,0.29469848178268204,-0.0055769847331236,0,True,True,False,holdout_2025
20250310,0.0,-0.004212320653372771,-0.00585439102328585,-0.06666666666666665,0.0,0.0,1.0,neutral,0.29137026717844683,0.5568344541149962,0.15179527870655693,0.0128563803860101,2,True,True,False,holdout_2025
20250311,0.0,-0.0062609916455516786,-0.008408782223034206,-0.08333333333333331,0.0,0.0,2.0,good,0.17342452954765483,0.31295066271963423,0.5136248077327109,0.006832906008064,1,True,True,False,holdout_2025
20250312,0.0,-0.0003172570130999669,-0.012102793017111146,-0.09166666666666667,0.0,0.0,1.0,neutral,0.23970323046995404,0.43079182737481714,0.32950494215522885,-0.0025298296366809,1,True,True,False,holdout_2025
20250313,0.0,-0.009087444136162174,-0.016904746109876946,-0.10833333333333345,0.0,0.0,0.0,bad,0.47084349199504627,0.36093851716252073,0.1682179908424329,-0.0066307584109171,0,True,True,False,holdout_2025
20250314,0.0,-0.010170844949297096,-0.020662946361365803,-0.10833333333333345,0.0,0.0,0.0,bad,0.49134938512949766,0.38221914474660795,0.1264314701238944,0.0071171695283344,1,True,True,False,holdout_2025
20250317,0.0,-0.009176585905243024,-0.013711916486061404,-0.10833333333333345,0.0,0.0,1.0,neutral,0.250928615403668,0.4183164851918922,0.3307548994044398,-0.0067311420268054,0,True,True,False,holdout_2025
20250318,0.0,-0.021406853916084247,-0.01916678562685159,-0.15000000000000008,0.0,0.0,1.0,neutral,0.4057548392655096,0.49811870018084187,0.09612646055364846,-0.0018137468627773,1,True,True,False,holdout_2025
20250319,0.0,-0.01414226121785922,-0.015747550364500967,-0.15000000000000008,0.0,0.0,0.0,bad,0.45014903775118775,0.4386016717882937,0.11124929046051864,-0.0033420157644282,1,True,True,False,holdout_2025
20250320,0.0,-0.017981741728535356,-0.015351066836305938,-0.15000000000000008,0.0,0.0,1.0,neutral,0.3444083339085483,0.5334771406274781,0.12211452546397368,-0.0066573433974933,0,True,True,False,holdout_2025
20250321,0.0,-0.017429876036356484,-0.01906892038176759,-0.10833333333333334,0.0,0.0,0.0,bad,0.4782183914385137,0.39663146077118205,0.12515014779030414,-0.0101169174306346,0,True,True,False,holdout_2025
20250324,0.0,-0.03837676140360469,-0.020875487327878972,-0.10833333333333334,0.0,0.0,1.0,neutral,0.3789393059378168,0.46890100616264785,0.15215968789953538,-0.0070084211658211,0,True,True,False,holdout_2025
20250325,0.0,-0.032783940322750005,-0.016045118142368975,-0.08333333333333315,0.0,0.0,0.0,bad,0.5281328531412727,0.30683024744230286,0.1650368994164243,-0.0011670086482583,1,True,True,False,holdout_2025
20250326,0.0,-0.03536619105999208,-0.016239086140024544,-0.09999999999999992,0.0,0.0,0.0,bad,0.4184957006295821,0.3516127395744112,0.2298915597960066,-0.0168635948980167,0,True,True,False,holdout_2025
20250327,0.0,-0.04397268997952379,-0.018795237281680068,-0.1333333333333333,0.0,0.0,0.0,bad,0.6367785340982238,0.22586235159749835,0.1373591143042777,-0.0069864387960436,0,True,True,False,holdout_2025
20250328,0.0,-0.040141705788389104,-0.013887168182927232,-0.1166666666666667,0.0,0.0,0.0,bad,0.6125250890938898,0.24803543013885704,0.13943948076725318,-0.0163487487364187,0,True,True,False,holdout_2025
20250331,0.0,-0.03197316926286379,-0.013154201419479834,-0.1166666666666667,0.0,0.0,0.0,bad,0.5711934429201762,0.3097548808693189,0.11905167621050498,0.0031673363136634,1,True,True,False,holdout_2025
20250401,0.0,-0.03574689414079315,-0.013352731577007136,-0.1166666666666667,0.0,0.0,2.0,good,0.34042189148873786,0.30014231338725106,0.359435795124011,-0.0036187349745935,1,True,True,False,holdout_2025
20250402,0.0,-0.03562981577358741,-0.016418188928591388,-0.10000000000000009,0.0,0.0,0.0,bad,0.5072976192383725,0.3369766882803026,0.15572569248132495,-0.0021032242533661,1,True,True,False,holdout_2025
20250403,0.0,-0.03317840803195683,-0.015232388261105862,-0.10833333333333334,0.0,0.0,0.0,bad,0.5504603756610266,0.2911384889050429,0.15840113543393058,-0.0323141144704054,0,True,True,False,holdout_2025
20250407,0.0,-0.04213313689565725,-0.017199058909915226,-0.10833333333333328,0.0,0.0,0.0,bad,0.5791204436316273,0.23528554962986664,0.18559400673850607,-0.0341611118665463,0,True,True,False,holdout_2025
20250408,0.0,-0.052388188671358416,-0.03490742863757136,-0.10833333333333328,0.0,0.0,2.0,good,0.264283114159994,0.06907882333465266,0.6666380625053534,0.0189158529691723,2,True,True,False,holdout_2025
20250409,0.0,-0.0400943222578931,-0.022681322128688453,-0.07500000000000007,0.0,0.0,2.0,good,0.07302307699355527,0.0494635924767632,0.8775133305296815,0.0554837041524463,2,True,True,False,holdout_2025
20250410,0.0,-0.035735096580742684,-0.019512442175966385,-0.06666666666666682,0.0,0.0,2.0,good,0.10414407243361654,0.09432517301599332,0.8015307545503901,0.0053676165031072,1,True,True,False,holdout_2025
20250411,0.0,-0.033728528412340655,-0.020368873035990387,-0.04999999999999993,0.0,0.0,2.0,good,0.23087880190969723,0.182769581257742,0.5863516168325608,0.0095960890527452,2,True,True,False,holdout_2025
20250414,0.0,-0.02505020974623233,-0.014138927044204164,-0.04999999999999999,0.0,0.0,2.0,good,0.1936340627107743,0.22712812801936252,0.5792378092698632,0.0039348634983147,1,True,True,False,holdout_2025
20250415,5.053339113841194e-05,-0.03536901933049691,-0.017516998197508682,-0.04999999999999999,0.0,5.053339113841194e-05,2.0,good,0.27428264648618855,0.22110531198794114,0.5046120415258704,-0.0109296582627021,0,True,True,False,holdout_2025
20250416,0.0,-0.029503462780126347,-0.01600254264013099,-0.01666666666666672,0.0,0.0,0.0,bad,0.4709746700324995,0.25584245440815223,0.2731828755593485,-0.0085158570085157,0,True,True,False,holdout_2025
20250417,3.2796989673684533e-06,-0.029492913899736198,-0.012182502887042236,-0.008333333333333304,0.0,3.2796989673684533e-06,0.0,bad,0.5752624469873979,0.1819427948554285,0.2427947581571735,0.0064979596388854,1,True,True,False,holdout_2025
20250418,8.325645964014762e-06,-0.028726113271325293,-0.010554813137718892,0.008333333333333304,0.0,8.325645964014762e-06,2.0,good,0.3364228898921347,0.19241333941526,0.4711637706926053,0.019706707020106,2,True,True,False,holdout_2025
20250421,0.0,-0.024382426604887444,-0.008867310107629697,0.016666666666666663,0.0,0.0,2.0,good,0.2550408033580059,0.22761788007737116,0.5173413165646229,0.0056814524086659,1,True,True,False,holdout_2025
20250422,1.4479596925444442e-05,-0.0213038359982338,-0.00782771450454047,0.01666666666666672,0.0,1.4479596925444442e-05,0.0,bad,0.48506759317659537,0.26975496814112054,0.24517743868228414,-0.0055526051973046,0,True,True,False,holdout_2025
20250423,0.0,-0.029415842804707423,-0.011631658960828274,-0.025000000000000022,0.0,0.0,0.0,bad,0.4895132147919933,0.26556346874075365,0.24492331646725318,-0.0037129944339854,1,True,True,False,holdout_2025
20250424,0.0,-0.02549661385251179,-0.007910110201459524,-0.03333333333333344,0.0,0.0,0.0,bad,0.5001479960392277,0.2689092371890592,0.2309427667717132,-0.0057999538680593,0,True,True,False,holdout_2025
20250425,0.0,-0.022468554731238863,-0.008369769020827497,-0.008333333333333304,0.0,0.0,0.0,bad,0.4715892684490826,0.2891218627801845,0.23928886877073285,-0.0029152657850143,1,True,True,False,holdout_2025
20250428,0.0,-0.022968596071198832,-0.0043651347958063025,-0.008333333333333304,0.0,0.0,0.0,bad,0.4909916897873952,0.2684973075768082,0.24051100263579664,-0.0078705147271187,0,True,True,False,holdout_2025
20250429,0.0,-0.020847329390444244,-0.0018248955819616388,-0.008333333333333304,0.0,0.0,0.0,bad,0.5234510258607739,0.2596366080760083,0.21691236606321784,0.0130882549513112,2,True,True,False,holdout_2025
20250430,6.611625006178581e-06,-0.021613139092373036,-0.003288927024560351,-0.016666666666666607,0.0,6.611625006178581e-06,1.0,neutral,0.33200036730486954,0.33879347645209035,0.3292061562430401,0.0134896028348485,2,True,True,False,holdout_2025
20250506,1.053552501519931e-05,-0.014117222440836241,0.0006174914723815848,0.008333333333333304,0.0,1.053552501519931e-05,1.0,neutral,0.35418988287637587,0.3731488971523987,0.27266121997122544,0.0054326261268125,1,True,True,False,holdout_2025
20250507,1.4439047732196415e-05,-0.01506646333599878,0.0003447628853505691,0.016666666666666607,0.0,1.4439047732196415e-05,1.0,neutral,0.2444281007967859,0.4641050732208987,0.2914668259823153,0.0024848316442876,1,True,True,False,holdout_2025
20250508,1.070285258141388e-05,-0.00849005444461548,0.0037142713220115198,0.025000000000000133,0.0,1.070285258141388e-05,0.0,bad,0.36061860903869336,0.3545066390822248,0.28487475187908184,-0.0050090293555313,0,True,True,False,holdout_2025
20250509,0.007954918895039773,0.02416664352142313,0.00838728783814121,0.008333333333333304,0.007854159144462518,5.709032221475693e-05,0.0,bad,0.566478660924508,0.3018533672055083,0.13166797186998364,-0.0007877564860378,1,True,True,False,holdout_2025
20250512,0.0025344234213656495,0.006927994647239144,0.004860608705001528,-0.008333333333333415,0.002482531415260693,3.851730717373921e-05,0.0,bad,0.48171428630743157,0.3225925029396666,0.1956932107529019,0.0013831411014394,1,True,True,False,holdout_2025
20250513,0.005299292438134822,0.01441934915978467,0.01243182902156581,-0.008333333333333415,0.005166933448922839,0.00010551689871131106,0.0,bad,0.5144326076826754,0.31306730766672547,0.17250008465059913,-0.0028013707734134,1,True,True,False,holdout_2025
20250514,0.006604610719184193,0.016370837772539636,0.011809101176814739,-0.016666666666666607,0.006548335109015854,1.867786600793545e-05,1.0,neutral,0.41562774316564094,0.4362113000577204,0.14816095677663862,2.5268926517696585e-05,1,True,True,False,holdout_2025
20250515,0.006384181969915656,0.015716190336290903,0.016056135642206797,-0.016666666666666607,0.006286476134516362,6.607436660867654e-05,1.0,neutral,0.37813151899910374,0.3889772017684338,0.23289127923246247,-0.0004983389864853,1,True,True,False,holdout_2025
20250516,0.007435989481924896,0.016385537906236796,0.01060012099860434,-0.01666666666666683,0.007373492057806555,2.2632471864497463e-05,1.0,neutral,0.3185588065709871,0.5407750554704456,0.14066613795856733,0.0250072597543266,2,True,True,False,holdout_2025
20250519,0.005332607957047438,0.01243870387821814,0.006250264584933942,-0.04166666666666674,0.005286449148242708,1.5564900526712125e-05,1.0,neutral,0.1512164915725199,0.5558321789699449,0.2929513294575354,0.0048574039831699,1,True,True,False,holdout_2025
20250520,0.0024969101567338674,0.0062051546032707225,0.0015631808514183412,-0.06666666666666665,0.0024820618413082893,0.0,1.0,neutral,0.1855215837493201,0.6479634854166518,0.166514930834028,-0.0037756744373608,1,True,True,False,holdout_2025
20250521,0.0017906262574248885,0.004642943872837514,-0.00012581993512014028,-0.08333333333333326,0.0017797951512543808,0.0,1.0,neutral,0.33881880212194543,0.5305033291394038,0.13067786873865078,-0.0002392220663809,1,True,True,False,holdout_2025
20250522,0.0035296188698616497,0.009354119240122118,0.004641093045111587,-0.09166666666666656,0.003507794715045795,0.0,1.0,neutral,0.3681713088514861,0.5126481613736311,0.11918052977488272,0.0039036282790399,1,True,True,False,holdout_2025
20250523,0.0035110709636630966,0.008213290175590061,0.0035035438921460207,-0.09166666666666673,0.0034906483246257758,0.0,1.0,neutral,0.19698149031241136,0.6249594797854366,0.1780590299021521,0.0008584054009457,1,True,True,False,holdout_2025
20250526,0.0047977008628383505,0.010803358146351177,-2.9982528898390374e-05,-0.07500000000000001,0.004771483181305103,0.0,1.0,neutral,0.3724330781426499,0.49723662337164237,0.13033029848570782,0.0115699181601886,2,True,True,False,holdout_2025
20250527,0.00047605245746589907,0.0010330580737492046,-0.006690258687915414,-0.07500000000000001,0.00047348495046838546,0.0,1.0,neutral,0.202426063281968,0.44674711229225844,0.35082682442577356,0.0065168691414306,1,True,True,False,holdout_2025
20250528,0.0,-0.0008592051697364402,-0.010147092447319261,-0.06666666666666671,0.0,0.0,0.0,bad,0.38721825870230936,0.36004709057165785,0.25273465072603285,0.006592234680721,1,True,True,False,holdout_2025
20250529,0.0,-0.003515223447184172,-0.00973645424398443,-0.07500000000000001,0.0,0.0,1.0,neutral,0.2922139460746868,0.4964413985375725,0.2113446553877407,-0.0007280996689431,1,True,True,False,holdout_2025
20250530,0.0,-0.005104632836514817,-0.00975322919513727,-0.07500000000000001,0.0,0.0,1.0,neutral,0.37835699438284526,0.4469122922912708,0.17473071332588394,-0.0031393484313114,1,True,True,False,holdout_2025
20250603,0.0,-0.002603880726670874,-0.009819546795287107,-0.06666666666666671,0.0,0.0,0.0,bad,0.42357635299383134,0.4135496232679318,0.16287402373823678,0.0028063395155232,1,True,True,False,holdout_2025
20250604,0.0,-0.007067597905533723,-0.010768993655681106,-0.07500000000000001,0.0,0.0,1.0,neutral,0.38816035009566896,0.4221812058728315,0.18965844403149962,0.00578852722171,1,True,True,False,holdout_2025
20250605,0.0,-0.004326690206534034,-0.009094303176868546,-0.07500000000000001,0.0,0.0,1.0,neutral,0.3275989160142911,0.5259813257640125,0.14641975822169634,-0.0054136090609344,0,True,True,False,holdout_2025
20250606,2.5901861314849272e-05,-0.0002854786869031338,-0.0023053192917713945,-0.08333333333333331,0.0,2.5901861314849272e-05,1.0,neutral,0.33003013188970004,0.558065188152797,0.11190467995750286,0.0001276155358961,1,True,True,False,holdout_2025
20250609,6.069365009967038e-06,-0.010003038091019637,-0.005845987883831319,-0.07500000000000001,0.0,6.069365009967038e-06,1.0,neutral,0.3396257051445999,0.510799071458473,0.14957522339692705,0.0145126565641932,2,True,True,False,holdout_2025
20250610,1.4840581439146672e-05,-0.004998640648930372,-0.003553306919252635,-0.07500000000000001,0.0,1.4840581439146672e-05,1.0,neutral,0.21323112346593598,0.4865408479928792,0.30022802854118485,-0.0024814990084605,1,True,True,False,holdout_2025
20250611,5.35664330893511e-06,-0.01716233464951561,-0.0072986992913791435,-0.07500000000000001,0.0,5.35664330893511e-06,1.0,neutral,0.32725982215640614,0.5522949153623218,0.12044526248127199,0.0039563456695639,1,True,True,False,holdout_2025
20250612,8.781354289905582e-06,-0.015815483985435752,-0.004772694045262741,-0.08333333333333331,0.0,8.781354289905582e-06,1.0,neutral,0.17285850886526588,0.64632802557176,0.18081346556297412,-0.0133244541183267,0,True,True,False,holdout_2025
20250613,0.0,-0.019386349309315876,-0.002663687722041324,-0.08333333333333337,0.0,0.0,1.0,neutral,0.3416100652225483,0.5670150689376581,0.09137486583979376,0.0037291475940573,1,True,True,False,holdout_2025
20250616,8.27040065065293e-06,-0.012787332421719533,0.000534579811762026,-0.08333333333333337,0.0,8.27040065065293e-06,1.0,neutral,0.16480892462419838,0.5830096190426556,0.2521814563331459,0.0065030324451736,1,True,True,False,holdout_2025
20250617,3.2071305234199895e-06,-0.008931585320126834,0.0012417415239407426,-0.06666666666666671,0.0,3.2071305234199895e-06,1.0,neutral,0.2598471227678134,0.4974820816772773,0.24267079555490925,-0.0052126268520451,0,True,True,False,holdout_2025
20250618,7.145457274901864e-06,-0.007649535740410071,-0.001442880621809787,-0.04999999999999999,0.0,7.145457274901864e-06,1.0,neutral,0.4155610738354882,0.4590182437161282,0.12542068244838359,-0.0012783158312837,1,True,True,False,holdout_2025
20250619,8.157758836140343e-06,-0.0037967742729062004,0.0011364714421664241,-0.03333333333333338,0.0,8.157758836140343e-06,0.0,bad,0.4426201228622667,0.419953546035054,0.1374263311026793,-0.0093948980842961,0,True,True,False,holdout_2025
20250620,6.56153364224204e-06,-0.00862906985785176,0.0016400413532842717,-0.033333333333333326,0.0,6.56153364224204e-06,1.0,neutral,0.4175730602386405,0.4333763507213111,0.14905058904004836,0.012068499166561,2,True,True,False,holdout_2025
20250623,0.0,-0.010297640416810971,-0.00016842372457518892,-0.033333333333333326,0.0,0.0,2.0,good,0.2742048011029843,0.3073573257202211,0.41843787317679454,0.0199494004083181,2,True,True,False,holdout_2025
20250624,0.0,-0.011875264632363935,-0.00391538102013413,-0.03333333333333338,0.0,0.0,2.0,good,0.13788713491811674,0.4025638776394024,0.45954898744248085,0.0014377640658088,1,True,True,False,holdout_2025
20250625,1.6188313055426747e-05,2.475479983339926e-05,0.0013011453220097193,-0.025000000000000022,1.1758529920864647e-05,4.386275069300703e-06,1.0,neutral,0.2282620939743515,0.5670439749273984,0.20469393109825004,0.0011358088257614,1,True,True,False,holdout_2025
20250626,0.007904522700087964,0.018218433589303307,0.014525308070861574,-0.025000000000000133,0.007742834275453904,0.00011003508473389546,0.0,bad,0.3763246840423569,0.36894078303447164,0.2547345329231715,-0.0003997174424604,1,True,True,False,holdout_2025
20250627,0.006997893610068134,0.01631548511515442,0.011989315267219986,-0.025000000000000133,0.006934081173940627,1.665946580201437e-05,1.0,neutral,0.3468097735586967,0.4451036189046655,0.20808660753663782,0.0063766242128155,1,True,True,False,holdout_2025
20250630,0.007562603142730523,0.01720500647298018,0.011931494705294608,-0.033333333333333215,0.00745550280495808,5.6379276977719965e-05,1.0,neutral,0.25232909500921974,0.5102617963883987,0.23740910860238154,0.0139586668904455,2,True,True,False,holdout_2025
20250701,0.008728348351416372,0.022364975878187053,0.015287236678199388,-0.033333333333333326,0.008573240753305036,8.53110950793633e-05,1.0,neutral,0.14089713192868844,0.4333074281065809,0.42579543996473057,-0.0139892894791687,0,True,True,False,holdout_2025
20250702,0.006065143883952584,0.0155804425597336,0.006525502377550563,-0.08333333333333337,0.005972502981231213,4.1205627242469264e-05,0.0,bad,0.46128368189211966,0.4493366754177013,0.089379642690179,0.0031296729388289,1,True,True,False,holdout_2025
20250703,0.003943214773428607,0.009027116715363864,0.0014432379563522613,-0.08333333333333315,0.003911750576657675,0.0,1.0,neutral,0.16229899434725856,0.6218384089437655,0.21586259670897587,-0.0062794303077121,0,True,True,False,holdout_2025
20250704,0.004400264342617795,0.010065254943900832,0.008808346684811081,-0.08333333333333315,0.004361610475690361,2.6325998040235993e-06,1.0,neutral,0.4280203920980425,0.4468887973597964,0.125090810542161,0.0059540413849081,1,True,True,False,holdout_2025
20250707,0.006333370297946618,0.014499507352249918,0.00828292771718623,-0.08333333333333315,0.006283119852641633,0.0,1.0,neutral,0.1468167897999632,0.5709770471849849,0.2822061630150519,0.0067809249309815,1,True,True,False,holdout_2025
20250708,0.001425312932303871,0.0030846662080652454,-0.0008868937282873555,-0.10833333333333328,0.0014138053453632375,0.0,1.0,neutral,0.15194352964366997,0.4866005644434118,0.36145590591291826,0.0004965616727546,1,True,True,False,holdout_2025
20250709,0.007412288822967673,0.017918747605119877,0.007875092802319312,-0.10833333333333328,0.007316821938757283,2.377035125455632e-05,1.0,neutral,0.32429092710634044,0.4483041044379739,0.22740496845568556,0.0002815236525577,1,True,True,False,holdout_2025
20250710,0.007756904817737967,0.0167083562656735,0.007848713285005766,-0.05833333333333324,0.007657996621767022,3.2049569503407646e-05,1.0,neutral,0.2925325154431672,0.4705798786969698,0.23688760585986302,0.0071087892460797,1,True,True,False,holdout_2025
20250711,0.005898380225272615,0.01299232604540583,0.004664687749213914,-0.06666666666666654,0.005846546720432624,0.0,1.0,neutral,0.15756202105990388,0.5574610253789336,0.2849769535611625,-0.0008290525709789,1,True,True,False,holdout_2025
20250714,0.00627039423385623,0.015465358392234806,0.00871023420767662,-0.06666666666666676,0.0061861433568939205,1.611094167608171e-05,1.0,neutral,0.30476280244981163,0.49169529858211025,0.20354189896807806,-0.0053650968189483,0,True,True,False,holdout_2025
20250715,0.004228773295559354,0.009791734079078629,0.0031196825686509166,-0.07500000000000007,0.004161486983608417,2.3311891929294885e-05,1.0,neutral,0.28711284235184176,0.5413491525676838,0.17153800508047443,-0.0034499881513954,1,True,True,False,holdout_2025
20250716,0.011711734521403233,0.028090657513408487,0.016202969794639237,-0.04166666666666674,0.011470351817975132,0.00011165301841248258,0.0,bad,0.4031277628384708,0.39240663393825237,0.20446560322327678,0.0099505352675271,2,True,True,False,holdout_2025
20250717,0.010091224469882618,0.023414070954757525,0.01302086922662397,-0.05833333333333324,0.009950980155771949,3.143420958237159e-05,1.0,neutral,0.1323724491261726,0.46879772495050703,0.39882982592332045,-0.0027483286768901,1,True,True,False,holdout_2025
20250718,0.010585449645482315,0.027663131129684465,0.015250163733435275,-0.05833333333333324,0.010373674173631674,7.967816866031752e-05,0.0,bad,0.4220796742807141,0.38531167767440105,0.19260864804488492,0.0036808377744959,1,True,True,False,holdout_2025
20250721,0.009981818832202421,0.03024131343715715,0.013535199060038899,-0.05833333333333324,0.009828426867076075,1.0442964848648588e-05,1.0,neutral,0.27358185070991325,0.37818555264797304,0.34823259664211365,0.0065225586853814,1,True,True,False,holdout_2025
20250722,0.010725844554861036,0.032417519024370026,0.009447756999477162,-0.05833333333333324,0.01053569368292026,3.644651668755173e-05,1.0,neutral,0.3211692138351362,0.39207752330618134,0.28675326285868236,-0.0079767581580178,0,True,True,False,holdout_2025
20250723,0.008964779366880025,0.027187760610703007,0.009097557919258557,-0.05833333333333324,0.008836022198478479,0.0,1.0,neutral,0.31120240145514666,0.5401096704268686,0.1486879281179847,-0.0025172884391912,1,True,True,False,holdout_2025
20250724,0.006142199174159112,0.016536604874855386,0.012798324367781833,-0.033333333333333326,0.006063421787446975,1.7338491455245385e-05,1.0,neutral,0.3067542509747939,0.44507213038048815,0.24817361864471785,-0.0009986860649086,1,True,True,False,holdout_2025
20250725,0.006359815616706488,0.01982846646165315,0.013178275830785235,-0.033333333333333215,0.006279014379523499,9.893067838331539e-06,1.0,neutral,0.30794845670519444,0.4865822070313584,0.20546933626344713,0.0050841083771067,1,True,True,False,holdout_2025
20250728,0.007348840040308102,0.022155094129866854,0.015340987510073699,-0.04166666666666663,0.007200405592206729,6.0268019490126275e-05,2.0,good,0.17290861562295523,0.3565217247474394,0.4705696596296054,0.0089633209458873,1,True,True,False,holdout_2025
20250729,0.007203101688082924,0.02172943002739809,0.01833433299609473,-0.04166666666666663,0.007062064758904381,5.447494950244705e-05,1.0,neutral,0.09453699580432337,0.49974331182325515,0.4057196923724215,-0.0066056227549196,0,True,True,False,holdout_2025
20250730,0.014738073579473139,0.04421165030483176,0.02961738398565232,0.008333333333333304,0.014368786349070326,0.00018513794701775443,0.0,bad,0.4946549586326882,0.3292870044161746,0.17605803695113711,-0.0066037776316819,0,True,True,False,holdout_2025
20250731,0.012539861990992246,0.03881073626054943,0.017625616216137306,0.0,0.012290066482507323,7.171795023114585e-05,1.0,neutral,0.3266313715402606,0.42064913112258234,0.25271949733715704,-0.0065247587955186,0,True,True,False,holdout_2025
20250801,0.010020955549377455,0.02691814752182186,0.0133562166565373,0.0,0.009869987424668016,3.769178248572092e-05,1.0,neutral,0.341907861457172,0.39329560316162965,0.26479653538119824,0.0131122105047158,2,True,True,False,holdout_2025
20250804,0.007954280058319206,0.021924865955760632,0.007737289843444793,-0.008333333333333415,0.007856410300814225,3.6034902571691596e-07,1.0,neutral,0.11155243584125135,0.44759573009431564,0.44085183406443307,0.0191164482582142,2,True,True,False,holdout_2025
20250805,0.01059073218940245,0.031398391824426504,0.006075355406488736,0.016666666666666607,0.01046613060814217,0.0,1.0,neutral,0.09671644854166021,0.4748129700371393,0.42847058142120054,0.0081465618300801,1,True,True,False,holdout_2025
20250806,0.005987221873560259,0.017780079948950256,0.0020333757631450684,0.016666666666666607,0.0059266933163167525,0.0,1.0,neutral,0.11695063143232827,0.4747002651073311,0.40834910346034076,0.0140201077296938,2,True,True,False,holdout_2025
20250807,0.004617833342866853,0.01611116267788959,0.00035334264166642093,-0.01666666666666683,0.004564829425402051,0.0,1.0,neutral,0.12790072826853863,0.4835096737280223,0.3885895980034391,0.0033932879850207,1,True,True,False,holdout_2025
20250808,0.0039521826329430125,0.013024431327483321,-0.005636714387529364,-0.03333333333333344,0.003907329398244995,0.0,1.0,neutral,0.11031029097990487,0.539101152227581,0.3505885567925141,0.0148422515379978,2,True,True,False,holdout_2025
20250811,0.001365137905611664,0.003861237316284148,-0.009724957766575225,-0.033333333333333326,0.0013514330606994517,0.0,1.0,neutral,0.07498989532534987,0.4905895303690078,0.4344205743056423,-0.0031301559957785,1,True,True,False,holdout_2025
20250812,0.0038109631041326857,0.0116036466720838,-0.008047006164284332,-0.008333333333333304,0.003771185168427236,0.0,1.0,neutral,0.3425622488898817,0.4834079520165057,0.1740297990936126,0.0103899651022083,2,True,True,False,holdout_2025
20250813,0.0022392560755252816,0.0075363284242591505,0.0020603601376860715,-0.04166666666666674,0.0021980957904089186,1.4439023922887302e-05,2.0,good,0.11549104976270802,0.3991466437366724,0.4853623065006195,0.0029302223278939,1,True,True,False,holdout_2025
20250814,0.007347338302459177,0.026971854649975688,0.017120733403029886,-0.04166666666666685,0.006967729117910385,0.0002484297142509974,0.0,bad,0.3739835035314926,0.36419429196186887,0.26182220450663857,-0.0027741598376326,1,True,True,False,holdout_2025
20250815,0.009096755718316828,0.028472820237252026,0.020906567046265586,-0.02499999999999991,0.008779119573152711,0.00018619305119670074,1.0,neutral,0.3288949176210666,0.3881646139375508,0.2829404684413826,0.0182408170111823,2,True,True,False,holdout_2025
20250818,0.011537425720975278,0.035986189508824665,0.025981625185920364,-0.02499999999999991,0.011095741765220943,0.0002720710819152285,2.0,good,0.18285668844807254,0.2839045877060502,0.5332387238458772,0.0082205207731491,1,True,True,False,holdout_2025
20250819,0.016356142931520986,0.05103255002229712,0.03517052336036152,-0.02499999999999991,0.015735036256874953,0.0003576524392200904,1.0,neutral,0.15851352322736392,0.45987716726206934,0.38160930951056676,0.0080692774586715,1,True,True,False,holdout_2025
20250820,0.01654650642815187,0.04619100034009323,0.029343085560489077,-0.01666666666666672,0.016166850119032627,0.0001301140233415901,1.0,neutral,0.16222026519567795,0.4954891173785516,0.3422906174257704,0.0052010822909148,1,True,True,False,holdout_2025
20250821,0.013448786015777446,0.042215787526351384,0.027737973555019314,-0.04166666666666663,0.013016534487291682,0.00018434122084051515,1.0,neutral,0.21571718614546195,0.4355699308762855,0.34871288297825254,0.0025245781803615,1,True,True,False,holdout_2025
20250822,0.013866630329436677,0.03972906886728193,0.024923942590665098,-0.04166666666666663,0.01357409852965466,5.580807036840453e-05,1.0,neutral,0.31169203743450496,0.4089718116714282,0.2793361508940668,0.0066268548356535,1,True,True,False,holdout_2025
20250825,0.024935130512740412,0.07188282866194005,0.055346992456397404,-0.025000000000000022,0.02336191931513052,0.0009217838050895915,2.0,good,0.19628116499258258,0.3776987294899743,0.4260201055174432,0.0020069430672881,1,True,True,False,holdout_2025
20250826,0.02829839538853832,0.08375229859362401,0.06619184781448587,-0.025000000000000022,0.02721949704292781,0.0003034031893491174,1.0,neutral,0.3265725982633277,0.34104401204948315,0.3323833896871892,-0.0089391464333908,0,True,True,False,holdout_2025
20250827,0.020102645587138836,0.05513754132991673,0.04979266568387057,-0.04999999999999993,0.019298139465470855,0.0002875367805149648,1.0,neutral,0.3937904564494611,0.4235743044755329,0.18263523907500595,-0.0079550848454718,0,True,True,False,holdout_2025
20250828,0.02936131781762271,0.07930206986353176,0.05800722798691812,-0.025000000000000022,0.02841657503443221,0.0003052263805162619,0.0,bad,0.45361436822443785,0.36733236486108095,0.1790532669144812,-0.0071821565054894,0,True,True,False,holdout_2025
20250829,0.04031298161104634,0.12191271171258353,0.08661855997308061,-0.025000000000000133,0.037589752778046576,0.0015277779208850077,0.0,bad,0.3783630246237314,0.33998446998669735,0.2816525053895713,-0.0015902381340425,1,True,True,False,holdout_2025
20250901,0.04239456402743804,0.13804719851766897,0.08822246012965056,-0.008333333333333526,0.04026376623432011,0.0007567580288357269,1.0,neutral,0.2940020851648331,0.46584109564772164,0.24015681918744528,0.0012389478893861,1,True,True,False,holdout_2025
20250902,0.04721947470378969,0.15504722195823337,0.09560917446963202,-0.008333333333333526,0.04522210640448473,0.0004379837577524657,1.0,neutral,0.37850307330736044,0.4017703309043274,0.2197265957883121,-0.0151491487095617,0,True,True,False,holdout_2025
20250903,0.051707917897282026,0.14569945293385955,0.07787487776470484,-0.008333333333333415,0.04978064641906868,0.0004053029649289239,0.0,bad,0.42905280553698505,0.31735512733413807,0.25359206712887694,-0.0080710539671518,0,True,True,False,holdout_2025
20250904,0.06620070154537526,0.1630182674179353,0.08577941915838823,0.025000000000000022,0.063848821405358,0.0007143807649689556,0.0,bad,0.37546475772763943,0.31541754905521135,0.3091176932171492,0.0155638736238352,2,True,True,False,holdout_2025
20250905,0.05726586191919338,0.13342909454322435,0.04909162917766182,0.04999999999999993,0.05559545605967681,4.5942383724060686e-05,2.0,good,0.11579062430609106,0.2833086388299534,0.6009007368639555,0.0254588485923931,2,True,True,False,holdout_2025
20250908,0.06749767617213492,0.17656719295393597,0.07183903379652766,0.04999999999999982,0.06474130408310984,0.0004136149490024581,2.0,good,0.16523387330575648,0.3060460951140525,0.528720031580191,0.0058341636187184,1,True,True,False,holdout_2025
20250909,0.058679628722437906,0.15428790669663378,0.04912056825679689,0.016666666666666496,0.05657223245543237,0.0,1.0,neutral,0.16295119720879817,0.47782743772631153,0.35922136506489044,0.0338410994112871,2,True,True,False,holdout_2025
20250910,0.05348759629464029,0.1241123139828086,0.029612962459685387,0.01666666666666672,0.05171346415950358,0.0,2.0,good,0.06727240955465437,0.22954103845942844,0.7031865519859172,0.0021597499070353,1,True,True,False,holdout_2025
20250911,0.050441868262931525,0.11715012140571643,0.03561286096871226,0.01666666666666672,0.048812550585715174,0.0,2.0,good,0.23053503363484434,0.3838876220010483,0.3855773443641073,0.0092116976483044,2,True,True,False,holdout_2025
20250912,0.05643006885417155,0.14650630353214975,0.05734050642277941,-1.1102230246251565e-16,0.05371897796178823,0.0005527243752648533,1.0,neutral,0.19249974490067498,0.42095877962668476,0.38654147547264023,0.0026407929202532,1,True,True,False,holdout_2025
20250915,0.05300920513943101,0.1302493659950999,0.0454281223778398,-0.008333333333333193,0.05101433501474747,3.0052604943554925e-05,1.0,neutral,0.2352198983160269,0.401135098826569,0.363645002857404,0.0105681438417145,2,True,True,False,holdout_2025
20250916,0.056410455856081086,0.1276763050615018,0.050229033129708237,0.025000000000000022,0.054262429651138255,0.00022213043497056888,2.0,good,0.11364546056306571,0.3741967164539372,0.5121578229829971,0.0202656882570604,2,True,True,False,holdout_2025
20250917,0.0545582025822947,0.1364920497112696,0.04767168504619719,0.016666666666666607,0.05232195238932001,0.0002013197357627873,2.0,good,0.1263386388146199,0.3675560106842039,0.5061053505011761,-0.0032515621809667,1,True,True,False,holdout_2025
20250918,0.05774012115686975,0.14440833332815695,0.04906334398092404,0.016666666666666607,0.055356527775793495,0.00023837525636784146,1.0,neutral,0.3465232807026066,0.3832092457525446,0.2702674735448489,-0.0186635823993897,0,True,True,False,holdout_2025
20250919,0.05938353451831091,0.14283150507622888,0.04060871586812084,0.033333333333333215,0.05713260203049154,0.00011154642282002803,0.0,bad,0.5160008724504019,0.3150854473197,0.16891368022989808,0.0034249988647498,1,True,True,False,holdout_2025
20250922,0.046973671633072374,0.10299854187443519,0.03403681068219031,0.025000000000000022,0.04549102266120887,9.105019463310146e-05,1.0,neutral,0.2632584556077846,0.38013443360021565,0.35660711079199975,-0.0011720134599359,1,True,True,False,holdout_2025
20250923,0.0433796521951199,0.09496851839687268,0.03693290379466822,0.025000000000000022,0.04194442895861877,0.00014320950378978988,0.0,bad,0.3987275552735148,0.24847551599562737,0.35279692873085783,-0.0018817607741927,1,True,True,False,holdout_2025
20250924,0.05604299016288542,0.11652628694100979,0.03957516736397156,0.08333333333333337,0.05437893390580457,0.00011126626972493065,2.0,good,0.33713575700154236,0.3098790855296085,0.3529851574688492,-0.0017349232163512,1,True,True,False,holdout_2025
20250925,0.05003497994231432,0.11591853045107281,0.04347914449758505,0.06666666666666665,0.048299387687947,0.000149538925216762,0.0,bad,0.3811531421307108,0.2646835214887293,0.3541633363805599,-0.0164960503658108,0,True,True,False,holdout_2025
20250926,0.04417378976873759,0.09664697416871113,0.05403002760111134,0.09166666666666667,0.04268574692451408,0.0003008797152798719,0.0,bad,0.5865556504224867,0.1913780559205896,0.2220662936569237,0.0072093459423937,1,True,True,False,holdout_2025
20250929,0.036895663108278826,0.07531659829323466,0.03960535868079362,0.09166666666666667,0.03577538418928646,0.00019014096669898862,2.0,good,0.16414291566799338,0.2526491103108786,0.583207974021128,0.003593434380999,1,True,True,False,holdout_2025
20250930,0.03491322360582606,0.0711902238894684,0.04592221206745879,0.09166666666666667,0.03381535634749749,0.00022710882665199383,2.0,good,0.24879988660335683,0.28623900215213965,0.4649611112445034,0.0005825834128008,1,True,True,False,holdout_2025
20251009,0.03459297448217135,0.07888034379194483,0.03980854298658776,0.07499999999999996,0.03352414611157655,0.00011872016689114407,0.0,bad,0.43144742928556296,0.2198670313751518,0.3486855393392853,0.0032410692656117,1,True,True,False,holdout_2025
20251010,0.024972864683003335,0.06421744788079366,0.038036926032939185,0.04166666666666652,0.024081542955297613,0.0001045486825924654,2.0,good,0.2728516673612138,0.3440734066342471,0.3830749260045391,-0.003590255544646,1,True,True,False,holdout_2025
20251013,0.023251732310684066,0.05999161832092882,0.0024307939969366865,0.04166666666666652,0.022496856870348303,0.0,2.0,good,0.21245458953788693,0.36887803693809207,0.41866737352402095,0.0067609315699779,1,True,True,False,holdout_2025
20251014,0.012736031769679964,0.029794164087334783,0.0012756228338767581,0.050000000000000044,0.012414235036389491,0.0,2.0,good,0.16965092714199997,0.4031234414124223,0.4272256314455777,-0.0096321607097406,0,True,True,False,holdout_2025
20251015,0.011171665278029362,0.023349560207870046,-0.01911996105581313,0.08333333333333326,0.010896461430339354,0.0,2.0,good,0.24679310418547284,0.3200267085319879,0.4331801872825394,-0.0027759793646012,1,True,True,False,holdout_2025
20251016,0.01888695201348216,0.04412425747684982,-0.015293560358998204,0.08333333333333326,0.018385107282020755,0.0,2.0,good,0.3392385126461811,0.30761611744096024,0.3531453699128586,0.0056467825766668,1,True,True,False,holdout_2025
20251017,0.018359775311490602,0.03910135701432631,-0.01043902365504823,0.10833333333333328,0.01792145529823289,0.0,2.0,good,0.13313269499170935,0.2862702716559453,0.5805970333523454,-0.0099078308842571,0,True,True,False,holdout_2025
20251020,0.002387894371443883,0.00461195706593422,-0.016807246255428177,0.10833333333333328,0.0023444115085165616,0.0,2.0,good,0.2968063386865403,0.32203219097751457,0.38116147033594516,0.0053109259394183,1,True,True,False,holdout_2025
20251021,0.008024952037799495,0.016280858701348728,-0.01114514993094155,0.11666666666666659,0.007869081705651884,0.0,2.0,good,0.2561700954290814,0.3062669647938591,0.43756293977705946,0.0032722245375206,1,True,True,False,holdout_2025
20251022,0.0089380990865959,0.01902974535321117,7.43507338754612e-05,0.08333333333333326,0.008563385408945025,0.00018814761627161534,2.0,good,0.23589504481555146,0.30955133478011,0.4545536204043385,-0.010706334827576,0,True,True,False,holdout_2025
20251023,0.0073253385961787815,0.014248660077502862,-0.001732072041797983,0.08333333333333337,0.007124330038751431,6.099925202015895e-05,2.0,good,0.3439727599988559,0.26503134018239083,0.3909958998187532,0.0105690406782481,2,True,True,False,holdout_2025
20251024,0.0032718914332701267,0.006172726291461334,-0.002812242094264339,0.08333333333333331,0.003189241917255022,2.2980216684288378e-05,2.0,good,0.22456013317977533,0.2463030141786643,0.5291368526415604,0.0017015033572888,1,True,True,False,holdout_2025
20251027,0.014935422618044732,0.030182469526714883,0.018086042319560715,0.06666666666666665,0.014085152445800275,0.0005285684777250473,2.0,good,0.18724528421775852,0.3347314400998608,0.47802327568238084,0.0065781674046989,1,True,True,False,holdout_2025
20251028,0.016489105904860194,0.03750386548729215,0.02157399091906531,0.07499999999999984,0.01593914283209916,0.00015246140928373668,2.0,good,0.12981264843724927,0.389948623129826,0.48023872843292476,0.0108768092667639,2,True,True,False,holdout_2025
20251029,0.014200457630185402,0.029135041415060275,0.019579921757598005,0.07500000000000007,0.013839144672153629,5.8035434285302424e-05,2.0,good,0.23205170919364673,0.3603089520985312,0.4076393387078221,0.0048204762527992,1,True,True,False,holdout_2025
20251030,0.015018505972692596,0.03356381919184804,0.030419970161648695,0.04166666666666663,0.014264623156535414,0.0003910319789300554,1.0,neutral,0.24234831400067464,0.39384564110058223,0.36380604489874313,-0.0092311953975519,0,True,True,False,holdout_2025
20251031,0.008077401968987982,0.016311590917616005,0.02133737360164565,0.04166666666666663,0.007748005685867602,0.0001518677382997757,1.0,neutral,0.2654993582777594,0.42763475203833784,0.30686588968390266,0.0262466711348225,2,True,True,False,holdout_2025
20251103,0.0,-0.01957185510636633,0.0002639447129497152,0.008333333333333415,0.0,0.0,2.0,good,0.16480525263911508,0.38263485093038696,0.4525598964304981,0.0165621201040674,2,True,True,False,holdout_2025
20251104,0.0,-0.013486699940166547,-0.0020862610558635506,1.1102230246251565e-16,0.0,0.0,2.0,good,0.10702116491944452,0.34151602457610236,0.5514628105044531,0.0043594369090998,1,True,True,False,holdout_2025
20251105,0.0,-0.02512173579313598,-0.004039346618796847,0.0,0.0,0.0,2.0,good,0.12963134759494568,0.4036653354907277,0.46670331691432654,0.006431784596303,1,True,True,False,holdout_2025
20251106,0.0,-0.01661997178660992,0.003079434440433848,0.025000000000000022,0.0,0.0,1.0,neutral,0.1889528042112508,0.48012984607164655,0.33091734971710274,0.0160450185554528,2,True,True,False,holdout_2025
20251107,0.0,-0.009340744931905176,0.011937725634555604,0.025000000000000022,0.0,0.0,2.0,good,0.13975265216979155,0.25788195348333576,0.6023653943468728,0.0027138173121151,1,True,True,False,holdout_2025
20251110,0.008460497481014977,0.016322904539528248,0.0058506053815522065,0.025000000000000022,0.008297476474260192,1.2177495096241606e-05,1.0,neutral,0.35232871946955585,0.3700794898705255,0.27759179065991874,0.0027933015084972,1,True,True,False,holdout_2025
20251111,0.002259352612709964,0.004747966893663709,-0.006448614025238885,-0.033333333333333326,0.002215717883709731,0.0,2.0,good,0.37697289845866055,0.23231696051460182,0.3907101410267375,0.0030870290035504,1,True,True,False,holdout_2025
20251112,0.008029777744486866,0.01690724861035386,-0.015070620698946083,-0.033333333333333326,0.007890049351498469,0.0,0.0,bad,0.42550607567553866,0.2905037629594982,0.28399016136496325,0.0030646334262477,1,True,True,False,holdout_2025
20251113,0.005420467846292279,0.010327904067401547,-0.015309645781629763,-0.03333333333333338,0.005336083768157465,0.0,0.0,bad,0.45311237716291247,0.23647608793980593,0.3104115348972816,0.0030514038558227,1,True,True,False,holdout_2025
20251114,0.00563028487685982,0.011646238098484196,-0.008199286492903616,-0.058333333333333404,0.005531963096779993,0.0,0.0,bad,0.48632865270441966,0.30621637922224604,0.2074549680733344,0.0084632687390547,1,True,True,False,holdout_2025
20251117,0.0018282222782411116,0.0037744825363699927,-0.02225067443468089,-0.058333333333333404,0.0017928792047757465,0.0,2.0,good,0.18544729531403106,0.34275014046987284,0.4718025642160962,-0.0039611959152739,1,True,True,False,holdout_2025
20251118,0.0,-0.005518398902741379,-0.023815616779650994,-0.06666666666666671,0.0,0.0,0.0,bad,0.48156114222588664,0.3273935148753538,0.19104534289875955,-0.0056852931806215,0,True,True,False,holdout_2025
20251119,0.0,-0.01644004711034582,-0.02150508618360423,-0.050000000000000044,0.0,0.0,0.0,bad,0.4184158967823807,0.35078163701561,0.23080246620200925,-0.0159342396110586,0,True,True,False,holdout_2025
20251120,0.0,-0.012331324687498849,-0.018041755013396037,-0.024999999999999967,0.0,0.0,0.0,bad,0.5040988874491625,0.276766323364345,0.21913478918649257,-0.0188363379476259,0,True,True,False,holdout_2025
20251121,0.0,-0.01591668624440819,-0.021505684112957855,-0.025000000000000078,0.0,0.0,0.0,bad,0.4596506076003328,0.2996027931633449,0.24074659923632238,-0.0087125688797311,0,True,True,False,holdout_2025
20251124,0.0,-0.03916985670109958,-0.02267992430722484,-0.025000000000000022,0.0,0.0,0.0,bad,0.39245023459177536,0.2956447387608138,0.3119050266474108,0.0057355066417425,1,True,True,False,holdout_2025
20251125,0.0,-0.04619631609639722,-0.023463234583216475,-0.025000000000000022,0.0,0.0,2.0,good,0.2589171058338455,0.2622541860796974,0.47882870808645717,0.0125363790343562,2,True,True,False,holdout_2025
20251126,0.0,-0.04636418999447026,-0.02130996971404146,-0.025000000000000078,0.0,0.0,2.0,good,0.18226497556629195,0.3479806505218214,0.46975437391188657,-0.0150603269577893,0,True,True,False,holdout_2025
20251127,3.8228711704470965e-05,-0.0425467197821278,-0.004190163146960024,-0.00833333333333336,0.0,3.8228711704470965e-05,0.0,bad,0.7146381963803803,0.14984770485802132,0.1355140987615984,0.0088737694952979,1,True,True,False,holdout_2025
20251128,1.437129128398778e-05,-0.04063662578071591,-0.006765759967192846,-0.03333333333333338,0.0,1.437129128398778e-05,2.0,good,0.22480361835850834,0.3064667450292003,0.46872963661229144,0.0082143893643262,1,True,True,False,holdout_2025
20251201,2.1770862049551083e-05,-0.021645635672576935,-0.006459354393517245,-0.024999999999999967,0.0,2.1770862049551083e-05,1.0,neutral,0.28659808620734667,0.4055859774172958,0.3078159363753575,0.0102834895881058,2,True,True,False,holdout_2025
20251202,4.795723407308878e-05,-0.01643035276410465,-0.003158817307387781,-0.016666666666666607,0.0,4.795723407308878e-05,1.0,neutral,0.19925440510733156,0.5362693732342321,0.2644762216584364,0.0290554738231131,2,True,True,False,holdout_2025
20251203,3.320810013154711e-05,-0.0135263815745791,-0.0026004708928922086,-0.016666666666666607,0.0,3.320810013154711e-05,1.0,neutral,0.21559853433518114,0.39595231981453305,0.3884491458502857,0.0006538681745234,1,True,True,False,holdout_2025
20251204,0.0,-0.022437539818024044,-0.004547214545936281,-0.024999999999999967,0.0,0.0,1.0,neutral,0.3753052865878834,0.4310095763475052,0.19368513706461135,0.0018994469875162,1,True,True,False,holdout_2025
20251205,4.5998185175154814e-05,-0.020325092986839988,0.00652335416947534,-0.016666666666666607,0.0,4.5998185175154814e-05,0.0,bad,0.3929952554725104,0.377190061599558,0.2298146829279316,0.0154264109311611,2,True,True,False,holdout_2025
20251208,4.108982977190073e-05,-0.01607924172713043,0.0070687542622349655,-0.03333333333333327,0.0,4.108982977190073e-05,1.0,neutral,0.13561735509253567,0.5067906148828407,0.35759203002462364,-0.0028178394055508,1,True,True,False,holdout_2025
20251209,0.004357046306810597,0.007819518876772123,0.019628941306409353,0.01666666666666672,0.0041704100676118,0.000149714920230255,1.0,neutral,0.3333573686128652,0.33735721689939774,0.32928541448773696,0.0019681168975597,1,True,True,False,holdout_2025
20251210,0.013254675511593827,0.024368028763726252,0.026997458934716154,0.0500000000000001,0.01299628200732067,0.00014947571220144866,2.0,good,0.33829550709452577,0.30025911701648256,0.36144537588899167,-0.0052868469929859,0,True,True,False,holdout_2025
20251211,0.010807997411242058,0.021270574298304663,0.022814032593769004,0.01666666666666672,0.010635287149152331,7.787108914535736e-05,0.0,bad,0.4130095436844725,0.40590516653138836,0.18108528978413915,0.0024579645732981,1,True,True,False,holdout_2025
20251212,0.005230162262190058,0.009365033746045547,0.01830771547076021,0.016666666666666607,0.005150768560325051,3.9274381355100206e-05,0.0,bad,0.41449136812093984,0.31981060907080405,0.26569802280825616,-0.0018689496334833,1,True,True,False,holdout_2025
20251215,0.013656659185497516,0.027001434573234284,0.02010987577557527,0.01666666666666672,0.013500717286617142,6.369128090873742e-05,0.0,bad,0.3951339306532788,0.33048134077519703,0.27438472857152413,-0.0105474926566627,0,True,True,False,holdout_2025
20251216,0.009613769828503661,0.01876739905870789,0.008852024540296896,0.025000000000000022,0.009540094521509843,0.0,0.0,bad,0.4998255633578472,0.3029767016030849,0.19719773503906798,-0.0105960437392722,0,True,True,False,holdout_2025
20251217,0.005715585678491358,0.011151983380559932,0.0019490523278390594,0.008333333333333304,0.005668924885117965,0.0,1.0,neutral,0.2988371384727053,0.5113228998242856,0.18983996170300899,0.0041229070227954,1,True,True,False,holdout_2025
20251218,0.010623210930882887,0.022521698809339165,0.014977888465905087,-0.016666666666666607,0.010510126111024944,0.0,2.0,good,0.22565690705205751,0.3705184597240389,0.4038246332239036,0.0248690388948666,2,True,True,False,holdout_2025
20251219,0.005455654564487896,0.011762740135461969,-0.0009147452267054638,-0.02499999999999991,0.00539125589542007,0.0,2.0,good,0.13556060204478754,0.2651975363276799,0.5992418616275326,0.0174669195542553,2,True,True,False,holdout_2025
20251222,0.005580068955275782,0.013472595007548271,-0.0044368829688901466,-0.02499999999999991,0.005501309628082211,0.0,1.0,neutral,0.1463991702726397,0.4472553783732678,0.4063454513540924,-0.0002974275641608,1,True,True,False,holdout_2025
20251223,0.011317035665278571,0.02729734495976207,0.004105862895652068,-0.02499999999999991,0.011146415858569512,0.0,1.0,neutral,0.29297221726227773,0.4203514393279413,0.286676343409781,-0.0044498245439048,1,True,True,False,holdout_2025
20251224,0.012680583379853382,0.029925171518020252,0.005839740721340083,-0.016666666666666607,0.012468821465841771,2.011257078060993e-05,1.0,neutral,0.3855687943217298,0.45312622098878697,0.16130498468948334,0.0061979079681534,1,True,True,False,holdout_2025
20251225,0.004267434963481642,0.010517045603018471,0.002390272342135069,-0.033333333333333215,0.0042068182412073885,0.0,1.0,neutral,0.2200640655743097,0.563788170357285,0.21614776406840533,0.0013384476572854,1,True,True,False,holdout_2025
20251226,0.0037864857122406354,0.009932230544034693,-0.0037016664936316834,-0.025000000000000022,0.0037245864540130097,5.711486771894544e-06,1.0,neutral,0.29627278686912895,0.5496562239401412,0.1540709891907298,0.0173118587798445,2,True,True,False,holdout_2025
20251229,0.0029066539540484686,0.007460988937301662,-0.007249984651908219,-0.033333333333333326,0.00286004575929897,4.121067195188352e-06,1.0,neutral,0.13809951848044835,0.478369829266344,0.38353065225320765,-0.0177250916244708,0,True,True,False,holdout_2025
20251230,0.00034799938822385133,0.0008403643548926913,-0.011038657575547822,-0.04166666666666674,0.00034314877824784897,0.0,1.0,neutral,0.32568460520863995,0.5984535370402176,0.07586185775114244,-0.001739407705518,1,True,True,False,holdout_2025
20251231,0.002215519097519219,0.005946397538816317,-0.006444661382842241,-0.03333333333333344,0.002180345764232649,0.0,1.0,neutral,0.3194143400206383,0.5794901543196995,0.10109550565966216,0.0125975054032434,2,True,True,False,holdout_2025
20260105,0.0,-0.0017563093907034047,-0.016945153339046743,-0.050000000000000044,0.0,0.0,1.0,neutral,0.2146605858492616,0.4171095419632568,0.3682298721874816,0.0123107197299806,2,True,True,False,future_labeled
20260106,5.4146842698904804e-05,0.00015537624997952193,-0.004870557054723612,-0.05833333333333346,5.308688540966998e-05,0.0,2.0,good,0.18304855912883297,0.36815170712766637,0.44879973374350063,0.006385287011489,1,True,True,False,future_labeled
20260107,0.0,-0.004750138369064752,-0.00990045781849399,-0.04166666666666674,0.0,0.0,1.0,neutral,0.2019076074105858,0.4994184961233383,0.29867389646607584,0.0,1,True,True,False,future_labeled
20260108,8.039513274525566e-06,-0.01719294605953532,-0.008377891085380229,-0.04166666666666674,0.0,8.039513274525566e-06,1.0,neutral,0.1898100273167776,0.594927332017068,0.21526264066615425,,,False,True,True,future_unlabeled
20260109,0.0,-0.031379425470600984,-0.012168436132377024,-0.08333333333333348,0.0,0.0,1.0,neutral,0.21650471491665343,0.55012813832669,0.2333671467566565,,,False,True,True,future_unlabeled
20260112,0.0,-0.034584626575931046,-0.016514603387247424,-0.050000000000000044,0.0,0.0,1.0,neutral,0.2558611464550706,0.5140165382965278,0.2301223152484016,,,False,True,True,future_unlabeled
20260113,0.0,-0.03146434426195041,-0.015039016458138238,-0.050000000000000155,0.0,0.0,1.0,neutral,0.21423261220503534,0.5835982403080707,0.20216914748689394,,,False,True,True,future_unlabeled
20260114,0.0,-0.042894584524693406,-0.021407006094532458,-0.050000000000000044,0.0,0.0,1.0,neutral,0.18415203064757857,0.5879968433892591,0.22785112596316232,,,False,True,True,future_unlabeled
20260115,0.0,-0.025181999919038203,-0.012890891638825397,-0.04166666666666685,0.0,0.0,1.0,neutral,0.23699976181725896,0.541695618521033,0.22130461966170806,,,False,True,True,future_unlabeled
20260116,0.0,-0.017010833768208597,-0.010323160555223941,-0.02499999999999991,0.0,0.0,1.0,neutral,0.22648399971617264,0.6114175329448387,0.16209846733898867,,,False,True,True,future_unlabeled
20260119,1.4483982033058947e-05,-0.029531473873780148,-0.006955671625835103,-0.025000000000000244,0.0,1.4483982033058947e-05,1.0,neutral,0.18411243667614455,0.5942359871599997,0.2216515761638557,,,False,True,True,future_unlabeled
20260120,0.0,-0.02447218878530591,-0.01618674522090979,-0.06666666666666687,0.0,0.0,1.0,neutral,0.19521898929809461,0.6166753127615512,0.18810569794035417,,,False,True,True,future_unlabeled
20260121,0.0,-0.030798575782143317,-0.023949678702040345,-0.06666666666666676,0.0,0.0,1.0,neutral,0.2975014428319773,0.512126696072718,0.19037186109530463,,,False,True,True,future_unlabeled
20260122,0.0,-0.03386141990035588,-0.015991393309023362,-0.06666666666666676,0.0,0.0,1.0,neutral,0.24190077486235453,0.5029765591492784,0.25512266598836714,,,False,True,True,future_unlabeled
20260123,0.0,-0.03324626581271033,-0.010506960303519573,-0.07500000000000007,0.0,0.0,1.0,neutral,0.1868375995477585,0.6250308467441597,0.18813155370808196,,,False,True,True,future_unlabeled
20260126,0.0,-0.03763207393995989,-0.015974955595172518,-0.07500000000000007,0.0,0.0,1.0,neutral,0.23276713881658698,0.590920763231038,0.17631209795237507,,,False,True,True,future_unlabeled
20260127,0.0,-0.029880411321397106,-0.013253811950001861,-0.05833333333333346,0.0,0.0,1.0,neutral,0.1669981054225835,0.6140735212775045,0.21892837329991208,,,False,True,True,future_unlabeled
20260128,6.333735382336601e-05,-0.01939324825801836,-0.005635919041384458,-0.04166666666666663,0.0,6.333735382336601e-05,1.0,neutral,0.25026167431397855,0.5600121143898475,0.1897262112961738,,,False,True,True,future_unlabeled
20260129,0.0,-0.020898383458690703,-0.009597164785728732,-0.07499999999999984,0.0,0.0,1.0,neutral,0.23205165890545784,0.6235036785644988,0.14444466253004332,,,False,True,True,future_unlabeled
20260130,0.0,-0.03180524171137301,-0.0133977226133552,-0.09166666666666667,0.0,0.0,1.0,neutral,0.20715342320767052,0.5329404300489557,0.25990614674337376,,,False,True,True,future_unlabeled
20260202,0.00020607340048324496,-7.065861167518395e-05,0.0063784580572843015,-0.033333333333333326,0.0,0.00020607340048324496,1.0,neutral,0.23440539005503025,0.40124419719375104,0.3643504127512187,,,False,True,True,future_unlabeled
20260203,0.00011673243981912266,-0.010574669297991834,0.008489593777326998,-0.033333333333333326,0.0,0.00011673243981912266,2.0,good,0.24528835136032592,0.3699217855159873,0.38478986312368685,,,False,True,True,future_unlabeled
20260204,3.0337844539265945e-05,-0.01252468540777087,0.0026306522479097403,-0.033333333333333326,0.0,3.0337844539265945e-05,1.0,neutral,0.22768876644212752,0.5103893515780487,0.26192188197982375,,,False,True,True,future_unlabeled
20260205,1.2443595705132039e-05,-0.020912653270277637,-0.00405287775430439,-0.06666666666666665,0.0,1.2443595705132039e-05,1.0,neutral,0.19415568339139852,0.5004689722878831,0.3053753443207184,,,False,True,True,future_unlabeled
20260206,1.695822422562286e-05,-0.01771677712104517,-0.0054999252806903,-0.05833333333333324,0.0,1.695822422562286e-05,1.0,neutral,0.3126371050875165,0.42926853061338943,0.25809436429909394,,,False,True,True,future_unlabeled
20260209,0.0,-0.018117804377257053,-0.010862806451005565,-0.07500000000000001,0.0,0.0,1.0,neutral,0.2332216036371168,0.4966575277540951,0.27012086860878814,,,False,True,True,future_unlabeled
20260210,0.0,-0.009394592647361552,-0.0015963689386789643,-0.07500000000000001,0.0,0.0,1.0,neutral,0.18892138038854142,0.49133432387488357,0.319744295736575,,,False,True,True,future_unlabeled
20260211,0.0,-0.002277035174002684,-0.0026056381589786475,-0.10000000000000003,0.0,0.0,1.0,neutral,0.19854229317960673,0.5727604630669848,0.22869724375340852,,,False,True,True,future_unlabeled
20260212,0.0,-0.01949098036807334,-0.012096611735493534,-0.12499999999999994,0.0,0.0,1.0,neutral,0.27379755408670975,0.4498317568855,0.2763706890277903,,,False,True,True,future_unlabeled
20260213,0.0,-0.01377920023665415,-0.0038103670089718045,-0.14166666666666672,0.0,0.0,1.0,neutral,0.2421328263387993,0.48015778543950316,0.27770938822169766,,,False,True,True,future_unlabeled
20260224,1.2961882713975062e-05,-0.017537385579026288,-0.005155410204856936,-0.14166666666666677,0.0,1.2961882713975062e-05,1.0,neutral,0.2651392946640212,0.40878745349716555,0.32607325183881325,,,False,True,True,future_unlabeled
20260225,0.0,-0.010945873647652779,-0.007887451078807228,-0.10833333333333345,0.0,0.0,1.0,neutral,0.21454772506701106,0.5601333685814701,0.22531890635151886,,,False,True,True,future_unlabeled
20260226,0.0,-0.0032043646110595497,-0.009334934817335938,-0.10833333333333339,0.0,0.0,1.0,neutral,0.22932939157753593,0.5310747787149921,0.23959582970747195,,,False,True,True,future_unlabeled
20260227,0.0,-0.01415007366302031,-0.013774091555986561,-0.13333333333333347,0.0,0.0,1.0,neutral,0.2066441703516332,0.5394100108502313,0.2539458187981355,,,False,True,True,future_unlabeled
20260302,0.0,-0.030420857205723482,-0.024541996071378303,-0.15000000000000002,0.0,0.0,1.0,neutral,0.23709444543247982,0.5260832335679514,0.23682232099956868,,,False,True,True,future_unlabeled
20260303,0.0,-0.027778038694223756,-0.027792957247408084,-0.16666666666666663,0.0,0.0,1.0,neutral,0.21791492277152352,0.4921130791060659,0.28997199812241053,,,False,True,True,future_unlabeled
20260304,0.0,-0.027606295855991763,-0.0251485984356972,-0.16666666666666663,0.0,0.0,1.0,neutral,0.20221405748942892,0.4316394471057881,0.366146495404783,,,False,True,True,future_unlabeled
20260305,0.0,-0.03831996187203161,-0.02808903355353642,-0.175,0.0,0.0,1.0,neutral,0.27408310068828007,0.43265571827322336,0.29326118103849663,,,False,True,True,future_unlabeled
20260306,0.0,-0.026554814200959807,-0.019474785701774595,-0.13333333333333341,0.0,0.0,1.0,neutral,0.2143777803311696,0.40627993761750425,0.37934228205132603,,,False,True,True,future_unlabeled
20260309,0.0,-0.024745516136290925,-0.02094513543055515,-0.125,0.0,0.0,1.0,neutral,0.2571472865951677,0.43959953886979936,0.3032531745350329,,,False,True,True,future_unlabeled
20260310,0.0,-0.04574276135077436,-0.020624087477495445,-0.16666666666666674,0.0,0.0,1.0,neutral,0.2344414167676281,0.4771478793847923,0.2884107038475795,,,False,True,True,future_unlabeled
20260311,6.723312011631644e-05,-0.03923398857151065,-0.008483731098825609,-0.16666666666666674,0.0,6.723312011631644e-05,1.0,neutral,0.2554846041239995,0.48547598598328917,0.2590394098927113,,,False,True,True,future_unlabeled
20260312,0.00015736894610257594,-0.02890531945174868,-0.004070410342789858,-0.16666666666666669,0.0,0.00015736894610257594,1.0,neutral,0.2158443754238683,0.5078298072534587,0.27632581732267303,,,False,True,True,future_unlabeled
20260313,9.048779628948824e-06,-0.027520772461924005,-0.009161533514288184,-0.13333333333333347,0.0,9.048779628948824e-06,1.0,neutral,0.19637277716572318,0.5861355538174099,0.2174916690168668,,,False,True,True,future_unlabeled
20260316,5.824313159101741e-05,-0.01814990354110061,-0.0011939498347617863,-0.13333333333333347,0.0,5.824313159101741e-05,1.0,neutral,0.184757953871598,0.5091095831127259,0.30613246301567615,,,False,True,True,future_unlabeled
20260317,0.0008775331133764248,0.0014999458091070617,0.011695858034789878,-0.09166666666666684,0.0006624760656889521,0.00020915345732120405,1.0,neutral,0.2390715250912316,0.41418033253287745,0.3467481423758908,,,False,True,True,future_unlabeled
20260318,5.914247822921729e-05,-0.01195498992775183,0.007525362153185482,-0.09166666666666662,0.0,5.914247822921729e-05,1.0,neutral,0.303597519725712,0.4820721072012149,0.21433037307307323,,,False,True,True,future_unlabeled
20260319,0.00011629388217277971,-0.0011826462757561114,0.017421455029807298,-0.0666666666666666,0.0,0.00011629388217277971,1.0,neutral,0.3394841566704792,0.41710388086995415,0.24341196245956667,,,False,True,True,future_unlabeled
20260320,0.008503085447548102,0.01648196076737705,0.023594767534996987,-0.04999999999999999,0.008240980383688526,0.00021045404983846333,2.0,good,0.2096392889849618,0.3145452256725851,0.47581548534245305,,,False,True,True,future_unlabeled
20260323,0.014369951354335504,0.025043131634985116,0.038503772313629336,-0.016666666666666663,0.013773722399241815,0.0005225834259698918,2.0,good,0.24020342383441126,0.3068728572176206,0.45292371894796823,,,False,True,True,future_unlabeled
20260324,0.017417079004501648,0.031215101083177023,0.040098709538934484,-0.016666666666666663,0.017168305595747363,0.0001856680836044494,2.0,good,0.17571029288774861,0.23216984222015843,0.592119864892093,,,False,True,True,future_unlabeled
20260325,0.013685033368189945,0.02434302231060055,0.029826977975784482,0.0,0.013388662270830303,0.0002569406882303684,2.0,good,0.21614341195587933,0.21170464591050206,0.5721519421336186,,,False,True,True,future_unlabeled
20260326,0.01444513910169252,0.02610083369255791,0.029487869485019632,0.0,0.014355458530906851,4.7260512312568804e-05,2.0,good,0.27868837247045053,0.30224193659128595,0.4190696909382635,,,False,True,True,future_unlabeled
20260327,0.017626572518018153,0.029659804008390064,0.026681538095189694,0.024999999999999967,0.017548717371630784,2.60090301870962e-05,2.0,good,0.2293614915434611,0.24754482409735334,0.5230936843591855,,,False,True,True,future_unlabeled
20260330,0.02113607390040475,0.03666641679828541,0.019827774272549392,0.04166666666666663,0.02108318965901411,0.0,1.0,neutral,0.2760970284410445,0.38606820666107017,0.33783476489788533,,,False,True,True,future_unlabeled
20260331,0.01804867759711777,0.03272989914007104,0.009528653576236574,0.016666666666666607,0.018001444527039074,0.0,1.0,neutral,0.22910418039307281,0.47207267944195624,0.29882314016497113,,,False,True,True,future_unlabeled
20260401,0.011991287438025165,0.021719717691771723,-0.0023916711108550523,0.016666666666666607,0.011945844730474449,0.0,2.0,good,0.2117257702512664,0.3362521570460708,0.4520220727026627,,,False,True,True,future_unlabeled
20260402,0.016763093644332067,0.033379081288753776,0.0018056439208527127,0.01666666666666672,0.016689540644376888,0.0,2.0,good,0.23149813467186614,0.3489988859846376,0.41950297934349623,,,False,True,True,future_unlabeled
20260403,0.008911605783106883,0.016131172815087448,-0.00793126278858055,0.016666666666666607,0.008872145048298098,0.0,2.0,good,0.19294037032297912,0.2917266093576242,0.5153330203193968,,,False,True,True,future_unlabeled
20260407,0.013156505865369005,0.021836964663082152,-0.00548509054302234,0.016666666666666607,0.01310217879784929,0.0,2.0,good,0.30311686009424305,0.2940602721870672,0.4028228677186897,,,False,True,True,future_unlabeled
20260408,0.013739037966157457,0.02486915316690539,-0.005867979516809636,0.016666666666666607,0.013678034241797966,0.0,2.0,good,0.24099088388443404,0.3282774869518933,0.43073162916367275,,,False,True,True,future_unlabeled
20260409,0.017212753743018214,0.030736393598524665,0.008483037998525716,0.016666666666666607,0.016905016479188566,0.00019873401698017288,2.0,good,0.2221069919996975,0.34614756448575607,0.43174544351454647,,,False,True,True,future_unlabeled
20260410,0.013949922504564517,0.024074019930261,0.0036043738852127322,0.00833333333333336,0.013842561459900073,2.4450945003567506e-05,1.0,neutral,0.23547127930614395,0.43498246966867526,0.3295462510251808,,,False,True,True,future_unlabeled
20260413,0.02705691043556517,0.050160122458454984,0.020383503528051777,0.008333333333333304,0.026334064290688863,0.0005084163331503906,2.0,good,0.20804228608436098,0.3521695495609384,0.4397881643547006,,,False,True,True,future_unlabeled
20260414,0.024206209865444354,0.049333206866055856,0.023755702616665965,0.016666666666666607,0.023844383318593662,0.00014433284831308273,1.0,neutral,0.2120383868222054,0.4218817136162665,0.3660798995615282,,,False,True,True,future_unlabeled
20260415,0.021050899582058826,0.04497883496146925,0.03037719528335292,-0.008333333333333304,0.020615299357340074,0.00023446388385313114,2.0,good,0.24383733502259317,0.36358578064819463,0.39257688432921223,,,False,True,True,future_unlabeled
20260416,0.021615141066635264,0.04725633888791292,0.024602949919100683,-1.1102230246251565e-16,0.021265352499560807,0.00014390024251920643,2.0,good,0.22630895154706224,0.3652419500112426,0.40844909844169525,,,False,True,True,future_unlabeled
20260417,0.022245398929679583,0.048111549220538424,0.0332803977599216,-1.1102230246251565e-16,0.021650197149242285,0.0003766585770981872,1.0,neutral,0.28862802403688675,0.38248578026162566,0.3288861957014876,,,False,True,True,future_unlabeled
20260420,0.019926989616849546,0.047782504771816635,0.03725889710191111,0.008333333333333304,0.01951118944849179,0.00017911791857095805,1.0,neutral,0.18894711240409623,0.481421939032694,0.32963094856320985,,,False,True,True,future_unlabeled
20260421,0.010649307655849339,0.028968145155236824,0.0342860617736288,-0.05833333333333335,0.01038025201395986,0.00011966684253346002,1.0,neutral,0.15162149892261217,0.4359878704895536,0.4123906305878342,,,False,True,True,future_unlabeled
20260422,0.007462528909399208,0.021784910298253274,0.03010790427752822,-0.04999999999999993,0.007261636766084425,5.856556057915814e-05,1.0,neutral,0.14245764875616213,0.44052061183406666,0.4170217394097711,,,False,True,True,future_unlabeled
20260423,0.013244810665466528,0.03872392803239359,0.03361393887925383,-0.04999999999999993,0.012907976010797866,6.916144539105223e-05,1.0,neutral,0.13910060900428717,0.5714433179511281,0.2894560730445847,,,False,True,True,future_unlabeled
20260424,0.014403007781667523,0.03683033925455392,0.03072829231143826,-0.050000000000000155,0.014118296714245665,2.5212043414201587e-05,1.0,neutral,0.12990893317439092,0.4521179405982697,0.4179731262273393,,,False,True,True,future_unlabeled
20260427,0.014297555500985597,0.0365927169418082,0.026980753327497234,-0.03333333333333344,0.014027208161026471,0.0,2.0,good,0.17398476411052752,0.39912222513937134,0.42689301075010105,,,False,True,True,future_unlabeled
20260428,0.01661310682289948,0.04244695589937811,0.02495146068985047,-0.06666666666666687,0.016271333094761604,4.496541728454272e-06,2.0,good,0.3211477647104551,0.319889262884733,0.3589629724048118,,,False,True,True,future_unlabeled
20260429,0.02029908683134017,0.04689361145869994,0.017728260812259308,-0.025000000000000133,0.01992978486994747,0.0,1.0,neutral,0.19775369205078577,0.44267240732954805,0.35957390061966615,,,False,True,True,future_unlabeled
20260430,0.025253111366578283,0.06603884651461954,0.019414050297900144,-0.025000000000000133,0.02476456744298232,0.0,1.0,neutral,0.33531388033912574,0.38320102654953764,0.2814850931113366,,,False,True,True,future_unlabeled
20260506,0.0265521262854004,0.06748212917719484,0.024929943907769293,-0.050000000000000155,0.025868149517924682,0.0001381051252677054,2.0,good,0.266979511709201,0.3342802920325929,0.3987401962582061,,,False,True,True,future_unlabeled
20260507,0.034623401442899826,0.10051869106470188,0.03786888967501363,-0.04999999999999993,0.03350623035490063,0.00030115785904580696,1.0,neutral,0.2166289755426934,0.46730834494415274,0.3160626795131538,,,False,True,True,future_unlabeled
20260508,0.029257328925731563,0.0999485278579956,0.035177577178552036,-0.050000000000000044,0.02831874955976542,0.00011306254929727085,1.0,neutral,0.1760939104508333,0.5693769911591536,0.2545290983900131,,,False,True,True,future_unlabeled
20260511,0.0274804471589191,0.08189137639470276,0.017400258564982986,-0.05833333333333324,0.0266146973282784,0.00013585525193085692,1.0,neutral,0.22928739055786104,0.4775355848373167,0.2931770246048223,,,False,True,True,future_unlabeled
20260512,0.029437248812094335,0.08665490181077011,0.03699531670123879,-0.05833333333333324,0.02816284308850029,0.00043458720162443005,1.0,neutral,0.20326627961859964,0.4801112801688807,0.3166224402125197,,,False,True,True,future_unlabeled
20260513,0.03302851053306361,0.09832408469372221,0.03866174383543141,-0.008333333333333304,0.03195532752545972,0.0001490003798552648,1.0,neutral,0.14667492823607284,0.5577766359157428,0.2955484358481844,,,False,True,True,future_unlabeled
20260514,0.031157866816204256,0.09261357378988831,0.04929292799274562,-0.008333333333333304,0.030099411481713707,0.0002367539683010331,1.0,neutral,0.16406694416807266,0.5233316722250553,0.312601383606872,,,False,True,True,future_unlabeled
20260515,0.031002882679633314,0.08236037057100755,0.04283405656655107,-0.016666666666666607,0.030198802542702772,0.00010781359990246317,1.0,neutral,0.12096506762863149,0.49536027438383684,0.38367465798753175,,,False,True,True,future_unlabeled
20260518,0.030758585344408385,0.07191885536444734,0.03971087846568344,-0.01666666666666672,0.029966189735186388,0.0001977015383429502,2.0,good,0.14135052170307738,0.4090990813926889,0.44955039690423365,,,False,True,True,future_unlabeled
20260519,0.03053524733613127,0.0746234748214222,0.035247132287299254,-0.033333333333333326,0.029849389928568882,7.608903182882549e-05,1.0,neutral,0.13373254535345633,0.5836565749555226,0.2826108796910211,,,False,True,True,future_unlabeled
20260520,0.02640348451097989,0.06432967516755513,0.032779883783458016,-0.06666666666666665,0.02573187006702205,0.00016407958401384163,2.0,good,0.16488886244278186,0.3611311180910672,0.47398001946615087,,,False,True,True,future_unlabeled
20260521,0.029139439320403023,0.06978809479111468,0.03967915244296323,-0.05833333333333335,0.028496805373038496,0.00010124982968402837,2.0,good,0.18427892774388993,0.3766763911749749,0.43904468108113504,,,False,True,True,future_unlabeled
20260522,0.03107778521718353,0.06658257248122762,0.03421071443560225,-0.025000000000000022,0.03051701238722932,6.889813558721916e-05,2.0,good,0.14373877775654353,0.3776417233611192,0.47861949888233735,,,False,True,True,future_unlabeled
20260525,0.03392106994809081,0.07678842287700072,0.03634052670689184,-0.033333333333333326,0.033274983246700314,8.603418651560145e-05,1.0,neutral,0.2260435610191131,0.4263572403702488,0.34759919861063804,,,False,True,True,future_unlabeled
20260526,0.04108892869491185,0.09204865629219589,0.05073049897965369,-0.033333333333333326,0.03988775105995155,0.00047488518019375204,2.0,good,0.22968697442862746,0.37969646698964205,0.3906165585817305,,,False,True,True,future_unlabeled
20260527,0.04294386041774211,0.09846888039867818,0.05119948645264412,-0.008333333333333415,0.04184927416943822,0.0003191588213535474,2.0,good,0.17654165730721963,0.3645031539368611,0.4589551887559193,,,False,True,True,future_unlabeled
20260528,0.04593014585346948,0.10538249132446487,0.052969988435870786,0.008333333333333304,0.04478755881289756,0.00035831348141186596,2.0,good,0.19547119644411007,0.36680163294191226,0.43772717061397776,,,False,True,True,future_unlabeled
