trade_date,headwind_score_raw,growth_lead_r20,growth_strength_gap,growth_breadth_gap,siphon_headwind,rotation_stress,state,state_name,prob_0,prob_1,prob_2,ret,ret_label,has_label,is_after_train_end,is_after_last_label_date
20200206,0.05187816173110968,0.11345854141681888,0.09828577588080394,0.14166666666666639,0.05011085579242833,0.0006443087751076418,2,good,0.16308936237910418,0.21555609661417077,0.6213545410067249,0.0177603581841752,2,True,False,False
20200207,0.07550205482120452,0.16651122709729504,0.10057130979249843,0.15833333333333321,0.07354245863463862,0.0003911450603298044,2,good,0.13961245820398974,0.2645008757622705,0.5958866660337399,0.008248767304778,1,True,False,False
20200210,0.08416207137487967,0.17986060151505226,0.10514374099647811,0.1499999999999999,0.08093727068177349,0.001426652611931576,2,good,0.13819434965057184,0.350146015613007,0.5116596347364212,-0.0047565357167229,1,True,False,False
20200211,0.0838691257659037,0.1849706870590928,0.10021084265481348,0.1416666666666666,0.08169538678443264,0.00034067918990171857,1,neutral,0.18531585714658713,0.4246527835922754,0.39003135926113736,0.0023982929128803,1,True,False,False
20200212,0.07700232388695606,0.16378764121625872,0.07587898472802129,0.10833333333333339,0.07506933555745192,0.00024295432605853364,2,good,0.1447340451581875,0.25494685251028815,0.6003191023315244,0.0071219768091017,1,True,False,False
20200213,0.0870181028478064,0.18472435569898235,0.0897602959167375,0.10833333333333339,0.08466532969536691,0.00037233650820443266,2,good,0.2820752324632273,0.2636104308722676,0.45431433666450505,-0.0053889137643352,0,True,False,False
20200214,0.08641336956622503,0.18393103320016874,0.08433586233221946,0.10833333333333339,0.08430172355007734,0.00014374767992189044,2,good,0.22346526330480393,0.21452308314583063,0.5620116535493656,0.0120899917368074,2,True,False,False
20200217,0.07232669316440427,0.15414424957988795,0.06458219413097266,0.09166666666666667,0.07064944772411531,1.247829635415052e-05,2,good,0.07837834013620526,0.13926462368294698,0.7823570361808478,0.0309264556129594,2,True,False,False
20200218,0.07114001028015288,0.16977393122315151,0.06625600958054165,0.09166666666666656,0.06932435524945353,3.192936973568672e-05,2,good,0.10968179577654034,0.3393522079511166,0.550965996272343,0.0046785152666028,1,True,False,False
20200219,0.06882412283236919,0.1639502917822435,0.060600803510287175,0.09166666666666656,0.0669463691444161,0.00016290525791413826,1,neutral,0.21179455055170496,0.4013582908203525,0.3868471586279425,0.0193234928172672,2,True,False,False
20200220,0.06117392980970331,0.14592659911369635,0.03971370518128344,0.07499999999999996,0.05958669463809267,0.0,2,good,0.07607576663548579,0.22686062737663437,0.6970636059878799,0.0160685262137691,2,True,False,False
20200221,0.0504910868155369,0.1337877884031492,0.021077355976303593,0.033333333333333215,0.04905552241448803,0.0,2,good,0.11771014720999363,0.2569651032426451,0.6253247495473614,0.022322064613397,2,True,False,False
20200224,0.03999650250563547,0.1191589135673835,0.017250453275769836,-0.025000000000000022,0.03872664690939965,0.0,2,good,0.15328382034143087,0.31417134327829727,0.5325448363802718,0.0196977499100584,2,True,False,False
20200225,0.027759728751772957,0.09205843384771462,0.013999341675046642,-0.05833333333333346,0.02685037653891676,0.0,2,good,0.16681405110427458,0.327511056010471,0.5056748928852544,0.0048948203911801,1,True,False,False
20200226,0.02932098390764892,0.09465691099177687,0.018831662192225873,-0.050000000000000155,0.028397073297533052,0.0,2,good,0.261947577118596,0.360186232478629,0.37786619040277497,0.0007989158793901,1,True,False,False
20200227,0.021640539580360864,0.0695207809291211,-0.013717126854830876,-0.050000000000000155,0.020856234278736327,0.0,2,good,0.3068899287119913,0.17522896681306183,0.5178811044749468,-0.0162051089062814,0,True,False,False
20200228,0.014628408752737545,0.047024022969404264,-0.0191732093903196,-0.06666666666666676,0.014107206890821277,0.0,0,bad,0.3531163418832503,0.30468927779790944,0.3421943803188402,0.0306034982849337,2,True,False,False
20200302,0.010872895941285621,0.034883469887627624,-0.030257537628417246,-0.06666666666666676,0.010465040966288286,0.0,2,good,0.10018971273331757,0.13077058264075547,0.7690397046259269,0.0197009934341143,2,True,False,False
20200303,0.013522570928694494,0.05142331112802481,-0.03073747236598486,-0.06666666666666676,0.012855827782006203,0.0,2,good,0.11653455744081345,0.33449265933916805,0.5489727832200185,0.0019189619644594,1,True,False,False
20200304,0.0008374320061376153,0.0032269839726029315,-0.019379846465736837,-0.06666666666666676,0.0008067459931507329,0.0,2,good,0.2188162375602541,0.30181660772945124,0.4793671547102948,0.0183474364644795,2,True,False,False
20200305,0.0,-0.024971689090244026,-0.02995891218264553,-0.10833333333333339,0.0,0.0,2,good,0.10590340380235919,0.3377963410792236,0.5563002551184171,0.0032734373766322,1,True,False,False
20200306,0.0,-0.03695890209102701,-0.03258125183678946,-0.10833333333333339,0.0,0.0,1,neutral,0.21668304389754167,0.4131497607617975,0.3701671953406609,0.005228096447684,1,True,False,False
20200309,0.0,-0.05031493478963977,-0.03307183659703524,-0.10000000000000009,0.0,0.0,1,neutral,0.2692893688361101,0.4607537590747275,0.2699568720891625,-0.0029127599529813,1,True,False,False
20200310,0.0,-0.06365120301798133,-0.041201532814015875,-0.09999999999999998,0.0,0.0,2,good,0.32492157479704226,0.2344853010260665,0.4405931241768912,0.0234802407100644,2,True,False,False
20200311,0.0,-0.0434433058931889,-0.032639316473116395,-0.07499999999999996,0.0,0.0,2,good,0.2221811703243152,0.253217828982266,0.5246010006934189,-0.0054741336016277,0,True,False,False
20200312,0.0,-0.06991953361421806,-0.03752021035845998,-0.07500000000000007,0.0,0.0,0,bad,0.5308254743546748,0.24497989037675016,0.22419463526857514,-0.0033635577951774,1,True,False,False
20200313,0.0,-0.07510141294747397,-0.035964056094983696,-0.09166666666666667,0.0,0.0,0,bad,0.45228812162906745,0.2566011821667373,0.29111069620419533,0.0050480718634915,1,True,False,False
20200316,0.0,-0.05692224204198052,-0.025362114489437683,-0.05833333333333335,0.0,0.0,0,bad,0.4472222438531033,0.22638404951567465,0.32639370663122214,-0.0118776560978678,0,True,False,False
20200317,0.0,-0.06869951951366575,-0.0306111193616197,-0.058333333333333404,0.0,0.0,0,bad,0.557051241098274,0.12184976815061617,0.32109899075110987,-0.0109437525017017,0,True,False,False
20200318,0.0,-0.06009199911078639,-0.017641644117756122,-0.01666666666666672,0.0,0.0,2,good,0.3979800746533117,0.11478033525910597,0.48723959008758233,-0.0028886991366501,1,True,False,False
20200319,1.2559604800798345e-05,-0.05030081331242381,-0.015987776638355974,-0.01666666666666672,0.0,1.2559604800798345e-05,2,good,0.3318276592138344,0.15546689680470727,0.5127054439814583,0.0230644314082853,2,True,False,False
20200320,6.679793083783557e-05,-0.03729575270398626,-0.01128879930835415,0.016666666666666607,0.0,6.679793083783557e-05,2,good,0.3863014096508368,0.1741927696992046,0.4395058206499586,-0.0152291551146359,0,True,False,False
20200323,0.0,-0.04282595970014473,-0.013725852258880622,0.016666666666666607,0.0,0.0,0,bad,0.5515890908735679,0.14107538802417974,0.3073355211022524,-0.0090459236040847,0,True,False,False
20200324,0.0,-0.05355939718578939,-0.02385847705653664,0.008333333333333304,0.0,0.0,2,good,0.2696474524016806,0.11961356977253085,0.6107389778257887,0.0162686922499338,2,True,False,False
20200325,0.0,-0.05881226167016859,-0.01795224394366575,0.0,0.0,0.0,2,good,0.15264322919481815,0.21682947188004584,0.630527298925136,0.0001126823886221,1,True,False,False
20200326,0.0,-0.03029027535415589,-0.008338126547971711,0.0,0.0,0.0,2,good,0.3712006356493757,0.21015488204524657,0.41864448230537765,0.0035571765035206,1,True,False,False
20200327,0.0,-0.023934823240123262,-0.00348606484871522,0.016666666666666663,0.0,0.0,2,good,0.33902880316757056,0.2255612918274375,0.4354099050049918,-0.0225145822808591,0,True,False,False
20200330,0.0,-0.021870227294697862,-0.009333105119769314,0.008333333333333304,0.0,0.0,2,good,0.33677709965591895,0.14590542982598026,0.5173174705181007,0.0093051419390154,2,True,False,False
20200331,0.0,-0.03332846272637978,-0.018929256921454897,0.00833333333333347,0.0,0.0,2,good,0.24847718973318816,0.307975049225331,0.4435477610414808,0.000304179346147,1,True,False,False
20200401,0.0,-0.04660011285270625,-0.020788225057943054,-0.008333333333333304,0.0,0.0,2,good,0.3268991739972068,0.2130885890005495,0.4600122370022438,0.0154589519165366,2,True,False,False
20200402,0.0,-0.03282136639052165,-0.01507456541328902,0.050000000000000044,0.0,0.0,2,good,0.19105750047820727,0.3301219631287604,0.4788205363930324,0.0035534202250552,1,True,False,False
20200403,0.0,-0.01805895631784299,-0.0014226816921195998,0.050000000000000044,0.0,0.0,2,good,0.19582951985341926,0.1916042536552768,0.6125662264913039,0.0292039721246945,2,True,False,False
20200407,0.0,-0.017432328051060694,-0.002877942093981938,0.050000000000000044,0.0,0.0,2,good,0.1106077676692464,0.21992513462909902,0.6694670977016546,0.0156112059940928,2,True,False,False
20200408,5.516776612855728e-05,-0.004698870820670144,-0.001000557112841121,0.050000000000000044,0.0,5.516776612855728e-05,1,neutral,0.23327535838963523,0.3870321888918213,0.37969245271854346,0.0034360513556928,1,True,False,False
20200409,5.522344634264802e-05,-0.014612108158327392,-0.0032482854069364464,0.025000000000000133,0.0,5.522344634264802e-05,1,neutral,0.27132925509853534,0.46952869985396894,0.2591420450474958,0.0003699324481822,1,True,False,False
20200410,8.222757554548384e-05,-0.003746070514260881,-0.00014690413533180458,0.008333333333333304,0.0,8.222757554548384e-05,1,neutral,0.3636219502005527,0.37737736591432164,0.2590006838851257,0.0010782732076088,1,True,False,False
20200413,0.0,-0.010546983843378474,-0.009717782123806955,0.008333333333333304,0.0,0.0,0,bad,0.3645090769029867,0.3077494931702634,0.32774142992675,0.0092656156426221,2,True,False,False
20200414,0.0,-0.022301431662898073,-0.012930421698014505,-0.00833333333333336,0.0,0.0,1,neutral,0.268755999220839,0.4038861880180114,0.3273578127611495,0.0006863683374637,1,True,False,False
20200415,0.0,-0.0026297070188336918,-0.0026776738385689836,-0.008333333333333415,0.0,0.0,0,bad,0.4790654047571587,0.25137839420758656,0.26955620103525485,-0.0058371449443378,0,True,False,False
20200416,2.9551382490777084e-05,-0.007399265621906589,0.004219495416749746,-0.03333333333333338,0.0,2.9551382490777084e-05,0,bad,0.5302975889850272,0.26106250082795185,0.20863991018702102,0.003231480874393,1,True,False,False
20200417,0.0001435832385414711,0.00021302693356188562,0.010398854177556299,-0.03333333333333327,0.00010296301788824473,3.9221208461021905e-05,0,bad,0.42201003025632783,0.31902382601600937,0.25896614372766275,0.000783051258494,1,True,False,False
20200420,0.0026886425055578163,0.005298459398821086,0.018619275590709822,-0.04999999999999999,0.0024726143861165065,0.00018021528452292476,2,good,0.2116143288937553,0.2547072754364976,0.5336783956697471,0.0141379085104908,2,True,False,False
20200421,0.005625571444252965,0.011618557411766317,0.019626803443578852,-0.033333333333333326,0.0054219934588242815,0.00012409651011817494,2,good,0.16984526794536478,0.3053451610648861,0.5248095709897491,0.0093662531064338,2,True,False,False
20200422,0.012086241315478906,0.025477324473689625,0.015454246402940464,-0.033333333333333326,0.011889418087721825,4.6539593714426793e-05,1,neutral,0.2663003047551601,0.42369798948134507,0.31000170576349495,-0.0013334484477881,1,True,False,False
20200423,0.01119647195378574,0.023605745044824045,0.016668626036942448,-0.033333333333333326,0.011016014354251221,3.984794784363909e-05,0,bad,0.4958957147209591,0.30405509551620324,0.20004918976283764,-0.0121841300793732,0,True,False,False
20200424,0.009730195929862458,0.018453072761261142,0.020686823143661253,-0.01666666666666672,0.009534087593318256,9.088670121809975e-05,0,bad,0.6402449655240848,0.24147134802822123,0.11828368644769396,-0.0152225144084525,0,True,False,False
20200427,0.01014899803162436,0.019343006358349065,0.024211621448515852,-0.01666666666666672,0.009993886618480349,4.797376689357648e-05,0,bad,0.6451019122222296,0.2362635228757388,0.11863456490203163,-0.0090761533489529,0,True,False,False
20200428,0.016120242302153604,0.031725865261751064,0.02705916330425734,0.0,0.015862932630875532,8.639514407162367e-05,0,bad,0.595183692436432,0.23099925102448024,0.1738170565390877,-0.0065820502065387,0,True,False,False
20200429,0.023631286108555874,0.047996720592028856,0.02684815175182311,0.01666666666666672,0.02319841495281395,0.00021107910205078495,2,good,0.374159636302445,0.24213174212730992,0.3837086215702451,0.004207163294579,1,True,False,False
20200430,0.02489689573201525,0.04843645542712045,0.02040879964793505,0.008333333333333304,0.024621864842119562,4.739182385507655e-05,2,good,0.2707090320750545,0.27774606644834,0.4515449014766055,0.0211335699025989,2,True,False,False
20200506,0.026866408076895783,0.05741794491128316,0.02980298254889876,-0.008333333333333304,0.026316558084338117,0.00024161775501567117,2,good,0.16909832641810388,0.2280663055400832,0.6028353680418129,0.0225914155793592,2,True,False,False
20200507,0.030753337940415498,0.0648147703877526,0.048994430106651055,-0.008333333333333304,0.029706769761053277,0.0006528048076822251,2,good,0.21662961881967158,0.2743896027044421,0.5089807784758864,0.0053407938302662,1,True,False,False
20200508,0.027254823873019533,0.05941753963329862,0.03749261605636649,-0.01666666666666672,0.026737892834984376,0.00014780724897126232,1,neutral,0.24201118345061406,0.44343526156516794,0.3145535549842181,0.0163905043056955,2,True,False,False
20200511,0.025433908252374533,0.05560760101132952,0.03407633856977898,-0.01666666666666672,0.025023420455098283,4.321024873572087e-05,2,good,0.13589218750580495,0.3095967233854525,0.5545110891087425,0.0095273287155265,2,True,False,False
20200512,0.023874773259063765,0.04939013724910916,0.022245759800787027,0.008333333333333304,0.02346031519332685,7.453367434683252e-05,1,neutral,0.10617463274728929,0.4509020196314819,0.44292334762122887,0.0029253859650775,1,True,False,False
20200513,0.025639702100792576,0.05225471283973727,0.025372811745479264,0.033333333333333326,0.025256444539206342,2.9874697363798885e-05,1,neutral,0.239045400963879,0.5114760890844741,0.2494785099516469,-0.004675386530624,1,True,False,False
20200514,0.030520123771920277,0.06945638811843122,0.026025266198076505,0.033333333333333326,0.03009776818465353,0.0,0,bad,0.4636735070822939,0.3357018853176209,0.20062460760008513,0.0108579363956368,2,True,False,False
20200515,0.0338595826449741,0.07710697773311051,0.024447655763799,0.033333333333333326,0.03341302368434789,4.600879122815563e-06,2,good,0.3191775787695697,0.29912851178448707,0.3816939094459433,-0.0138277907365579,0,True,False,False
20200518,0.03297210128131389,0.07358885062890586,0.02933971412881494,0.04166666666666663,0.03250174236110009,7.56652408158715e-05,0,bad,0.5540626826928209,0.25907927804917646,0.18685803925800262,0.0056156615994208,1,True,False,False
20200519,0.02582593791449277,0.05981872479761807,0.020443709731233883,0.008333333333333304,0.025422958038987677,6.662050776294512e-05,1,neutral,0.23464339807421367,0.42664713353886985,0.33870946838691657,0.0043251913853532,1,True,False,False
20200520,0.03122408106584134,0.07162132783599007,0.03344017104271842,0.008333333333333304,0.030439064330295775,0.0003500602541426881,0,bad,0.4421257612767957,0.2594978149177511,0.2983764238054532,-0.0083949612507579,0,True,False,False
20200521,0.0282491671508962,0.05862414757732851,0.027724990370694237,0.008333333333333304,0.02784647009923104,4.1922409869346304e-05,0,bad,0.4652655992284943,0.36863620464687374,0.16609819612463184,-0.0072192144430103,0,True,False,False
20200522,0.024069936526040916,0.045135612189804164,0.015165232328634185,0.008333333333333304,0.023696196399647183,6.327784856053247e-05,0,bad,0.4530709832256097,0.2615960887884451,0.2853329279859452,-0.0108658998690772,0,True,False,False
20200525,0.02288311313458058,0.04300505163973162,0.008543887190193666,0.008333333333333304,0.022577652110859096,0.0,0,bad,0.4483602089104952,0.3801581715531707,0.17148161953633415,0.0085186024910514,1,True,False,False
20200526,0.02195524254579905,0.038816581735183354,0.0055278326182054225,0.024999999999999967,0.021672591468810707,0.0,2,good,0.16536333974447628,0.26814399261975047,0.5664926676357732,0.0158708997788767,2,True,False,False
20200527,0.027122081184877283,0.05252126672498592,0.020299201273286493,0.00833333333333336,0.026698310585201175,0.0,2,good,0.2663614849966376,0.27282469110691077,0.46081382389645176,-0.0071651481071407,0,True,False,False
20200528,0.01937760422993763,0.037469775062638,0.008542078158784511,0.00833333333333336,0.019047135656840984,0.0,1,neutral,0.3484748499087577,0.3583183694533651,0.29320678063787714,0.0003493365392041,1,True,False,False
20200529,0.012280098054346341,0.022998281075757705,-0.0019029451034617475,-0.008333333333333415,0.012074097564772793,0.0,0,bad,0.36828815600236664,0.30435195093735273,0.3273598930602805,0.0088672176092913,1,True,False,False
20200601,0.012772903194287987,0.02551032254823412,0.0009005742977244251,-0.025000000000000078,0.012542575252881773,2.2222988917693975e-06,2,good,0.20690565782820702,0.3943465063269705,0.3987478358448225,0.0156074167857512,2,True,False,False
20200602,0.019169571524498993,0.0401762441227258,0.007763850948797054,0.0,0.01874891392393871,6.591501919233702e-05,2,good,0.10435368654438411,0.3940414315171766,0.5016048819384393,0.0051023921123317,1,True,False,False
20200603,0.011680632439736278,0.02374760602983461,0.0039054555343802262,-0.01666666666666672,0.011478009581086728,0.0,2,good,0.13281000420651662,0.4227973840493695,0.44439261174411393,0.0123567502059756,2,True,False,False
20200604,0.0,-0.00341935566101792,-0.0011102831029779665,-0.0500000000000001,0.0,0.0,2,good,0.10344927132903518,0.3809700285975789,0.515580700073386,0.0207876814957975,2,True,False,False
20200605,0.0034030187540842784,0.0071534053666745985,0.0010928595785208613,-0.033333333333333326,0.003338255837781479,1.385030642493599e-05,2,good,0.17499806663420928,0.3482915702956955,0.4767103630700951,-0.0031218275853378,1,True,False,False
20200608,0.004084319225226198,0.008590688708010535,0.001372036218559563,-0.04999999999999999,0.00400898806373825,1.2876954283981167e-05,1,neutral,0.27260678706688896,0.4321953672281471,0.2951978457049638,0.0009312493119376,1,True,False,False
20200609,0.004149067587173264,0.009243785462298756,-0.007277399126441243,-0.07500000000000001,0.004082671912515283,0.0,1,neutral,0.3204925353571504,0.39723566249425707,0.28227180214859254,-0.0071175558676383,0,True,False,False
20200610,0.0024827029993300053,0.005635348147013795,-0.005486857416166613,-0.10000000000000014,0.0024419841970393106,0.0,1,neutral,0.29548262101332073,0.5752072772096191,0.12931010177706026,-0.0032859118982404,1,True,False,False
20200611,0.002127360100698662,0.004735616642519647,-0.0027268295247423815,-0.10833333333333334,0.002091564017112844,1.3380710582856e-06,1,neutral,0.38791564146747554,0.4691960207924737,0.14288833774005077,0.0011542915526574,1,True,False,False
20200612,0.0042685102411591765,0.009466114922823527,0.0036749715248619967,-0.07499999999999996,0.004180867424247058,1.8507311528782135e-05,1,neutral,0.26320837777410006,0.5671122666109536,0.16967935561494624,0.0069292730352741,1,True,False,False
20200615,0.0010615801144933286,0.002318446546784963,0.004425362917845527,-0.09166666666666673,0.0010239805581633585,2.0916532978852836e-05,1,neutral,0.15730383434936093,0.5894888017609878,0.2532073638896512,0.0023105959089764,1,True,False,False
20200616,0.00600013118909528,0.012685820669833852,0.008348349854596853,-0.04166666666666674,0.0058143344736738475,9.668685992534339e-05,1,neutral,0.30530351982544873,0.5193625859108123,0.17533389426373908,-0.002944836404613,1,True,False,False
20200617,0.001115795226118715,0.002206125491174757,0.012732432157331518,-0.04166666666666674,0.0010111408501217633,9.150291628075017e-05,1,neutral,0.24348533664148012,0.512542012370702,0.2439726509878178,0.0004588100573963,1,True,False,False
20200618,0.000546571976337789,0.0012434687085497442,0.009369237912037517,-0.05833333333333335,0.0005077497226578122,3.139692355936774e-05,1,neutral,0.3345197430660134,0.5089504590406769,0.15652979789330956,0.0043476302226252,1,True,False,False
20200619,0.005343823865015666,0.01363511890214731,0.01154403974126491,-0.033333333333333326,0.005226795579156469,4.365666159673229e-05,1,neutral,0.13767844800211068,0.6037721697503501,0.25854938224753915,-0.001915224311654,1,True,False,False
20200622,0.011658825189453794,0.03386441607366612,0.023958083816836874,-0.033333333333333326,0.011288138691222043,0.00017528855508281736,0,bad,0.4178359398103736,0.3314944708263033,0.2506695893633231,0.0044194303151054,1,True,False,False
20200623,0.017471904957573687,0.052949482692133995,0.03829738347110131,-0.03333333333333344,0.016767336185842426,0.00038213070745226767,2,good,0.2284972699403014,0.3727981237259395,0.3987046063337591,-0.0002031004825243,1,True,False,False
20200624,0.01636223189175472,0.04961711642536412,0.051400195590950805,-0.03333333333333344,0.015712086868031966,0.0003797558234353914,0,bad,0.3479227696234823,0.30425347552734266,0.3478237548491751,0.015087200960271,2,True,False,False
20200629,0.01942131195952067,0.0646925680453142,0.05139050453178362,-0.025000000000000133,0.018868665679883306,0.0002436941310120443,2,good,0.1291778243565956,0.27226151478220556,0.5985606608611989,0.0022468909533148,1,True,False,False
20200630,0.021482779801766983,0.0699298293339602,0.04259980360608975,-0.01666666666666683,0.020978948800188055,0.00018581064977422275,1,neutral,0.3646144178699812,0.4003916659054166,0.23499391622460222,0.0061442747265353,1,True,False,False
20200701,0.024680380250654468,0.079837380975867,0.0521304397795905,-0.01666666666666683,0.023951214292760092,0.0003337234863726454,2,good,0.2715516138098105,0.3290345181359569,0.39941386805423257,0.0171840713374755,2,True,False,False
20200702,0.01630661779934231,0.05307203009064747,0.03464852570952256,-0.06666666666666676,0.015921609027194236,9.28440940416324e-05,2,good,0.06751510316544976,0.19822173927121564,0.7342631575633347,0.0128424622144714,2,True,False,False
20200703,0.012763290067186938,0.04427526867224704,0.020659997911636745,-0.06666666666666676,0.012544659457136656,0.0,2,good,0.06373639279849339,0.1947578697566903,0.7415057374448164,0.0373287586060481,2,True,False,False
20200706,0.01323033156653921,0.04877605882722143,0.01671024290747413,-0.033333333333333326,0.013006949020592377,0.0,2,good,0.05853475010186419,0.18078107204360486,0.760684177854531,0.031436599598743,2,True,False,False
20200707,0.01256398315697868,0.047996107531110166,0.01553170843291371,-0.04166666666666663,0.012398994445536791,0.0,2,good,0.054913282522734586,0.1405240126565111,0.8045627048207543,0.014991129693466,2,True,False,False
20200708,0.015582513771541014,0.05947337759032356,0.02380087236843563,-0.025000000000000022,0.015363955877500252,0.0,2,good,0.1102870179363139,0.275592082002562,0.6141209000611241,0.0280083864938616,2,True,False,False
20200709,0.017839734209515973,0.07539119095588473,0.024701562605602828,0.0,0.017591277889706443,5.212461917905431e-06,2,good,0.1520537156333688,0.3246163738680656,0.5233299104985657,0.0089675573207774,1,True,False,False
20200710,0.0223553774023855,0.09308378620588884,0.037766637481914195,0.016666666666666607,0.0217195501147074,0.00027524517788538586,2,good,0.242644120804533,0.333138954939476,0.424216924255991,0.010303269021956,2,True,False,False
20200713,0.02741143762764645,0.10010262965046043,0.04253034979276567,0.04999999999999982,0.02669403457345611,0.0003682916679125355,1,neutral,0.2806368616939608,0.41172272838860613,0.30764040991743313,-0.0001445748760329,1,True,False,False
20200714,0.02450731928418953,0.10900587839393297,0.05082866027050367,0.016666666666666607,0.023617940318685453,0.00045284535090071696,0,bad,0.3730563815448336,0.324496029370511,0.3024475890846553,-0.0122770302159294,0,True,False,False
20200715,0.02791673043026656,0.1059311276441677,0.04390733395219007,0.02499999999999991,0.027365541308076655,0.0001229309601151745,0,bad,0.4934174000317408,0.32540476852672556,0.1811778314415337,-0.0353669277200586,0,True,False,False
20200716,0.02381286112598445,0.08926502243351353,0.03088897511902222,-0.008333333333333304,0.023060130795324325,0.0003193683199781597,0,bad,0.6494321325884042,0.15057684975096622,0.1999910176606296,-0.0269032641039537,0,True,False,False
20200717,0.017958031207004777,0.05701863686646613,0.00843902877199032,-0.008333333333333526,0.017580746367160387,0.0,2,good,0.23616456517159937,0.13697055034930689,0.6268648844790938,0.0268006725912944,2,True,False,False
20200720,0.016345309155333252,0.051880939192670686,-0.0013396249681757455,-0.008333333333333526,0.015996622917740122,0.0,2,good,0.1071732186931935,0.2356704904098997,0.6571562908969067,0.000762234576103,1,True,False,False
20200721,0.009565691412403708,0.03304772460604666,-0.01751822733999427,-0.03333333333333344,0.00936352197171322,0.0,2,good,0.28398757898693167,0.3301575518618368,0.3858548691512315,-0.0009097449007741,1,True,False,False
20200722,0.008891208057960679,0.03073456553804807,-0.007017034803996437,-0.03333333333333344,0.008708126902446952,0.0,2,good,0.22662435384917304,0.2687671483318182,0.5046084978190088,0.0125983662829937,2,True,False,False
20200723,0.0038685188739728247,0.014200032555249459,-0.00622319033254326,-0.050000000000000155,0.0037866753480665215,0.0,2,good,0.225040285317337,0.30396948462831846,0.4709902300543444,-0.0138461660633126,0,True,False,False
20200724,0.0028790677746860743,0.00940968426174893,0.003779637550385906,-0.03333333333333344,0.0028229052785246783,3.859721870392165e-06,0,bad,0.5294913699776973,0.20815273069526913,0.2623558993270336,-0.0129639602452702,0,True,False,False
20200727,0.0,-0.013355078693363831,-0.013390641502407374,-0.04166666666666663,0.0,0.0,2,good,0.2139708655752026,0.11296135662917879,0.6730677777956187,0.0147395854056008,2,True,False,False
20200728,0.0,-0.013728022500256926,-0.01734957805871305,-0.05833333333333346,0.0,0.0,2,good,0.14893575163759254,0.28088841507758094,0.5701758332848265,0.0050798571525425,1,True,False,False
20200729,0.0,-0.0233797074152177,-0.013884640818847493,-0.05833333333333346,0.0,0.0,2,good,0.19869844272452658,0.22763565948571748,0.5736658977897559,0.0185630151698832,2,True,False,False
20200730,0.0029793191374971884,0.010286138655207888,0.002828935447767836,-0.008333333333333304,0.002828688130182168,7.629222043950973e-05,2,good,0.08999134358382006,0.2660335109660437,0.6439751454501361,0.0061018676462831,1,True,False,False
20200731,0.006372905046863075,0.019173373955094997,-0.0008148290758582255,0.008333333333333304,0.0062313465354058755,0.0,2,good,0.17281680636698268,0.2789961325317127,0.5481870611013047,0.0249274100548963,2,True,False,False
20200803,0.011165785913392607,0.03305604032872041,0.009164479207767437,0.008333333333333304,0.010743213106834135,0.00016997929513262833,2,good,0.09404655685487048,0.31839751477028494,0.5875559283748445,0.0231918573634413,2,True,False,False
20200804,0.017747317735131156,0.05064015778464655,0.024632492165503186,0.008333333333333304,0.01645805128001013,0.0008374868333978261,2,good,0.1363510544632744,0.30773516113858496,0.5559137843981407,0.012804263882411,2,True,False,False
20200805,0.008874107143156432,0.022797026726486876,0.0074462773395623065,-1.1102230246251565e-16,0.008358909799711852,0.0003048334970267178,2,good,0.10071389234994561,0.3350547815773816,0.5642313260726728,0.0048024925821442,1,True,False,False
20200806,0.007849164302096338,0.020730613130711076,0.008946502634566866,-1.1102230246251565e-16,0.007601224814594059,5.665190656734397e-05,1,neutral,0.1590995071884845,0.49779675960631997,0.34310373320519555,0.0005655656084004,1,True,False,False
20200807,1.3484166615834095e-05,-0.008971975028034615,-0.004812306310421066,-0.02499999999999991,0.0,1.3484166615834095e-05,2,good,0.20209900109478093,0.2828907239070715,0.5150102749981476,0.0097624731770889,2,True,False,False
20200810,0.0,-0.03071416244262737,-0.01641443624637288,-0.050000000000000044,0.0,0.0,2,good,0.17872744990492323,0.2704773368494867,0.55079521324559,-0.0077969458049124,0,True,False,False
20200811,0.0,-0.045645652098592435,-0.019537714286742298,-0.07499999999999996,0.0,0.0,0,bad,0.5275665542780928,0.2606394267474891,0.21179401897441813,-0.0101883580165539,0,True,False,False
20200812,0.0,-0.04983883481197261,-0.022344140045988004,-0.07499999999999996,0.0,0.0,1,neutral,0.33839122050007875,0.3569415198177902,0.3046672596821311,0.0016984584743174,1,True,False,False
20200813,0.0,-0.05274037404997689,-0.028307166411750167,-0.07499999999999996,0.0,0.0,0,bad,0.4148789840486814,0.3487604801584191,0.23636053579289948,-0.0048757008054002,1,True,False,False
20200814,0.0,-0.04086828947073203,-0.028975800814851866,-0.09166666666666656,0.0,0.0,0,bad,0.4299932684800122,0.2746265331102288,0.29538019840975904,0.020732896821825,2,True,False,False
20200817,0.0,-0.029002405553394575,-0.02378644530843982,-0.07499999999999984,0.0,0.0,2,good,0.18462362092584386,0.30650361879864024,0.5088727602755159,0.0210096958261487,2,True,False,False
20200818,0.0,-0.024492615478842628,-0.03321082314490035,-0.07499999999999984,0.0,0.0,2,good,0.2085602012684505,0.30139209563711883,0.4900477030944307,0.0016215825592869,1,True,False,False
20200819,0.0,-0.03756058868104443,-0.03297790749059289,-0.06666666666666654,0.0,0.0,0,bad,0.4879797781953926,0.2814739282203083,0.23054629358429915,-0.0109811532060455,0,True,False,False
20200820,0.0,-0.05330628185036819,-0.04543431275817159,-0.06666666666666676,0.0,0.0,0,bad,0.6133592319412468,0.22420316224431733,0.16243760581443586,-0.005712102317417,0,True,False,False
20200821,0.0,-0.06175739576970921,-0.041848395527820034,-0.08333333333333331,0.0,0.0,0,bad,0.4062910858960695,0.4031146633874036,0.190594250716527,0.006150195634799,1,True,False,False
20200824,0.0,-0.04347302882120378,-0.036320877353851755,-0.08333333333333326,0.0,0.0,1,neutral,0.3049706947365172,0.44648644307230223,0.24854286219118052,0.0016721147473173,1,True,False,False
20200825,0.0,-0.03374288055116844,-0.03021392541586791,-0.06666666666666665,0.0,0.0,0,bad,0.5587695957954911,0.27015769972671955,0.17107270447778938,-0.0093042955667999,0,True,False,False
20200826,0.0,-0.03258898839671779,-0.0248661147609033,-0.04166666666666674,0.0,0.0,0,bad,0.5786805425373935,0.25708134088075196,0.16423811658185444,-0.0143586967902615,0,True,False,False
20200827,3.4911366449306126e-05,-0.0541758484619676,-0.027904700663409387,-0.041666666666666796,0.0,3.4911366449306126e-05,0,bad,0.573411429173447,0.29186133167974504,0.13472723914680784,0.0043501927167621,1,True,False,False
20200828,0.00012978755012985264,-0.04008459241051425,-0.014115637836706831,-0.04166666666666674,0.0,0.00012978755012985264,2,good,0.29206416129290574,0.32726643319103593,0.3806694055160583,0.010961234361728,2,True,False,False
20200831,0.00011462039926021057,-0.05299839916818154,-0.013380482145212869,-0.05833333333333346,0.0,0.00011462039926021057,1,neutral,0.2667747682152256,0.4070565285619084,0.3261687032228659,0.0041704712568573,1,True,False,False
20200901,3.674813929389468e-05,-0.07011538648954774,-0.012931213023457622,-0.058333333333333404,0.0,3.674813929389468e-05,1,neutral,0.3272343619806405,0.44392891864451245,0.22883671937484715,0.0036537747591584,1,True,False,False
20200902,2.640657405543433e-06,-0.056481122508657576,-0.009766842154309563,-0.04999999999999982,0.0,2.640657405543433e-06,1,neutral,0.32663137989124863,0.4995005866652564,0.17386803344349502,-0.0030238507290621,1,True,False,False
20200903,3.410748650348364e-05,-0.055836096390089685,-0.004323694403502479,-0.04999999999999993,0.0,3.410748650348364e-05,1,neutral,0.2914694719378734,0.5899848821107307,0.11854564595139584,0.0026511530358989,1,True,False,False
20200904,0.0,-0.04350514466454959,-0.0033071738512667386,-0.025000000000000022,0.0,0.0,1,neutral,0.3357716358460736,0.5474618735071333,0.11676649064679313,0.0013793761887398,1,True,False,False
20200907,0.0,-0.03045700122408908,-0.0009801697407058607,-0.025000000000000022,0.0,0.0,1,neutral,0.425935266130169,0.45796671065928607,0.11609802321054496,0.005271167783727,1,True,False,False
20200908,0.0,-0.031127681458834933,-0.00654947443569583,-5.551115123125783e-17,0.0,0.0,0,bad,0.49248177985958685,0.33523349815794273,0.1722847219824704,-0.0099805660961646,0,True,False,False
20200909,0.0,-0.02826139484771184,-0.007335226220920348,0.0,0.0,0.0,0,bad,0.6140461421486657,0.292553318820692,0.09340053903064237,-0.0166879053245929,0,True,False,False
20200910,0.0,-0.034351730914668734,-0.02056776756586056,0.0,0.0,0.0,0,bad,0.5285805977842811,0.13707573492943337,0.3343436672862854,-0.0116501802639215,0,True,False,False
20200911,0.0,-0.030924532801375262,-0.018606618818990825,0.016666666666666607,0.0,0.0,2,good,0.36474004113222175,0.19579730763954276,0.43946265122823547,0.0176525871005789,2,True,False,False
20200914,0.0,-0.027082053974972896,-0.009447197965868681,0.016666666666666607,0.0,0.0,2,good,0.17238336008047678,0.3023114762795352,0.525305163639988,0.0052941521583372,1,True,False,False
20200915,1.5801914435428627e-05,-0.0068017542002196466,0.0018591470607806637,0.016666666666666607,0.0,1.5801914435428627e-05,2,good,0.30789306486604523,0.313054003944063,0.3790529311898918,0.005112957153416,1,True,False,False
20200916,1.961276447910954e-05,-0.0032087688481485938,0.004343317163921723,0.008333333333333304,0.0,1.961276447910954e-05,1,neutral,0.34475224668104654,0.3563571578135643,0.2988905955053892,0.0061490287442796,1,True,False,False
20200917,0.003451995065354739,0.006584717554825127,-0.0017022036146035098,0.008333333333333304,0.003347231423702773,6.714316673412612e-05,1,neutral,0.311099912461724,0.39787122559813975,0.2910288619401363,-0.0012781488345484,1,True,False,False
20200918,0.007552849968179426,0.015494199937162608,0.0069412815978021625,0.016666666666666607,0.007230626637342551,0.00022759116666833934,2,good,0.22869830092722185,0.29201130627960487,0.4792903927931734,0.0134755805370572,2,True,False,False
20200921,0.004746989404977651,0.00998483771618915,0.004886972807015204,0.016666666666666607,0.004659590934221603,3.066994838754353e-05,0,bad,0.4677546553196949,0.22405074934440466,0.3081945953359006,-0.0150635562256861,0,True,False,False
20200922,0.0010619667029105008,0.0020261174755657474,0.0015650950342079861,0.016666666666666607,0.001046827362375636,3.815481931232054e-06,0,bad,0.4557917605951777,0.45259203954709554,0.09161619985772677,0.0008407303898563,1,True,False,False
20200923,0.003406200640483997,0.006365488917676909,0.009131501915656925,-0.00833333333333347,0.0033418816817803766,3.112874774367296e-05,0,bad,0.40872240648307634,0.377097406673619,0.21418018684330473,-0.00077903449273,1,True,False,False
20200924,0.012880420164406069,0.026399890228670377,0.021334825298468085,-0.008333333333333304,0.012539947858618429,0.00019767255794696855,1,neutral,0.3114448923893762,0.3492689269407332,0.3392861806698905,-0.0018419865489485,1,True,False,False
20200925,0.006741274679449082,0.012638187587097172,0.019412298718458308,-0.00833333333333347,0.006635048483226014,4.5086356362128366e-05,0,bad,0.5312777719850598,0.2490552609114922,0.21966696710344807,-0.0083280815569107,0,True,False,False
20200928,0.006017884230741367,0.010353467939508414,0.014639085553514269,0.03333333333333327,0.005866965165721434,9.70283705378133e-05,0,bad,0.6007854984398473,0.21367467784235217,0.1855398237178006,-0.0120243815480637,0,True,False,False
20200929,0.006010553437722322,0.01007660685616997,0.010992326872156379,0.033333333333333326,0.005878020666099148,7.956705559888507e-05,0,bad,0.4604126581130688,0.18613214306748732,0.35345519881944387,-0.0029550933493449,1,True,False,False
20200930,0.01422379362664905,0.023793234170448853,0.02444581043048083,0.033333333333333326,0.013879386599428495,0.00019978543713906102,2,good,0.2463825907059837,0.1767421102066855,0.5768752990873308,0.0176203286811603,2,True,False,False
20201009,0.01948454850022007,0.03236994737573103,0.03410251242483048,0.05833333333333324,0.01915221886397419,0.0001296432382052752,2,good,0.11424482020378146,0.24016970544960553,0.6455854743466131,0.0265409661992767,2,True,False,False
20201012,0.0259136977737014,0.04679994389518175,0.044911930411922374,0.058333333333333404,0.025349969609890118,0.000252866596315152,2,good,0.25224314823733335,0.33803913006116004,0.4097177217015066,0.0072818178816617,1,True,False,False
20201013,0.025788388312948503,0.05118106015584397,0.04712497653568825,0.05833333333333346,0.025164021243289952,0.00029463386271105205,1,neutral,0.2671126313642671,0.38644243726530597,0.3464449313704269,-0.0059150778379728,0,True,False,False
20201014,0.026167629348915738,0.058082976492414506,0.041798964958412545,0.05833333333333324,0.025653314617483065,0.0001647103932645133,1,neutral,0.33061417029562723,0.49146997417965743,0.17791585552471553,-0.0013172686109307,1,True,False,False
20201015,0.02941345436556006,0.061050682357827644,0.03916873453990521,0.05833333333333335,0.02899907411996813,4.7980587666722086e-05,1,neutral,0.31873296984663696,0.4728201485260883,0.20844688162727473,-0.0029751021907202,1,True,False,False
20201016,0.034153916399912214,0.07108796826009547,0.027071695087691364,0.05833333333333335,0.033766784923545345,4.0738090481239975e-05,1,neutral,0.2852725359224127,0.43464777878667815,0.28007968529090915,0.001307107757965,1,True,False,False
20201019,0.0322248812440794,0.06830639390706236,0.020573580114039463,0.050000000000000044,0.0318763171566291,0.0,1,neutral,0.2370572460251416,0.5199533411091052,0.24298941286575326,0.0042927248879042,1,True,False,False
20201020,0.026485870788532435,0.05074647331850157,0.011610605433206356,0.04999999999999993,0.02621901121455914,0.0,1,neutral,0.15192620466609624,0.5809903805074562,0.2670834148264476,0.0018262155917122,1,True,False,False
20201021,0.024177989739137477,0.046334045207686955,0.01697415438335207,0.04999999999999993,0.023939256690638257,0.0,0,bad,0.4593051479368035,0.3285679704838879,0.2121268815793086,-0.0073453796883889,0,True,False,False
20201022,0.020853017713971893,0.03644855302227441,0.008480541789953907,0.04999999999999999,0.0206541800459555,0.0,1,neutral,0.3632526599847658,0.4259396496415034,0.2108076903737309,0.0003928696031639,1,True,False,False
20201023,0.020434931765545075,0.03571888486646487,-3.593404857897076e-05,0.04999999999999999,0.02024070142433009,0.0,1,neutral,0.3472789449290802,0.4401534275672205,0.2125676275036994,-0.0083193539172287,0,True,False,False
20201026,0.008587493355875529,0.01398260567363761,-0.011924999911677153,0.041666666666666574,0.008506085118129544,0.0,1,neutral,0.32396903581749764,0.40474109381895557,0.27128987036354674,0.0035285886353606,1,True,False,False
20201027,0.014520261042762779,0.023003052394549268,-0.005608532520178882,0.05833333333333335,0.014376907746593292,0.0,1,neutral,0.29299857758709436,0.37814174953088053,0.3288596728820251,0.0010851693966902,1,True,False,False
20201028,0.021968582668370252,0.03778366509305584,0.0034749370060977074,0.05833333333333335,0.021725607428507106,0.0,1,neutral,0.3303705243742209,0.3748378568973821,0.29479161872839704,0.0005841607128353,1,True,False,False
20201029,0.018697738448968368,0.035115116104762055,0.006706451218483733,0.05833333333333329,0.018435435955000076,2.6251907489946555e-05,1,neutral,0.39478157559297616,0.4023517299861857,0.20286669442083818,-0.0082232703846029,0,True,False,False
20201030,0.01512118035385609,0.027837471601443696,0.011828854654444517,0.06666666666666671,0.014846651520769975,9.598946772244998e-05,0,bad,0.4830007426995126,0.370488152291323,0.14651110500916428,-0.0052709948140327,0,True,False,False
20201102,0.019049447369466857,0.03501610908245165,0.01579257175785026,0.06666666666666671,0.01867525817730755,0.00016161397831168837,2,good,0.29410657797670864,0.30735836817902207,0.3985350538442693,0.0152441164956336,2,True,False,False
20201103,0.0256613248346911,0.050859519838158895,0.024295609285678844,0.04166666666666674,0.025005930587094792,0.0003453452792034692,2,good,0.16322895114341976,0.36200216329350315,0.474768885563077,0.0023449465202707,1,True,False,False
20201104,0.02794644186085391,0.061829232426129185,0.027836050309637723,0.04166666666666663,0.027307910988207056,0.00026251046075129007,1,neutral,0.24170743691763297,0.44451984739969075,0.31377271568267634,0.00212497744235,1,True,False,False
20201105,0.022789076833609312,0.048886858429846816,0.028415575124022003,0.05833333333333324,0.022406476780346452,0.00011279846185973005,1,neutral,0.23810950732705663,0.5086371105623595,0.2532533821105839,0.0002577099997623,1,True,False,False
20201106,0.014904400583934288,0.033858788849530384,0.023322753070872226,0.033333333333333326,0.0146721418347965,6.174634915805531e-05,1,neutral,0.21902031078518747,0.5928909874785984,0.18808870173621414,0.0070872562328265,1,True,False,False
20201109,0.0027388121635611015,0.005584228613957095,0.008130810980377637,0.033333333333333326,0.0026990438300792626,1.180681639720713e-05,2,good,0.10633992264695015,0.368306867459579,0.5253532098934708,0.0105763143826418,2,True,False,False
20201110,0.0061572986147266804,0.012575098734044238,0.018733343890746438,0.033333333333333326,0.006077964388121381,8.836685521988179e-06,1,neutral,0.11003778575136625,0.47661835178873263,0.41334386245990123,-0.0038659476062785,1,True,False,False
20201111,0.0014579642310710605,0.0027024418392504095,0.006047124445243173,0.03333333333333338,0.0014413023142668853,0.0,1,neutral,0.25452337435998795,0.45310858017715516,0.2923680454628569,0.0043181838152457,1,True,False,False
20201112,0.0,-0.016553477059346285,-0.012058341998696709,0.03333333333333338,0.0,0.0,2,good,0.16948993693731804,0.22599365191384446,0.6045164111488376,0.0100457389107131,2,True,False,False
20201113,0.0,-0.0034845104200820765,-0.006210175793016396,0.04166666666666674,0.0,0.0,1,neutral,0.11051444015997018,0.5415303975533605,0.3479551622866693,0.0035186608189804,1,True,False,False
20201116,0.004260925802859899,0.008540555906637307,0.0025315402063429597,0.09166666666666667,0.004199106654096676,0.0,1,neutral,0.13519539212808027,0.5239183210997974,0.3408862867721223,0.0004282109344325,1,True,False,False
20201117,0.004822552548466505,0.010750703923997221,-0.0022447971138156077,0.09166666666666656,0.004748227566432105,0.0,1,neutral,0.2418294679079435,0.5577475139512159,0.20042301814084054,0.0056205624922086,1,True,False,False
20201118,0.0,-0.007086039227687911,-0.01242905105502649,0.09166666666666667,0.0,0.0,2,good,0.16888315594777897,0.41429171692233396,0.41682512712988695,0.0029834161636201,1,True,False,False
20201119,0.0,-0.0113268063041095,-0.02247455569218489,0.06666666666666665,0.0,0.0,1,neutral,0.24478706952348067,0.46516739011106756,0.2900455403654518,8.368308548775978e-05,1,True,False,False
20201120,0.0,-0.0014286050172770785,-0.01936759381669014,0.06666666666666665,0.0,0.0,0,bad,0.44201515680636416,0.3137684521797649,0.244216391013871,0.0139090858248393,2,True,False,False
20201123,0.003265770919664937,0.00875032311220536,-0.021391975568955224,0.04999999999999993,0.0032084518078086322,0.0,2,good,0.10587294131675865,0.36203137118324186,0.5320956874999995,0.0173291389266184,2,True,False,False
20201124,0.0,-0.002299316401940879,-0.02409570365098046,0.016666666666666607,0.0,0.0,1,neutral,0.13545060493402236,0.43587693986854975,0.42867245519742786,-0.0047048686726348,1,True,False,False
20201125,0.0,-0.01675238021733864,-0.026141293087665364,-0.008333333333333304,0.0,0.0,0,bad,0.46974549058404197,0.38220004014576964,0.1480544692701884,-0.0081798764389482,0,True,False,False
20201126,0.0,-0.02611753957627727,-0.029154023778946693,-0.008333333333333304,0.0,0.0,0,bad,0.4499860794426151,0.43230412617848424,0.1177097943789005,-0.000634998305847,1,True,False,False
20201127,0.0,-0.03153724772384435,-0.02684604651662403,-0.025000000000000022,0.0,0.0,0,bad,0.44707930939109586,0.39812751595512136,0.1547931746537827,-0.0013280241081967,1,True,False,False
20201130,0.0,-0.040907393707549956,-0.027655314950306174,-0.016666666666666607,0.0,0.0,1,neutral,0.33348702488174253,0.5090579179112714,0.15745505720698608,-0.003312364517636,1,True,False,False
20201201,0.0,-0.04467051923099685,-0.01897420956797915,0.008333333333333304,0.0,0.0,1,neutral,0.31434649041304397,0.5332276398508037,0.15242586973615233,0.0005519838630635,1,True,False,False
20201202,2.5729771230307096e-05,-0.04531469754293527,-0.011540423734534639,0.008333333333333304,0.0,2.5729771230307096e-05,1,neutral,0.23120963265010966,0.5631940374737131,0.2055963298761772,0.00402156393288,1,True,False,False
20201203,2.199814559401911e-05,-0.05334672610022664,-0.014228526533127487,-0.02499999999999991,0.0,2.199814559401911e-05,1,neutral,0.1643509973592588,0.6772350479688725,0.15841395467186872,-0.0015867530387625,1,True,False,False
20201204,6.5719114292897e-05,-0.04107808135780684,-0.003982113118369547,-0.008333333333333304,0.0,6.5719114292897e-05,1,neutral,0.2854558324791233,0.5764022972569144,0.13814187026396232,0.0004511449677545,1,True,False,False
20201207,5.412010106768825e-05,-0.028683953161946683,-0.0039926570630370115,-0.025000000000000022,0.0,5.412010106768825e-05,1,neutral,0.3103666482135092,0.5729881525084372,0.11664519927805364,0.0024939834684326,1,True,False,False
20201208,2.61230330128202e-05,-0.036545211994474525,-0.00026955535477579673,-0.008333333333333304,0.0,2.61230330128202e-05,1,neutral,0.39852297046414253,0.4673651782765694,0.13411185125928798,-0.0062394706281069,0,True,False,False
20201209,3.300621360179251e-05,-0.02111618105814994,0.005008184352089384,-0.008333333333333415,0.0,3.300621360179251e-05,1,neutral,0.34224397590980565,0.5599494081496856,0.09780661594050874,-0.0044377395729267,1,True,False,False
20201210,3.193703994468622e-05,-0.005650603681951323,0.0019531087977195756,-0.008333333333333415,0.0,3.193703994468622e-05,1,neutral,0.30888288738728426,0.5487625214517401,0.14235459116097568,0.0058609934406442,1,True,False,False
20201211,1.6850080161000674e-05,-0.00824661860729009,0.005439319784289872,-0.025000000000000022,0.0,1.6850080161000674e-05,1,neutral,0.2764057722224959,0.5597916041866485,0.1638026235908555,0.0056169246513902,1,True,False,False
20201214,8.439511277123283e-05,-0.009120204308744625,0.01376367852996463,-0.04999999999999993,0.0,8.439511277123283e-05,1,neutral,0.25247910919301997,0.4159145684216296,0.3316063223853504,0.0048964688072499,1,True,False,False
20201215,4.530487276259225e-05,-0.0034259485932902987,0.015605433431995015,-0.04999999999999993,0.0,4.530487276259225e-05,0,bad,0.3800370733461527,0.37653785028995995,0.24342507636388733,-0.0056457240946703,0,True,False,False
20201216,0.005121669781695285,0.011974218365406648,0.0195405497610109,-0.050000000000000044,0.00498925765225277,0.00010402108146232373,0,bad,0.44735657749228186,0.3755709480700092,0.17707247443770896,0.000596961418181,1,True,False,False
20201217,0.01031328583793471,0.023063434029084322,0.0182031639982597,0.008333333333333526,0.010186350029512245,8.04777360187664e-05,1,neutral,0.24768485268910553,0.39274815713817524,0.35956699017271926,0.0288915146249676,2,True,False,False
20201218,0.009775687618344726,0.021937826335053406,0.019211957521209227,0.008333333333333526,0.009689206631315256,4.360907980980395e-05,1,neutral,0.18997352263263234,0.494972657571647,0.3150538197957207,0.0002898250438689,1,True,False,False
20201221,0.012398737216758554,0.025490686858827105,0.02037947725283775,0.033333333333333326,0.012320498648433102,2.7065521348061834e-05,1,neutral,0.3416102114499247,0.504760747607096,0.15362904094297924,0.0032884381522731,1,True,False,False
20201222,0.02236481890603593,0.04537375755457708,0.035420297319393744,0.050000000000000155,0.021930649484712256,0.00027923409417566445,1,neutral,0.31042257520491245,0.38134565998089737,0.30823176481419023,0.0040396038033881,1,True,False,False
20201223,0.021576526719978895,0.04201547307593595,0.027033660589391016,0.07500000000000007,0.02135786548026744,6.178670335479751e-05,1,neutral,0.18756204438351629,0.48931596346272,0.3231219921537639,0.0035162121937839,1,True,False,False
20201224,0.024050422171386705,0.051968668730373216,0.02818173524009811,0.07499999999999984,0.02381897316808772,5.532662485875399e-05,1,neutral,0.30952018760615435,0.3916988857600574,0.2987809266337884,0.0300813603211995,2,True,False,False
20201225,0.02341256623140612,0.04959012509410984,0.024098335637757838,0.08333333333333326,0.023142058377251258,9.732467302200972e-05,2,good,0.18409753240146973,0.22273366740768535,0.593168800190845,-0.0054636313240215,0,True,False,False
20201228,0.02303997277801132,0.049826910864748775,0.01909387110930655,0.07499999999999996,0.022837334146343192,3.183998388281922e-05,1,neutral,0.3604054044147749,0.3916341599905963,0.24796043559462885,0.009034570334378,2,True,False,False
20201229,0.019813782434401683,0.04369501571760156,0.017771543163173014,0.050000000000000044,0.019662757072920704,0.0,2,good,0.1029467043653781,0.3651559281138537,0.5318973675207681,-0.0032673661626583,1,True,False,False
20201230,0.016615171942261423,0.03299111712530983,0.012314055709765218,0.04999999999999993,0.016495558562654916,0.0,1,neutral,0.2623903510067966,0.3881713748699781,0.34943827412322537,0.0146092917346954,2,True,False,False
20201231,0.02829294740697544,0.0577606833857983,0.027768224697027333,0.06666666666666676,0.02791766363646918,0.00011227493267832242,2,good,0.13535483451242541,0.2445022434771485,0.6201429220104261,0.0247590023450647,2,True,False,False
20210104,0.026714803247046334,0.05654236520374163,0.03186050243894878,0.050000000000000044,0.02638643709507943,7.183123729187996e-05,2,good,0.11106920467678265,0.342723629308889,0.5462071660143284,0.0023617541747645,1,True,False,False
20210105,0.035172823827134804,0.07376012859269376,0.043258666436653805,0.06666666666666665,0.03442139334325709,0.000371628140179682,0,bad,0.401376440870911,0.26864580450393083,0.3299777546251582,-0.0154198706656083,0,True,False,False
20210106,0.026337490954119663,0.06185582132525581,0.029441380398740634,0.04999999999999993,0.025773258885523252,0.00028284087452164496,0,bad,0.6087809023762187,0.23010025264213319,0.16111884498164805,-0.0129841528103434,0,True,False,False
20210107,0.027272138025866144,0.06288013473607204,0.03180158858152186,0.05833333333333324,0.026724057262830614,0.00026671043982463773,0,bad,0.42186335609751785,0.35003001079762674,0.2281066331048554,-0.0026015566880979,1,True,False,False
20210108,0.028028869487877986,0.07006585102792817,0.030211406576501412,0.05833333333333324,0.027442458319271862,0.00027725327827043353,0,bad,0.3469275104392135,0.3457807725214551,0.30729171703933134,-0.0034699802543793,1,True,False,False
20210111,0.027628234045194246,0.06427259463380966,0.025245010039630457,0.05833333333333335,0.027315852719369108,2.0563451148156925e-05,1,neutral,0.29566748862788217,0.52444104049479,0.17989147087732785,0.0009889706228906,1,True,False,False
20210112,0.02495325806475118,0.05801875817547205,0.024814987622503504,0.05833333333333335,0.024657972224575622,0.0,1,neutral,0.27931387252244116,0.48140289507194584,0.23928323240561297,-0.0037455697622355,1,True,False,False
20210113,0.028135629856135574,0.06509887764809126,0.029798945073013616,0.05833333333333335,0.02766702300043879,0.0001236565243783275,0,bad,0.42605383924560813,0.3028538489561584,0.27109231179823334,-0.0165807795486593,0,True,False,False
20210114,0.025953728753810988,0.05587368501369517,0.02405542347169396,0.07499999999999996,0.025608772297943616,3.9767736926238856e-05,0,bad,0.48255572275036457,0.28656999145533085,0.23087428579430458,0.0067573808194422,1,True,False,False
20210115,0.031131151265054398,0.06654293110169243,0.031305483191268677,0.05833333333333324,0.030498843421609027,0.00026066601247295415,2,good,0.17802945959939562,0.24104776871706532,0.580922771683539,0.0169165938923483,2,True,False,False
20210118,0.03164794178029404,0.0646239419111983,0.028853087574407375,0.08333333333333337,0.031234905257079185,4.986858607571739e-05,2,good,0.13779453009108472,0.39047369896338563,0.4717317709455296,0.0068084186787073,1,True,False,False
20210119,0.03083876538207005,0.06873812385176215,0.03118333909992173,0.07500000000000007,0.030359338034528286,9.866115781119975e-05,1,neutral,0.20573702681319392,0.45610622081978464,0.33815675236702153,0.0008616854515446,1,True,False,False
20210120,0.0175143580532213,0.035219062279889315,0.015401524564892374,0.07500000000000007,0.017316038954278915,4.031365699009341e-06,1,neutral,0.3340588023347165,0.4988042327699577,0.16713696489532595,0.0067565365640016,1,True,False,False
20210121,0.03231105871061552,0.07117047103304167,0.039054425105610566,0.07500000000000007,0.03143362470626008,0.00040880407500469844,1,neutral,0.230255400704379,0.41011123813822953,0.3596333611573916,0.0030051227373912,1,True,False,False
20210122,0.03223747439888456,0.07151227539189024,0.03929910098261994,0.07500000000000007,0.031584588298084866,0.00017933831116436887,1,neutral,0.2691793473671432,0.5041255446649703,0.22669510796788656,-0.0007946032825511,1,True,False,False
20210125,0.03889175862143927,0.09094025029697872,0.050420475796899566,0.09999999999999987,0.037891770957074467,0.0003943059296966332,0,bad,0.5415347349473432,0.2975507191487283,0.16091454590392845,-0.0132073919909999,0,True,False,False
20210126,0.0419963511626418,0.09500210592673196,0.047479005514268646,0.08333333333333326,0.04116757923491717,0.00018480037528992044,1,neutral,0.40433385097039315,0.41875277793180204,0.17691337109780478,-0.0018677691385394,1,True,False,False
20210127,0.038247307888221185,0.08303070609852792,0.03386410604604599,0.08333333333333326,0.03736381774433756,0.0002782116884078018,1,neutral,0.3294482974484492,0.4175921435814934,0.2529595589700574,0.0087837746203567,1,True,False,False
20210128,0.03615619058896994,0.08681967705423883,0.02875302832013558,0.07499999999999996,0.03545136813048086,7.38344207672359e-05,1,neutral,0.32244575228694666,0.4053991455589565,0.2721551021540967,-0.0126010521191425,0,True,False,False
20210129,0.02554654147020801,0.05488146940619543,0.01687641951563514,0.07499999999999996,0.0251540068111729,0.0,1,neutral,0.38132899981615886,0.3975442016875194,0.22112679849632183,-0.0032305003845197,1,True,False,False
20210201,0.024781158089820562,0.048072493382586644,0.015721081192116106,0.09166666666666673,0.024436850802814877,0.0,2,good,0.3175251604931516,0.23085629203047425,0.4516185474763742,0.009341704968531,2,True,False,False
20210202,0.015485452675211597,0.030079371125904343,0.010957052110459591,0.07500000000000001,0.015290346989001374,0.0,2,good,0.3032932401582288,0.3417465529449766,0.35496020689679464,-0.0083179284004532,0,True,False,False
20210203,0.024249263523663748,0.04704762912215371,0.014975208490463798,0.07500000000000001,0.023915878137094802,0.0,0,bad,0.5661531061607943,0.29488386483885254,0.13896302900035312,-0.0209894416696494,0,True,False,False
20210204,0.02437640850474743,0.045102693841787535,0.01623511749325307,0.08333333333333331,0.024054770048953348,0.0,0,bad,0.5258912625433004,0.26180598796488486,0.21230274949181469,-0.0054717275204562,0,True,False,False
20210205,0.026993718834330944,0.04696159696757096,0.017666578734111184,0.08333333333333337,0.026611571614956878,6.316878681448405e-05,0,bad,0.4726170602845238,0.27532490353107264,0.2520580361844036,-0.0185493114983599,0,True,False,False
20210208,0.03020157798201299,0.05174084300653289,0.018660857574565964,0.09166666666666673,0.029750984728756407,0.00010098166412153351,0,bad,0.5586740461781139,0.15742847621851727,0.2838974776033688,0.0204663463112326,2,True,False,False
20210209,0.03240043396802419,0.06049916283446912,0.025875238072285443,0.07500000000000001,0.03176206048809628,0.00022217333899541132,2,good,0.29167686837539425,0.2667691664317013,0.44155396519290446,-6.519279593808491e-05,1,True,False,False
20210210,0.02755548894805854,0.051659145023183216,0.022306691967932224,0.07500000000000001,0.027121051137171184,0.00010520309257283047,2,good,0.3428209677461413,0.27868836604432656,0.37849066620953215,0.0406080430107766,2,True,False,False
20210218,0.028648240604551838,0.05920511112459541,0.023133742118855532,0.05833333333333335,0.028122427784182818,0.00016490451701621273,2,good,0.16117418574192088,0.23114496538587093,0.6076808488722082,0.0429095815616228,2,True,False,False
20210219,0.010554888067777577,0.02355308551189402,-0.003008296323772291,0.008333333333333526,0.010402612767753195,0.0,2,good,0.1549384085160209,0.21536308363415374,0.6296985078498253,0.0319855067784174,2,True,False,False
20210222,0.0011668346678758723,0.0027575378836902434,-0.02260023170897222,-0.06666666666666665,0.001148974118204268,0.0,2,good,0.14899985594449758,0.4112925404074082,0.4397076036480943,0.0016999611266028,1,True,False,False
20210223,0.0,-0.026699192101593237,-0.04486620831909286,-0.07500000000000001,0.0,0.0,0,bad,0.4394868120543206,0.2749243726549788,0.2855888152907005,-0.0058640105618035,0,True,False,False
20210224,0.0,-0.011887689782637748,-0.04202636873521713,-0.05833333333333329,0.0,0.0,2,good,0.31039731224571765,0.32668653326038627,0.36291615449389597,0.0112177813095462,2,True,False,False
20210225,0.0,-0.047866779693661946,-0.05053888052556423,-0.05833333333333335,0.0,0.0,2,good,0.266640231956169,0.3443379240999037,0.38902184394392725,-0.0047300712264704,1,True,False,False
20210226,0.0,-0.057018876712953186,-0.05503005059085208,-0.06666666666666671,0.0,0.0,1,neutral,0.2790608715617481,0.3862683422351836,0.3346707862030684,0.0251983206611322,2,True,False,False
20210301,0.0,-0.06963617564943322,-0.05194307228773516,-0.09166666666666673,0.0,0.0,2,good,0.17255026320571387,0.3412554327601019,0.48619430403418434,0.0017387486425278,1,True,False,False
20210302,0.0,-0.06700710968926044,-0.04364573520270043,-0.07499999999999996,0.0,0.0,2,good,0.29091117136577316,0.23652144327173547,0.4725673853624913,0.0161897359646383,2,True,False,False
20210303,0.0,-0.06157500031035208,-0.041909802324041956,-0.07499999999999996,0.0,0.0,2,good,0.10822431762920418,0.23936340264159822,0.6524122797291976,0.010522271435534,2,True,False,False
20210304,0.0,-0.06557967175760855,-0.043882029190158635,-0.06666666666666671,0.0,0.0,2,good,0.2218011919700769,0.3488115571349286,0.42938725089499447,0.0026657855602997,1,True,False,False
20210305,0.0,-0.07532709063515683,-0.057061277757055884,-0.06666666666666671,0.0,0.0,2,good,0.3222746593466769,0.23361613810691323,0.44410920254641,-0.0010544639442991,1,True,False,False
20210308,0.0,-0.0735277097770164,-0.04978284106184666,-0.06666666666666671,0.0,0.0,0,bad,0.39477943968642193,0.2541999401654656,0.3510206201481124,-0.0197566277404777,0,True,False,False
20210309,0.0,-0.0856806309483634,-0.06281563442614488,-0.050000000000000044,0.0,0.0,0,bad,0.5244825442596549,0.1515138682902774,0.32400358745006774,-0.0128192704901297,0,True,False,False
20210310,0.0,-0.09502454442047485,-0.06488376950799687,-0.050000000000000044,0.0,0.0,2,good,0.2246388696884032,0.2620782469386504,0.5132828833729465,0.0030204575753035,1,True,False,False
20210311,0.0,-0.08674387692795694,-0.04846484649221308,-0.041666666666666685,0.0,0.0,2,good,0.21891658728656266,0.1608410819894374,0.620242330724,0.0164989947160451,2,True,False,False
20210312,0.0,-0.08804597840849904,-0.03998106553382234,-0.04166666666666663,0.0,0.0,2,good,0.11492873074796094,0.3145586008044856,0.5705126684475534,0.0028309273378167,1,True,False,False
20210315,0.0,-0.09161085895038812,-0.03484073934885962,-0.04999999999999999,0.0,0.0,2,good,0.18180246882946768,0.2756456611743623,0.54255186999617,0.011415108898426,2,True,False,False
20210316,0.0,-0.11800520491093885,-0.05085540081062453,-0.04999999999999993,0.0,0.0,2,good,0.12533067043401439,0.19898558269930458,0.675683746866681,0.0190686639644678,2,True,False,False
20210317,0.0,-0.11667789055373069,-0.04647388284946119,-0.06666666666666671,0.0,0.0,2,good,0.08898172018180271,0.18990083066797903,0.7211174491502182,0.009191899747584,2,True,False,False
20210318,0.0,-0.11494360088794271,-0.036542011377773964,-0.05833333333333335,0.0,0.0,2,good,0.12898280530700507,0.30743035016840586,0.5635868445245891,0.0061555813837571,1,True,False,False
20210319,0.0,-0.09058872655224956,-0.026155709582136165,-0.024999999999999967,0.0,0.0,2,good,0.17308538426292583,0.30046971056718574,0.5264449051698884,0.0124750583432406,2,True,False,False
20210322,0.0,-0.07866293340293715,-0.02854135044699763,0.024999999999999967,0.0,0.0,2,good,0.2159161405245308,0.31493535863953587,0.4691485008359334,-5.823328193493571e-05,1,True,False,False
20210323,0.0,-0.06254654022364077,-0.028511228494499496,0.033333333333333326,0.0,0.0,0,bad,0.35803437111536596,0.3481523148033623,0.2938133140812718,-0.0041460504224478,1,True,False,False
20210324,3.757444253744712e-06,-0.06265925347392638,-0.023346796113481946,0.016666666666666607,0.0,3.757444253744712e-06,0,bad,0.3731204900968563,0.349172154598232,0.2777073553049117,0.0039549508751585,1,True,False,False
20210325,0.0,-0.05131837353554296,-0.0194181639862374,0.016666666666666607,0.0,0.0,2,good,0.28045577134408495,0.27483224407801365,0.4447119845779015,0.0130614358114761,2,True,False,False
20210326,0.0,-0.04221767146892379,-0.014640381385860175,0.024999999999999967,0.0,0.0,2,good,0.18576126825472764,0.24386630406400273,0.5703724276812696,0.0210748838593453,2,True,False,False
20210329,0.0001388714106192603,-0.029594969225781326,0.00025329357704110666,0.02499999999999991,0.0,0.0001388714106192603,2,good,0.17562358117926993,0.4116687458799864,0.4127076729407436,0.0017414622634034,1,True,False,False
20210330,5.111541379986161e-05,-0.04039279574641572,-0.0032683945448128324,-0.01666666666666672,0.0,5.111541379986161e-05,1,neutral,0.23908910265144084,0.4777541627387243,0.28315673460983487,0.0016314709152805,1,True,False,False
20210331,0.00011452471184996648,-0.03457479841609747,0.003826784149461674,-0.025000000000000133,0.0,0.00011452471184996648,2,good,0.2516562720641038,0.3265392273297708,0.42180450060612534,0.0187761540106504,2,True,False,False
20210401,6.178098013075517e-05,-0.027434984564907124,0.007777460639743439,-0.025000000000000022,0.0,6.178098013075517e-05,1,neutral,0.2112060192842814,0.4881102773781127,0.30068370333760597,0.0081879721754947,1,True,False,False
20210402,0.0001378581372050873,-0.001507142945507356,0.01649442942873186,-0.025000000000000133,0.0,0.0001378581372050873,1,neutral,0.24560335650740756,0.41334950925937075,0.3410471342332216,-0.0017412378772548,1,True,False,False
20210406,0.0022498430411285165,0.004845367471198495,0.027589485824131527,-0.04166666666666674,0.00205928117525936,0.00015135047342542242,2,good,0.23031006834605292,0.35467224032248945,0.41501769133145755,0.0174812134323553,2,True,False,False
20210407,0.0073368785731411194,0.01777646675191563,0.01835854554879664,-0.06666666666666665,0.007110586700766253,0.00010667882024613071,2,good,0.20329458390456998,0.2546218083431138,0.5420836077523161,0.0105901942680809,2,True,False,False
20210408,0.009532305381174788,0.024317627528685416,0.013671850714019662,-0.06666666666666665,0.009321757219329412,5.082141669377064e-05,2,good,0.25444954323812313,0.3435562828033312,0.40199417395854553,0.0137960805747744,2,True,False,False
20210409,0.004602085366356093,0.011952013551701737,0.015763954596966848,-0.09166666666666679,0.00448200508188815,4.3195779041704724e-05,2,good,0.276266701179785,0.3542258199997989,0.369507478820416,-0.0080866197571349,0,True,False,False
20210412,0.0,-0.003856195055479535,0.006312784863437505,-0.09166666666666667,0.0,0.0,0,bad,0.5142790598718943,0.3822604890501448,0.10346045107796098,-0.0010314639733536,1,True,False,False
20210413,0.0,-0.00799060862987344,0.003216382836123891,-0.08333333333333331,0.0,0.0,1,neutral,0.3692607749281128,0.44499547874341494,0.18574374632847224,0.0011845806117102,1,True,False,False
20210414,0.011005795873738781,0.024205174225346314,0.00908794604692296,-0.06666666666666654,0.010892328401405842,0.0,0,bad,0.432689982473817,0.4227901941374674,0.14451982338871575,0.0041058517696741,1,True,False,False
20210415,0.015579142703843769,0.034162529862747135,0.015813916453328986,-0.04999999999999993,0.015373138438236213,3.450793330969044e-05,1,neutral,0.39481715759100944,0.4127322049171116,0.1924506374918789,0.0049278381094194,1,True,False,False
20210416,0.015614386209050977,0.031396751485818886,0.016150199414752375,-0.041666666666666796,0.015436736147194282,1.8504210432695474e-05,1,neutral,0.3176931721180006,0.4926250732148082,0.18968175466719128,-5.732575876679913e-05,1,True,False,False
20210419,0.00919301784545241,0.018432375320900286,0.008456214320529176,-0.07500000000000007,0.009062584532775973,4.182815737828616e-05,0,bad,0.44155429028642046,0.4245769008550756,0.1338688088585039,-0.0016310014044869,1,True,False,False
20210420,0.019431415666934748,0.04268678230816743,0.02144385366840843,-0.07500000000000001,0.018853328852773948,0.000353297440560327,1,neutral,0.32663803661137386,0.3893306809599753,0.2840312824286509,0.0001429475747696,1,True,False,False
20210421,0.020451274872092667,0.042476877656792686,0.016447729267796956,-0.09166666666666667,0.020176516886976525,3.5484881548425425e-05,1,neutral,0.4041502442248344,0.4486374439170904,0.14721231185807526,-0.0003918484904232,1,True,False,False
20210422,0.01987092035524232,0.044327750492478175,0.017042611304190863,-0.09166666666666662,0.019578089800844533,3.680377698952095e-05,1,neutral,0.36987416649882404,0.485321574614162,0.14480425888701404,0.0005710210907674,1,True,False,False
20210423,0.021047434235430384,0.051666479897095836,0.02191338032970499,-0.08333333333333337,0.02066659195883833,6.840237516770067e-05,0,bad,0.4618020903098233,0.4011594363477385,0.13703847334243816,0.0043878292457867,1,True,False,False
20210426,0.026492225276356484,0.06433342742449802,0.0335348187485052,-0.06666666666666676,0.0257333709697992,0.00035792936556808947,0,bad,0.39622112491835826,0.36077859941715734,0.2430002756644844,-0.0097689891322648,0,True,False,False
20210427,0.02225639878828946,0.04865557736876776,0.03169743038118379,-0.04999999999999993,0.021895009815945495,8.646061903490711e-05,1,neutral,0.35631539235440385,0.5015422585555238,0.1421423490900724,0.0004319628246348,1,True,False,False
20210428,0.028099248535567264,0.05926947312500963,0.03295820179144563,0.0,0.02765908745833783,0.00011179312624389476,1,neutral,0.34386333596748947,0.4538983242602421,0.20223833977226843,0.0035322854717969,1,True,False,False
20210429,0.031316042405461944,0.06683507501457145,0.042407790163228334,0.008333333333333415,0.030632742715011915,0.0002953944410836102,1,neutral,0.34380261228623654,0.3582961235884304,0.29790126412533313,-0.0038188715929785,1,True,False,False
20210430,0.027629254849866766,0.0638879387698168,0.03837381428472915,0.008333333333333415,0.027152373977172142,0.00010509048092364838,1,neutral,0.31337939265837744,0.42338921023373877,0.2632313971078837,0.0150998560034294,2,True,False,False
20210506,0.03309781874477771,0.06832757520601201,0.04862019669186799,0.04166666666666674,0.03245559822285571,0.00025050885662696845,2,good,0.1350953631042172,0.37889063447305465,0.4860140024227282,0.0067752485980097,1,True,False,False
20210507,0.020822912595262852,0.040190228498145505,0.030536387731502784,0.025000000000000022,0.020430032819890632,0.00014805092511341146,2,good,0.2012778153913486,0.31530449398450316,0.48341769062414813,0.0102929024056596,2,True,False,False
20210510,0.012624639536605614,0.023322994273609066,0.0048038248984598,0.0500000000000001,0.012438930279258171,0.0,2,good,0.17904078735483772,0.36824174796401815,0.45271746468114404,0.0047024386336638,1,True,False,False
20210511,0.015042653303262482,0.028231036918564677,0.004587357930691298,0.05833333333333329,0.014821294382246452,0.0,1,neutral,0.1833550078224419,0.5397426182114283,0.2769023739661298,0.0042434415090726,1,True,False,False
20210512,0.012092800395076903,0.02305877626162502,0.0012561041749278488,0.033333333333333326,0.011913701068506258,0.0,1,neutral,0.2047069197246952,0.4638017039830647,0.3314913762922401,0.0052263132793726,1,True,False,False
20210513,0.017633110128321344,0.03719439257748384,0.003366085930224046,0.03333333333333344,0.01735738320282579,0.0,2,good,0.22387145849428666,0.3743779135866338,0.40175062791907956,0.0150381726682065,2,True,False,False
20210514,0.022691165403949238,0.0478695516998255,0.007496668501602077,0.050000000000000044,0.022339124126585234,0.0,2,good,0.11031969670839768,0.3533637732168277,0.5363165300747746,-0.0013926638680867,1,True,False,False
20210517,0.024116840340553808,0.05430158563626068,0.017566789547840245,0.033333333333333215,0.02353068710904629,0.00016845398957489292,2,good,0.22854422991926138,0.3000115021179509,0.47144426796278777,0.0150370102657205,2,True,False,False
20210518,0.028824293866606253,0.0631645663025138,0.03182133717233123,0.04166666666666663,0.027897683450276926,0.0004147745609571011,2,good,0.11024804231339998,0.18054353357784644,0.7092084241087535,0.0103064668332204,2,True,False,False
20210519,0.02091127371362429,0.050840705441349186,0.019300585384242026,-0.016666666666666607,0.020336282176539676,0.00015488666478266402,2,good,0.15502845675126256,0.27967194989166255,0.5652995933570748,0.0179404007533527,2,True,False,False
20210520,0.02805646415700178,0.06563894953613128,0.023276614397686468,0.033333333333333326,0.027349562306721364,0.0001630893579379045,2,good,0.09582442902288048,0.2516352580332301,0.6525403129438894,0.0130516756577985,2,True,False,False
20210521,0.024703036759125073,0.0546143473607362,0.026338511195211314,0.05833333333333335,0.02412133675099182,0.00014815456261576214,2,good,0.0755708990640488,0.27074704337283395,0.6536820575631173,0.0182211172006559,2,True,False,False
20210524,0.024060138965234953,0.051480934176653566,0.01806146879836808,0.07499999999999996,0.023595428164299548,4.9955629677740313e-05,2,good,0.11005676304870045,0.32742165029617254,0.5625215866551271,0.0093292873760054,2,True,False,False
20210525,0.02354520941600612,0.052355710820503235,0.019034532607712706,0.07499999999999996,0.023123772279055595,1.9046433828296863e-06,1,neutral,0.1577952174263473,0.44624498353054565,0.395959799043107,0.0084394419605226,1,True,False,False
20210526,0.025361683009411915,0.05710140754936229,0.027720652737803407,0.06666666666666665,0.024743943271390328,0.00015923335742186305,2,good,0.10819354856977978,0.3033887081642657,0.5884177432659545,0.0067594227722477,1,True,False,False
20210527,0.015043191235875705,0.03337954447076426,0.017780199613662357,0.025000000000000133,0.014742632141254217,3.4251701976491314e-05,2,good,0.11642545560619891,0.3013602871873259,0.5822142572064752,0.0260154015626997,2,True,False,False
20210528,0.01582814435327087,0.039475420465640634,0.022392975467132557,0.008333333333333304,0.01546120634904258,4.291800682804853e-05,2,good,0.07216792970828588,0.21006965541600442,0.7177624148757097,0.0133598462456687,2,True,False,False
20210531,0.016459226003869794,0.03857035631891178,0.023789381853417054,0.033333333333333326,0.016070981799546573,7.172613554081303e-05,2,good,0.08116363991041167,0.30877594602455405,0.6100604140650342,0.0097114309643581,2,True,False,False
20210601,0.020399528548070516,0.04701385577990873,0.042570038913329035,0.033333333333333326,0.01958910657496197,0.0003975398820214069,2,good,0.1568731628397616,0.3570438807206271,0.4860829564396113,0.0030057412359197,1,True,False,False
20210602,0.018072902596829792,0.04393487364445784,0.03641109067928016,0.0,0.017573949457783136,0.00011048527511057783,1,neutral,0.3200451982310161,0.3843079838417884,0.2956468179271955,-0.0018918658333461,1,True,False,False
20210603,0.008228272310284866,0.019906402805158055,0.02523556462170503,-0.033333333333333326,0.007962561122063222,8.434963156611928e-05,0,bad,0.44790128649432714,0.31729078612333084,0.234807927382342,-0.0081527054999863,0,True,False,False
20210604,0.010784774371626506,0.02584618636878811,0.014115296096805764,-0.025000000000000022,0.010553859433921812,4.782091372836056e-06,0,bad,0.43282551439732,0.31695221135623136,0.2502222742464486,0.0183246617056114,2,True,False,False
20210607,0.021987877326524127,0.06015168638221083,0.018296649572293523,-0.02499999999999991,0.021554354286958885,1.80953498619254e-05,2,good,0.19279473934394872,0.39020259887645414,0.4170026617795973,0.001995914216904,1,True,False,False
20210608,0.017253448014171967,0.04948319722580252,0.007044141535745875,-0.05833333333333335,0.016906759052149195,0.0,0,bad,0.5221754155096917,0.2663767024086467,0.21144788208166165,-0.0063883152572188,0,True,False,False
20210609,0.019937134146126502,0.051083798998061376,0.004303140982003351,-0.033333333333333215,0.019582122949256865,0.0,0,bad,0.4293813543384643,0.3692939815936321,0.20132466406790359,0.0060908775273808,1,True,False,False
20210610,0.018622052365778387,0.04671245251113409,0.0023261730412977855,-0.05833333333333335,0.018295710566860853,0.0,0,bad,0.47417947691409223,0.2726309065094739,0.2531896165764337,-0.0050111776337296,0,True,False,False
20210611,0.01992703543993384,0.05671175791539859,0.014800445599959595,-0.07499999999999996,0.019376517287761186,0.00011063707215005304,0,bad,0.6682727303067938,0.1860209758664523,0.14570629382675382,-0.0093952658531806,0,True,False,False
20210615,0.020310027873332775,0.05071252510072273,0.02036312367300811,-0.04166666666666663,0.019862405664449738,8.615366662240016e-05,0,bad,0.4984525148678326,0.30845284940851697,0.19309463572365038,-0.0035400953735052,1,True,False,False
20210616,0.015499915773457102,0.03489809043821564,0.02103868158341493,-0.03333333333333344,0.015122505856560105,0.00014921650696595704,0,bad,0.4534011703470029,0.35579411410898326,0.19080471554401382,0.0083032783162468,1,True,False,False
20210617,0.01135016995486571,0.023379369323407728,-0.00048618224822394307,0.008333333333333415,0.011105200428618673,5.738903565135175e-05,2,good,0.17978359658502066,0.2553622749989423,0.5648541284160369,0.0155013348126167,2,True,False,False
20210618,0.016565705802874274,0.03485846501534319,0.01521737227369933,-0.008333333333333304,0.01597679646536563,0.00028048884157948,2,good,0.14502602252981994,0.33600519146147717,0.5189687860087029,0.0080523584530683,1,True,False,False
20210621,0.017677812005033558,0.03900682128365826,0.02276423036591426,-0.025000000000000022,0.01722801273361573,9.838645224800088e-05,1,neutral,0.12735003379994536,0.5803538441940281,0.2922961220060264,0.0078118065015128,1,True,False,False
20210622,0.02096038997957075,0.05208995699509334,0.026604424619952712,-0.02499999999999991,0.020401899823078228,9.719430692144371e-05,1,neutral,0.1213990272537937,0.5298684325823882,0.34873254016381794,0.0086077200536617,1,True,False,False
20210623,0.017939312255709265,0.04471859980903762,0.021167086097683623,-0.04166666666666663,0.017514784925206403,2.7579813843323504e-05,1,neutral,0.12193269580267088,0.5476221100047628,0.3304451941925663,3.677843665456926e-05,1,True,False,False
20210624,0.014614566742944757,0.0360736334866234,0.0227535704590469,-0.04166666666666663,0.014128839782260835,0.0001676689089597127,1,neutral,0.37433059036384064,0.46759416844384855,0.15807524119231084,0.0013674948176617,1,True,False,False
20210625,0.013338501296114205,0.03253514429359694,0.009849461877723916,-0.033333333333333326,0.013014057717438778,3.173459344875286e-05,1,neutral,0.2817983806999222,0.4528933907930003,0.2653082285070774,0.0079325099646452,1,True,False,False
20210628,0.01575180645479775,0.03838157293774851,0.02018682803668888,-0.033333333333333326,0.015352629175099403,4.842058766205451e-05,2,good,0.14380026667077972,0.3734620128246321,0.48273772050458813,0.0008011849004517,1,True,False,False
20210629,0.018135265418113663,0.04902116370325752,0.031173101500715984,-0.05833333333333335,0.017565916993667274,0.00010805981800047447,0,bad,0.4929612193015188,0.2812892160201157,0.22574956467836543,-0.0056217355150686,0,True,False,False
20210630,0.014589434186657587,0.03477992531434848,0.036588509886943364,-0.05833333333333335,0.014201802836692297,9.834044124231505e-05,0,bad,0.5281620789286836,0.3172946118052476,0.15454330926606868,-0.0094930744313342,0,True,False,False
20210701,0.02159741725364274,0.05125963776995132,0.04674484955992486,-0.025000000000000022,0.020931018756063458,0.00022359835964177102,0,bad,0.6070952315826255,0.2217215362883222,0.17118323212905226,-0.0057523586911803,0,True,False,False
20210702,0.027529336363233063,0.06555439016860276,0.04719016484228614,-0.025000000000000022,0.02676804265217946,0.0002406688863326823,1,neutral,0.34829253046815867,0.37559119113174955,0.27611627840009184,0.0229308504338595,2,True,False,False
20210705,0.024483230808888243,0.05711754838115059,0.02663204261403094,-0.01666666666666672,0.023798978492146076,0.0001898875085150877,2,good,0.20704053636902794,0.23712004541948817,0.5558394182114839,0.0174201991861304,2,True,False,False
20210706,0.023232952852884972,0.05446266701426541,0.028226915830836048,-0.01666666666666672,0.022692777922610586,6.916284459522479e-05,2,good,0.11984813747201416,0.4113533793632309,0.468798483164755,0.0072208497897346,1,True,False,False
20210707,0.020324263954661824,0.043446520162025784,0.006973011016462027,0.008333333333333415,0.01991298840759515,0.0,1,neutral,0.16736770618174265,0.444786025479326,0.38784626833893127,0.0083473029318708,1,True,False,False
20210708,0.027350852226743796,0.06533994596906359,0.023642658305306055,0.008333333333333304,0.026680477937367632,0.0,2,good,0.18302883637868594,0.3889045434216465,0.42806662019966757,-0.001047997022819,1,True,False,False
20210709,0.03794300178866615,0.08381421826111744,0.03740598497614258,0.07499999999999984,0.03701794639866019,5.6410822712980895e-05,2,good,0.25217756355563625,0.3475756095457229,0.4002468268986409,0.022493008215667,2,True,False,False
20210712,0.026131991311851288,0.05462705244522462,0.02233037976525598,0.050000000000000044,0.025492624474438157,7.710467191728928e-05,2,good,0.11552036193350075,0.4420555456857197,0.44242409238077945,0.0036541660599822,1,True,False,False
20210713,0.025723094592808735,0.059743772656534674,0.031832744016570234,0.016666666666666607,0.024893238606889447,0.00018729092296881393,1,neutral,0.23936240679744425,0.4678670371609972,0.29277055604155866,-0.0022541336685066,1,True,False,False
20210714,0.017050640537578494,0.04472893289190545,0.01731571749112774,-0.04999999999999993,0.016400608727032,0.00016277138469611885,1,neutral,0.24098250310160563,0.5281719300111902,0.23084556688720406,-0.0041849079646656,1,True,False,False
20210715,0.02449855571698123,0.06507410244100886,0.011904963622404804,-0.04999999999999993,0.023860504228369918,1.5015545538545264e-05,1,neutral,0.34615360609340523,0.47910580279947895,0.1747405911071157,0.0078482906213633,1,True,False,False
20210716,0.01989758947442163,0.05184398680410629,0.014861034552320757,-0.04166666666666652,0.019441495051539866,0.0,1,neutral,0.12351588370394581,0.4966880364932662,0.3797960798027881,-0.004156576479032,1,True,False,False
20210719,0.0075691471228230495,0.01774469443357378,-0.008294180209540647,-0.050000000000000044,0.007393622680655741,0.0,0,bad,0.4760693095287128,0.26489163904990537,0.2590390514213817,-0.0095267965157264,0,True,False,False
20210720,0.007384719220349112,0.015776016792092652,-0.005037947266412009,-0.02499999999999991,0.007230674363042466,0.0,1,neutral,0.34511958942154913,0.43469909004540885,0.22018132053304199,0.0097369745228227,2,True,False,False
20210721,0.009905027881351633,0.020788049002825288,-0.004226175459909276,0.0,0.009701089534651802,0.0,1,neutral,0.1644798416872541,0.526617102071011,0.308903056241735,0.0051939183118271,1,True,False,False
20210722,0.01570046291894014,0.03285246942526783,0.008956340691283,0.0,0.01533115239845832,2.9882788866595314e-05,1,neutral,0.17025886959909114,0.4601063675055834,0.36963476289532526,0.0055379198178473,1,True,False,False
20210723,0.018380389332767425,0.040684048968479734,0.0033026056774263166,-0.008333333333333304,0.017968788294411883,0.0,1,neutral,0.151290128022729,0.597685410958869,0.25102446101840187,-0.0012772757494738,1,True,False,False
20210726,0.00949628370367237,0.018821337570579022,-0.0059435978971529866,-0.008333333333333304,0.009253824305534687,5.165215254039185e-05,1,neutral,0.3892521759138148,0.3901616655729781,0.2205861585132072,-0.016217723519293,0,True,False,False
20210727,0.0017663350210457439,0.0032119977247941547,-0.008218112270486131,-0.01666666666666672,0.0017130654532235487,2.2376963398442667e-05,0,bad,0.602239625232463,0.21586427195321262,0.18189610281432428,-0.0210840238275355,0,True,False,False
20210728,0.0,-0.006809694475030693,-0.010541665082532993,-0.01666666666666672,0.0,0.0,2,good,0.31538094561238766,0.18214330888114957,0.5024757455064628,0.0181880459617204,2,True,False,False
20210729,0.0,-0.002259008693714669,0.005231979922466878,0.016666666666666607,0.0,0.0,2,good,0.08087478078979114,0.1667176978635793,0.7524075213466297,0.0170080294990038,2,True,False,False
20210730,0.009913902425215481,0.017517852374207128,0.028683396335853727,0.016666666666666607,0.009342854599577132,0.00038128816431480615,2,good,0.12192791454720933,0.2672833933356646,0.610788692117126,0.0126421573414476,2,True,False,False
20210802,0.016653193261568503,0.03134219277527367,0.02378617804000882,0.016666666666666607,0.01619346626722473,0.00014113449789525772,1,neutral,0.12613003397598394,0.45134618034799984,0.4225237856760161,0.0060575745267212,1,True,False,False
20210803,0.009787273542359495,0.018325340370097934,0.013999796803460638,0.016666666666666607,0.009468092524550598,0.00014747912522757308,1,neutral,0.15247129351098382,0.4761848271611987,0.3713438793278174,-0.000153304491601,1,True,False,False
20210804,0.01858462579051892,0.03506787168793687,0.009738499592953068,0.016666666666666607,0.018118400372100715,0.0001565179340285432,2,good,0.26772838233792257,0.34715483635559935,0.38511678130647814,0.0105591722930814,2,True,False,False
20210805,0.012231389399970096,0.023070779909375852,0.016565171881535688,0.016666666666666607,0.011919902953177523,0.00012472498429421636,1,neutral,0.15139184723862525,0.4649057975540383,0.3837023552073363,0.007487388190844,1,True,False,False
20210806,0.002471676345431735,0.004638793387734635,0.01545327567502175,-0.025000000000000022,0.0024353665285606826,0.0,1,neutral,0.12787764130637988,0.581667758962683,0.290454599730937,0.0068140312382178,1,True,False,False
20210809,0.0029485402358767716,0.005448485286014142,0.00397287663664303,-0.01666666666666672,0.002905858819207542,0.0,1,neutral,0.14759216703794475,0.5109567578118511,0.34145107515020423,0.0088445002863314,1,True,False,False
20210810,0.0,-0.024578538067594545,-0.013555903913123484,-0.06666666666666665,0.0,0.0,2,good,0.13285519512963034,0.25929079588405335,0.6078540089863163,0.0215481695259815,2,True,False,False
20210811,0.0,-0.014959386218997783,-0.014884195749801562,-0.01666666666666672,0.0,0.0,2,good,0.08546749571561428,0.3383656396450153,0.5761668646393704,0.0084375168342639,1,True,False,False
20210812,0.0,-0.02296810779004908,-0.023931304566939225,-0.05833333333333329,0.0,0.0,1,neutral,0.15270441784733946,0.5800758181502572,0.2672197640024033,-0.002909694021837,1,True,False,False
20210813,0.0,-0.036093366667434366,-0.030623153473494168,-0.07500000000000001,0.0,0.0,1,neutral,0.37774989252321906,0.4038344357094574,0.2184156717673234,0.0005393563213022,1,True,False,False
20210816,0.0,-0.025632235079187028,-0.039965198665811795,-0.07500000000000001,0.0,0.0,1,neutral,0.33051183860308847,0.483753429299054,0.18573473209785757,0.0037859645022809,1,True,False,False
20210817,0.0,-0.03303993216915302,-0.04202643362421956,-0.10833333333333339,0.0,0.0,1,neutral,0.21410231229144416,0.5191220822995309,0.26677560540902484,0.0027788882931076,1,True,False,False
20210818,0.0,-0.03348062478753563,-0.03910313564689673,-0.1166666666666667,0.0,0.0,1,neutral,0.27833069838053426,0.4028138480726245,0.31885545354684114,-0.0035207377740065,1,True,False,False
20210819,0.0,-0.04826828902253373,-0.03853536049191608,-0.13333333333333336,0.0,0.0,1,neutral,0.334836607276078,0.42487172509340165,0.24029166763052034,0.0023976654862484,1,True,False,False
20210820,0.0,-0.035283283935776316,-0.02686653127929317,-0.10000000000000009,0.0,0.0,2,good,0.2942486765966711,0.3108180249922104,0.3949332984111186,0.0080139374763196,1,True,False,False
20210823,0.0,-0.04159289350981525,-0.03881695085252557,-0.10000000000000009,0.0,0.0,2,good,0.2059864209325537,0.3399838409277989,0.4540297381396474,0.0129893961626041,2,True,False,False
20210824,2.66043377484898e-05,-0.03197525590739558,-0.02866911900007705,-0.10000000000000003,0.0,2.66043377484898e-05,2,good,0.12416014752826135,0.3299681340226784,0.5458717184490602,0.0113424280352012,2,True,False,False
20210825,1.1291851236750522e-05,-0.02805293185095988,-0.025617720842084933,-0.09999999999999992,0.0,1.1291851236750522e-05,2,good,0.16276133480239777,0.28443179427824805,0.5528068709193541,0.0132943604531439,2,True,False,False
20210826,0.0,-0.0558544579556488,-0.03300511744008634,-0.14999999999999997,0.0,0.0,1,neutral,0.12337121737763457,0.4616143869984261,0.41501439562393944,0.0083753498063133,1,True,False,False
20210827,0.0,-0.09010710234477985,-0.041571561938138955,-0.14999999999999986,0.0,0.0,1,neutral,0.2354278426293797,0.44549770818897155,0.31907444918164884,0.0143604775174421,2,True,False,False
20210830,0.0,-0.09536784999043571,-0.045290334158884483,-0.19166666666666665,0.0,0.0,1,neutral,0.1431782834956997,0.47011744171366665,0.3867042747906338,-0.0013930793182662,1,True,False,False
20210831,0.0,-0.08569109238609286,-0.041442182673269025,-0.19166666666666665,0.0,0.0,1,neutral,0.34443992321354017,0.46078000897222077,0.19478006781423907,-0.0010691021926448,1,True,False,False
20210901,0.0,-0.1004011532938858,-0.05316493272327298,-0.21666666666666667,0.0,0.0,0,bad,0.43402458090372775,0.3404352951178564,0.22554012397841589,-0.0009310748908017,1,True,False,False
20210902,0.0,-0.10796481360663486,-0.050704814178992155,-0.22499999999999998,0.0,0.0,1,neutral,0.32645172682936474,0.4549821122311828,0.21856616093945255,0.0058461051409514,1,True,False,False
20210903,0.0,-0.12777087537640103,-0.06507538707872461,-0.2583333333333334,0.0,0.0,1,neutral,0.3241608446311072,0.37551142780074187,0.30032772756815085,-0.0084662088037514,0,True,False,False
20210906,0.0,-0.11829229143993832,-0.059963784706699656,-0.22500000000000003,0.0,0.0,0,bad,0.3601475024029098,0.3367132282018828,0.3031392693952074,0.0121129616134099,2,True,False,False
20210907,0.0,-0.08522082917348107,-0.038432220511825564,-0.17500000000000004,0.0,0.0,2,good,0.13476067065206476,0.2597203215422524,0.6055190078056828,0.0108195235904421,2,True,False,False
20210908,0.0,-0.09203716548833299,-0.04269017074560921,-0.19166666666666665,0.0,0.0,1,neutral,0.21079047499504694,0.41276671759816014,0.37644280740679303,0.0019255838450992,1,True,False,False
20210909,0.0,-0.0948785060648113,-0.05104707438532259,-0.17499999999999993,0.0,0.0,0,bad,0.5175552367790857,0.3408893208328663,0.14155544238804801,-0.0079038664140002,0,True,False,False
20210910,0.0,-0.08986837007389756,-0.04985392270736229,-0.16666666666666674,0.0,0.0,1,neutral,0.3424172613633006,0.5274069957554981,0.13017574288120135,-0.0034449666335204,1,True,False,False
20210913,0.0,-0.07570474532085505,-0.04131103315972262,-0.15833333333333333,0.0,0.0,1,neutral,0.30454100570183607,0.5614063396976554,0.1340526546005085,0.0070744026949567,1,True,False,False
20210914,0.0,-0.08860929347309246,-0.05393382507860382,-0.18333333333333335,0.0,0.0,1,neutral,0.27936400142398987,0.5253231238092468,0.19531287476676332,0.0027923703244498,1,True,False,False
20210915,0.0,-0.07141649604660161,-0.03086965903148372,-0.1333333333333333,0.0,0.0,0,bad,0.5062627414465862,0.35807360895060086,0.13566364960281296,0.0013725716917986,1,True,False,False
20210916,0.0,-0.08175750052850059,-0.03900934721308354,-0.14999999999999997,0.0,0.0,0,bad,0.5590299047562218,0.3324908014106916,0.10847929383308663,-0.0125509710518739,0,True,False,False
20210917,0.0,-0.0936206591740041,-0.03803994818891876,-0.1583333333333335,0.0,0.0,0,bad,0.4677719818202526,0.3524989714664118,0.17972904671333564,0.0179163490191293,2,True,False,False
20210922,0.0,-0.06737084996907827,-0.022535735378865624,-0.15833333333333333,0.0,0.0,2,good,0.22676033638215456,0.29308332051100616,0.4801563431068392,0.0165887246437791,2,True,False,False
20210923,6.2019670430841e-05,-0.08134202968309127,-0.02414540825423541,-0.1666666666666668,0.0,6.2019670430841e-05,1,neutral,0.3293905966584893,0.3474747441951994,0.3231346591463114,-0.0138653748280382,0,True,False,False
20210924,0.0,-0.08333974337196114,-0.020372335642623862,-0.1666666666666668,0.0,0.0,0,bad,0.5600446246387802,0.3044405108272104,0.13551486453400932,-0.0331366531731902,0,True,False,False
20210927,0.00016378740634158374,-0.05862273397430854,-0.001533732323518537,-0.09999999999999992,0.0,0.00016378740634158374,0,bad,0.42337181953821634,0.3772922061680972,0.1993359742936864,-0.0043140396187133,1,True,False,False
20210928,0.0005491165824246714,-0.02828781580615438,0.017430695408826948,-0.0666666666666666,0.0,0.0005491165824246714,0,bad,0.38320678244457074,0.3162586909785107,0.3005345265769185,-0.0070224659709545,0,True,False,False
20210929,0.00010550738499479146,-0.027302540130515605,0.01133372405830128,-0.04999999999999999,0.0,0.00010550738499479146,0,bad,0.4750897439155852,0.37783994543248456,0.14707031065193013,-0.0048055128905372,1,True,False,False
20210930,0.00034265522549959256,-0.014278509598570611,0.024499378264225193,-0.04999999999999993,0.0,0.00034265522549959256,2,good,0.303214681193667,0.18665667997325086,0.5101286388330821,0.0178522055318696,2,True,False,False
20211008,0.003224637166700158,0.005794525337690407,0.027871514768582274,-0.025000000000000078,0.002945550379992623,0.00025799587934159196,0,bad,0.3929978991264007,0.22384605855197648,0.3831560423216228,-0.0084187608509624,0,True,False,False
20211011,0.0015963537825311035,0.003165341649714215,0.02159744295933741,-0.058333333333333404,0.001503537283614252,8.146997459174882e-05,1,neutral,0.3437880715672518,0.47735365082844566,0.17885827760430256,-0.000387559217228,1,True,False,False
20211012,0.006028748639054413,0.01197005115539701,0.008457649577248132,-0.03333333333333349,0.005985025577698503,0.0,0,bad,0.5389410605190592,0.2720184102288875,0.18904052925205328,-0.0113686560557288,0,True,False,False
20211013,0.005416561732862307,0.010755822724736871,0.005475914872570781,-0.0500000000000001,0.005377911362368435,0.0,0,bad,0.4219376045515056,0.3682345551093226,0.20982784033917187,0.0067708270305562,1,True,False,False
20211014,0.0016033745343642753,0.0031907412391842804,0.01649976338262384,-0.0500000000000001,0.0015953706195921398,0.0,2,good,0.2959290058716302,0.27803458491821675,0.42603640921015307,-0.002977292055134,1,True,False,False
20211015,0.005939090788449728,0.011248409093526073,0.01593773829531179,-0.008333333333333415,0.005905414774101187,0.0,0,bad,0.44832844376440834,0.3743004047684316,0.17737115146716,0.0043523642909691,1,True,False,False
20211018,0.02002016570876017,0.038950535785741223,0.028762594736964964,0.025000000000000022,0.01979985569108512,8.993267896189648e-05,2,good,0.295468609457837,0.2915738098822646,0.4129575806598983,0.0127783795533506,2,True,False,False
20211019,0.020159990501035244,0.03855136908724621,0.023045092123822074,0.033333333333333326,0.019918207361743875,0.00011294214650737378,1,neutral,0.29151224242230056,0.42353421366825184,0.2849535439094476,0.0018009991789681,1,True,False,False
20211020,0.01631523465986338,0.031800708367781004,0.01944281395515977,0.025000000000000022,0.016165360086955342,5.5327265362787876e-05,0,bad,0.4816799772666799,0.367419375349433,0.150900647383887,-0.00520291195295,0,True,False,False
20211021,0.025731973930735657,0.04874589437648458,0.01653998551145734,0.05833333333333329,0.0255915945476544,2.6347640586341605e-05,0,bad,0.5368591306391604,0.342669061313789,0.12047180804705065,-0.005121605743922,0,True,False,False
20211022,0.015051443203707776,0.028955300507023534,0.014665805459209444,0.016666666666666607,0.01496023859529549,2.778120003118688e-05,0,bad,0.4375846471426532,0.4249469720972587,0.13746838076008808,-0.0012169815940437,1,True,False,False
20211025,0.02476957926395258,0.046272817483744844,0.017544301556978358,0.08333333333333331,0.024678835991330587,0.0,1,neutral,0.3992742518843237,0.4269243090903847,0.17380143902529152,-0.0012162472548664,1,True,False,False
20211026,0.027955439546635194,0.05759877306332454,0.01974035421585435,0.08333333333333326,0.027839406980606857,2.8314373988513285e-05,1,neutral,0.4304052449865695,0.4520985144207821,0.11749624059264845,0.001207628802898,1,True,False,False
20211027,0.0214272113849284,0.04273165427304917,0.015886788279908394,0.06666666666666676,0.021365827136524584,1.4656882454437041e-05,0,bad,0.547833530307257,0.3339572056757033,0.1182092640170396,-0.0102522942669986,0,True,False,False
20211028,0.02690573434993903,0.05109244493541605,0.016069002894375923,0.07500000000000001,0.026823533591093435,3.385565277505704e-05,1,neutral,0.4161818851084665,0.46815167326468476,0.1156664416268487,0.0081559874669389,1,True,False,False
20211029,0.03296204041885025,0.05707521152701902,0.019495998677993433,0.07499999999999996,0.03281824662803593,9.614085680159743e-05,2,good,0.1826073376491992,0.3628088855594827,0.454583776791318,0.016657629347731,2,True,False,False
20211101,0.02861094783207664,0.05401778299152162,0.028957478010673686,0.025000000000000078,0.028359336070548857,0.00016462582096226603,2,good,0.20724318373783596,0.3392740092005548,0.45348280706160926,0.0030462833866685,1,True,False,False
20211102,0.014617404021962297,0.02995381966207605,0.020925251215747398,-0.03333333333333338,0.014477679503336756,7.225725700898276e-05,1,neutral,0.3602131160324414,0.37482555564056663,0.264961328326992,-0.0056125675470567,0,True,False,False
20211103,0.02446212255296534,0.04765157302076922,0.02844627386250777,0.04166666666666663,0.024222882952224353,0.00014647270853621362,0,bad,0.3702905169329617,0.3655246806350996,0.2641848024319387,0.019582029046296,2,True,False,False
20211104,0.014557888095715914,0.029300376203618767,0.021400646315479832,0.02499999999999991,0.014406018300112558,6.055273730975235e-05,1,neutral,0.13730632429544937,0.46630683786838223,0.3963868378361685,0.0001339898020893,1,True,False,False
20211105,0.011746429322932954,0.023702862063126592,0.01821943606248581,0.02499999999999991,0.011653907181037239,2.2025737514852225e-05,1,neutral,0.32194833146344526,0.4852220665678878,0.1928296019686669,-0.000454072750717,1,True,False,False
20211108,0.018729520502393373,0.03492602499652357,0.0214367975856819,0.06666666666666671,0.018627213331479243,3.574508253608107e-06,1,neutral,0.23337815378976698,0.484659932528979,0.2819619136812541,0.0105209880503818,2,True,False,False
20211109,0.026257616402657967,0.053075463992227415,0.02352868701830583,0.07499999999999996,0.02609543646284514,4.101083697392553e-05,1,neutral,0.19868441932889214,0.505693147504332,0.29562243316677583,-0.001392963213166,1,True,False,False
20211110,0.02625208494394737,0.05913923195048543,0.022857148297383445,0.07499999999999996,0.026119827444797728,2.159380341342731e-05,1,neutral,0.3371311118812922,0.4824021456150793,0.18046674250362862,0.0001758369108506,1,True,False,False
20211111,0.022604103677485665,0.047392098541794304,0.021393977981739774,0.05833333333333335,0.022511246807352295,3.0840496269087595e-05,1,neutral,0.31405840500271626,0.5191253195826963,0.16681627541458738,0.0088580528454873,1,True,False,False
20211112,0.022335907588169713,0.04943710156046505,0.02060358660538314,0.03333333333333344,0.022246695702209274,2.9468607886593736e-05,1,neutral,0.2795390199579992,0.4417638309036762,0.2786971491383245,0.0057302498062606,1,True,False,False
20211115,0.01187292592588987,0.026824502640323596,0.0124085660572541,-0.008333333333333304,0.011847488666142922,1.1526792605756562e-05,1,neutral,0.18832446659059643,0.5770577928875349,0.23461774052186865,-0.0071158195179045,0,True,False,False
20211116,0.012233567595482248,0.026650816339795803,0.006999187178984198,-0.025000000000000022,0.012214957489073074,0.0,1,neutral,0.2602779526007186,0.5868810803973613,0.15284096700192001,-0.0018122636622052,1,True,False,False
20211117,0.015023551920656774,0.029503526696485833,0.006560577582144381,-0.024999999999999967,0.014997626070713631,0.0,1,neutral,0.27385840536072703,0.47056356521938075,0.25557802941989227,0.0126427246370074,2,True,False,False
20211118,0.014349731764789526,0.030164577973015395,0.005141176810048036,-0.02499999999999991,0.014328174537182315,0.0,1,neutral,0.14837051172546795,0.505650780610347,0.34597870766418515,-0.0021651537811009,1,True,False,False
20211119,0.011932000334551874,0.024636458210356024,-0.0017342011441494618,-0.03333333333333327,0.011907621468338746,0.0,1,neutral,0.3084315350290186,0.5238186075355558,0.16774985743542573,0.0087959193434522,1,True,False,False
20211122,0.009039043745530455,0.02004052273235764,-0.002125802438336266,-0.06666666666666671,0.009018235229560937,0.0,1,neutral,0.17419598296648287,0.4586090546388327,0.36719496239468447,0.0125625432184915,2,True,False,False
20211123,0.013150876712780863,0.028942005529320004,0.009973418708153305,-0.06666666666666671,0.013023902488194001,7.227518824161795e-05,2,good,0.15370413324884982,0.41885302785862666,0.4274428388925236,0.0018180694984746,1,True,False,False
20211124,0.012802963933250713,0.028811578319439018,0.006701943941357109,-0.07500000000000001,0.012725113757752232,2.467945066931613e-05,1,neutral,0.23036386926511404,0.6024972091367863,0.16713892159809973,-0.0034470273168933,1,True,False,False
20211125,0.009981027825829733,0.023345834820446942,0.0029555254193404865,-0.09166666666666673,0.009921979798689948,1.158584477241482e-05,1,neutral,0.25652408754220163,0.5541457998960065,0.1893301125617918,-0.0032459994957615,1,True,False,False
20211126,0.007401166109710762,0.01727650138118604,0.0029097554514265385,-0.09166666666666673,0.0073425130870040664,1.3881049047970517e-05,1,neutral,0.24399616219302578,0.6078867898980167,0.14811704790895752,-0.0018449013477897,1,True,False,False
20211129,0.002035925623929034,0.004371978869391169,0.0023085600930295054,-0.10833333333333339,0.002003823648470952,2.4718167441092254e-05,1,neutral,0.3068624986946122,0.5305786337730347,0.16255886753235302,0.0016200195885597,1,True,False,False
20211130,0.008151773992753663,0.017696544048136753,0.007946496515531327,-0.07500000000000012,0.008110916022062677,1.063652304741011e-05,1,neutral,0.1537706424772082,0.656057747956262,0.19017160956652976,0.0058502295695969,1,True,False,False
20211201,0.0014112851308532048,0.0033652204600976426,0.0039045212267846026,-0.15000000000000002,0.001402175191707351,1.8414294925575595e-06,1,neutral,0.08045243092522066,0.6326547347233628,0.2868928343514166,0.0332027856026847,2,True,False,False
20211202,0.0,-0.0013182696122631121,-0.006157391743477755,-0.16666666666666663,0.0,0.0,1,neutral,0.06486878252916596,0.5841668006676728,0.35096441680316137,-0.00274807002672,1,True,False,False
20211203,0.00022143743752428064,0.0004891330071066236,-0.0066140345415804935,-0.14999999999999997,0.00022010985319798057,0.0,1,neutral,0.17615063324155106,0.5697536114182908,0.25409575534015805,-0.0034437445296409,1,True,False,False
20211206,0.0,-0.007726361411632687,-0.009098258927162834,-0.14999999999999997,0.0,0.0,1,neutral,0.1968758196529667,0.6634101925802527,0.13971398776678046,0.0071664128163084,1,True,False,False
20211207,0.0,-0.02607654718706348,-0.02132230400798333,-0.14999999999999997,0.0,0.0,1,neutral,0.2397759383738065,0.41563251933743867,0.3445915422887549,0.0011626014236917,1,True,False,False
20211208,0.0,-0.03282850772962355,-0.024900225926748638,-0.15833333333333338,0.0,0.0,1,neutral,0.23504217390661605,0.42812167672716467,0.3368361493662192,0.0155814299132349,2,True,False,False
20211209,0.0,-0.0341728354754273,-0.02347198253405695,-0.14166666666666655,0.0,0.0,2,good,0.10822567941581626,0.3109343403306843,0.5808399802534995,0.0144939229654656,2,True,False,False
20211210,0.0,-0.03160634763675778,-0.018232141167981514,-0.14166666666666655,0.0,0.0,2,good,0.07337407805101642,0.3646341615968577,0.5619917603521258,0.0248962548541152,2,True,False,False
20211213,0.0,-0.023008853894310437,-0.015348661311055981,-0.07499999999999996,0.0,0.0,2,good,0.08106555004982785,0.4397075653579842,0.47922688459218804,0.0084421183794566,1,True,False,False
20211214,7.298354575056155e-06,-0.0158180343826891,-0.011325628848165794,-0.06666666666666671,0.0,7.298354575056155e-06,1,neutral,0.1698395298702917,0.5440215127362023,0.286138957393506,0.0087443401230294,1,True,False,False
20211215,2.9217501455871423e-05,-0.015827996768639403,-0.009379264089360998,-0.07500000000000001,0.0,2.9217501455871423e-05,1,neutral,0.15473883416273507,0.5651455549011626,0.2801156109361024,0.0062326481268241,1,True,False,False
20211216,1.857485101728632e-05,-0.019922931330895177,-0.012590954227632196,-0.07499999999999996,0.0,1.857485101728632e-05,1,neutral,0.20083469225728742,0.5084002661620992,0.2907650415806134,0.0198300280560462,2,True,False,False
20211217,5.2660328162973845e-06,-0.014425992656989593,-0.011955822246487096,-0.07500000000000001,0.0,5.2660328162973845e-06,1,neutral,0.16103490039734872,0.544805693566986,0.29415940603566515,-0.0003571619715087,1,True,False,False
20211220,0.0,-0.018728616669154447,-0.014951553892806892,-0.07499999999999996,0.0,0.0,1,neutral,0.3106898863396459,0.47008493676332264,0.21922517689703153,0.0169258034678026,2,True,False,False
20211221,0.0,-0.043255015965277935,-0.025212054158227838,-0.07500000000000001,0.0,0.0,1,neutral,0.2280263308778183,0.41383125826445827,0.3581424108577235,0.0065712943186244,1,True,False,False
20211222,0.0,-0.046303606804128705,-0.027494554908107077,-0.050000000000000044,0.0,0.0,1,neutral,0.2550424002150731,0.4727982145054941,0.2721593852794328,0.0023564960668476,1,True,False,False
20211223,0.0,-0.047305273758176405,-0.028471659382948305,-0.025000000000000078,0.0,0.0,0,bad,0.39714895258164157,0.38914452261533655,0.21370652480302194,-0.0016181053485429,1,True,False,False
20211224,0.0,-0.05032303054838938,-0.02807667085587399,-0.01666666666666672,0.0,0.0,0,bad,0.47848603055588074,0.3466391416885128,0.1748748277556066,-0.0209375161366898,0,True,False,False
20211227,0.0,-0.059392980890448886,-0.03475075812400132,0.0,0.0,0.0,0,bad,0.6289092066455108,0.24914277286357808,0.12194802049091112,-0.0061294615999541,0,True,False,False
20211228,0.0,-0.06592081558811602,-0.0322148392382256,-0.008333333333333304,0.0,0.0,0,bad,0.4382793474384473,0.3938975046796233,0.16782314788192934,-0.0038678415838573,1,True,False,False
20211229,0.0,-0.05952589484379711,-0.02621434095194375,0.016666666666666607,0.0,0.0,0,bad,0.46174250659045546,0.3521682968756166,0.18608919653392786,0.017796716772042,2,True,False,False
20211230,0.0,-0.0560947200542958,-0.029763367479343196,0.04999999999999999,0.0,0.0,1,neutral,0.2785543729711453,0.4161477050788784,0.30529792194997635,0.0053116139515922,1,True,False,False
20211231,0.0,-0.05225530563091878,-0.023245440732236,0.03333333333333344,0.0,0.0,1,neutral,0.20345118533808168,0.43750633123554705,0.3590424834263713,0.0105884361016478,2,True,False,False
20220104,0.0,-0.05092688583487117,-0.02227777036204635,0.0,0.0,0.0,2,good,0.15397977423701792,0.4056674227567508,0.4403528030062313,0.0190416769315618,2,True,False,False
20220105,0.0,-0.05982799559397982,-0.04135066176306842,-0.008333333333333304,0.0,0.0,1,neutral,0.1405894220891811,0.4684554638886448,0.39095511402217414,0.0008541641774423,1,True,False,False
20220106,0.0,-0.06042337908534643,-0.044231324449872246,0.0,0.0,0.0,1,neutral,0.2829914899440541,0.4510638477476587,0.26594466230828734,-0.0016854000939055,1,True,False,False
20220107,0.0,-0.0688099812951719,-0.05041032274470151,-0.024999999999999967,0.0,0.0,1,neutral,0.3172767545307854,0.40596675059424686,0.2767564948749678,0.0166236913811648,2,True,False,False
20220110,0.0,-0.07096410528463129,-0.046383672485546215,-0.024999999999999967,0.0,0.0,2,good,0.11333147845144398,0.3693527643934638,0.5173157571550921,0.006708577593396,1,True,False,False
20220111,0.0,-0.07576622484638,-0.04603308924127386,-0.09166666666666662,0.0,0.0,1,neutral,0.1921303922789988,0.5097047325070222,0.29816487521397905,-0.0034168891291979,1,True,False,False
20220112,0.0,-0.07949473583919575,-0.04384184424493172,-0.09166666666666679,0.0,0.0,1,neutral,0.29208675424045155,0.49797359908534505,0.20993964667420348,0.0030265788063171,1,True,False,False
20220113,0.0,-0.07301114041688969,-0.03136256579199358,-0.08333333333333326,0.0,0.0,0,bad,0.49487047123957983,0.2843333590672929,0.22079616969312726,-0.0061409556477019,0,True,False,False
20220114,1.3981814691693712e-05,-0.06794115033059295,-0.0269369385721183,-0.08333333333333326,0.0,1.3981814691693712e-05,0,bad,0.44012170805217865,0.41857970507443515,0.1412985868733862,0.0021878371559441,1,True,False,False
20220117,0.00012850416704757736,-0.056328159934409025,-0.01208705074216759,-0.06666666666666654,0.0,0.00012850416704757736,0,bad,0.41554476900308135,0.32044131912000623,0.2640139118769123,0.0040610713387753,1,True,False,False
20220118,0.00010673139095531834,-0.05024650573702591,-0.005646802734445622,-0.0666666666666666,0.0,0.00010673139095531834,1,neutral,0.30046971104148024,0.3754839946873012,0.3240462942712185,-0.0012265072584004,1,True,False,False
20220119,0.00014927730273991453,-0.043408530717335025,-0.008296955620491134,-0.08333333333333343,0.0,0.00014927730273991453,0,bad,0.4451297561880278,0.3383524885257311,0.2165177552862412,-0.012610697834329,0,True,False,False
20220120,1.1372593342735271e-05,-0.047960718905268485,-0.015750167783991912,-0.08333333333333331,0.0,1.1372593342735271e-05,0,bad,0.5535262336955928,0.3254933712719299,0.12098039503247722,0.0027162221276654,1,True,False,False
20220121,3.4153760005052574e-05,-0.04211791618571451,-0.011138090450462563,-0.10000000000000003,0.0,3.4153760005052574e-05,0,bad,0.3952908627403295,0.3704073884429839,0.2343017488166867,0.0031908377243221,1,True,False,False
20220124,0.0,-0.0385018448689509,-0.007834425014828929,-0.10833333333333334,0.0,0.0,0,bad,0.5839727210604759,0.23368310959161978,0.18234416934790426,-0.010515567138541,0,True,False,False
20220125,0.0,-0.023398232174644165,-0.00022909422419918266,-0.10833333333333334,0.0,0.0,0,bad,0.6922752256258016,0.19150875425781455,0.11621602011638395,-0.0177416635089687,0,True,False,False
20220126,3.208244571721608e-05,-0.016362405950203718,0.006512925246784748,-0.10833333333333328,0.0,3.208244571721608e-05,0,bad,0.5916786504233359,0.20086154918102453,0.20745980039563963,-0.0311168009576618,0,True,False,False
20220127,5.576423191222914e-05,-0.018900857382278258,0.008270632282737181,-0.125,0.0,5.576423191222914e-05,0,bad,0.4031476132457331,0.26826055202605714,0.3285918347282098,-0.0011981021708427,1,True,False,False
20220128,3.733075372119256e-05,-0.018395019742725227,0.00299457569994651,-0.125,0.0,3.733075372119256e-05,2,good,0.28899165803481913,0.2695093333135796,0.4414990086516013,0.0017752409701303,1,True,False,False
20220207,3.806006958033894e-05,-0.020909011301826153,0.005358097206521896,-0.10833333333333339,0.0,3.806006958033894e-05,2,good,0.2469250344703989,0.15980729877028038,0.5932676667593206,0.0232904127577406,2,True,False,False
20220208,0.0,-0.02852653544361082,-0.0024067436570651135,-0.07500000000000012,0.0,0.0,2,good,0.13721771603709781,0.11430923957258018,0.7484730443903219,0.0134058915680876,2,True,False,False
20220209,0.0,-0.030398566918564934,-0.02424540515021182,-0.09166666666666673,0.0,0.0,2,good,0.15052480577817337,0.10688295572271977,0.7425922384991069,0.0237873020862063,2,True,False,False
20220210,0.0,-0.02829828025844182,-0.026701143749979114,-0.09166666666666662,0.0,0.0,2,good,0.28273697092340244,0.2830958718140951,0.43416715726250243,-0.0056019354246966,0,True,False,False
20220211,0.0,-0.035059699640481806,-0.04151277384056082,-0.07499999999999984,0.0,0.0,0,bad,0.4335946299943074,0.3966776087558919,0.16972776124980052,-0.0036751030817312,1,True,False,False
20220214,0.0,-0.04377037262634473,-0.048042494781360724,-0.07499999999999984,0.0,0.0,0,bad,0.5078000503721086,0.2817775908662348,0.21042235876165669,0.003561335354066,1,True,False,False
20220215,0.0,-0.038660696806628994,-0.0444218590077526,-0.0500000000000001,0.0,0.0,0,bad,0.41168812139094424,0.2310700622272179,0.3572418163818378,0.0114958151379123,2,True,False,False
20220216,0.0,-0.022287329996196023,-0.028502252974932692,-0.04999999999999999,0.0,0.0,2,good,0.28163045420397914,0.2900437915339295,0.42832575426209135,0.0052249473177836,1,True,False,False
20220217,0.0,-0.035589668704015504,-0.03164596843295614,-0.06666666666666665,0.0,0.0,0,bad,0.35353328367596315,0.32664970450159503,0.3198170118224419,0.0058694122606448,1,True,False,False
20220218,3.489151085437581e-05,-0.031919085552907143,-0.02513942482662155,-0.058333333333333404,0.0,3.489151085437581e-05,2,good,0.23392437076390357,0.33710650396013864,0.42896912527595776,0.0297715469326644,2,True,False,False
20220221,5.62572605060326e-05,-0.05181373678140314,-0.031348372153729376,-0.11666666666666664,0.0,5.62572605060326e-05,1,neutral,0.3049273025138688,0.3823101330032417,0.31276256448288964,-0.0030945295744595,1,True,False,False
20220222,0.0,-0.0673320474628652,-0.04140447378660287,-0.15833333333333333,0.0,0.0,0,bad,0.43188134250232674,0.3288850850464943,0.23923357245117902,-0.0013979004992255,1,True,False,False
20220223,0.0,-0.06350824967388319,-0.03919098770298102,-0.14166666666666666,0.0,0.0,0,bad,0.43053882358563095,0.38768849012316886,0.18177268629120027,-0.0010913243284959,1,True,False,False
20220224,0.0,-0.04301559560943674,-0.023927890242097516,-0.14166666666666666,0.0,0.0,2,good,0.32326344645051863,0.2425758582773642,0.4341606952721172,0.0120208517553747,2,True,False,False
20220225,0.0,-0.04295699898489896,-0.019205729958640526,-0.13333333333333336,0.0,0.0,0,bad,0.35309615345207335,0.2950943998788386,0.351809446669088,-0.0062615951527589,0,True,False,False
20220228,0.00012559494442423405,-0.03116217142761161,-0.003043754179428722,-0.13333333333333325,0.0,0.00012559494442423405,1,neutral,0.3501922598771954,0.37726010165710117,0.2725476384657035,0.0061475146680687,1,True,False,False
20220301,8.66804251872408e-05,-0.03377487643837586,0.002782426846397292,-0.13333333333333325,0.0,8.66804251872408e-05,1,neutral,0.2817338648938352,0.4824687568586032,0.23579737824756175,0.0020751908378191,1,True,False,False
20220302,0.00013808757399917779,-0.04608643541339861,-2.780124155106825e-05,-0.1416666666666666,0.0,0.00013808757399917779,1,neutral,0.2832938772547309,0.38660845035653296,0.3300976723887361,0.0130864281954464,2,True,False,False
20220303,3.565032274669061e-05,-0.05664801190288347,-0.008016730172832536,-0.13333333333333336,0.0,3.565032274669061e-05,1,neutral,0.3073290263127213,0.3643717426883788,0.32829923099889996,-0.0058135694151857,0,True,False,False
20220304,0.0,-0.05919863326626197,-0.012882719308567603,-0.13333333333333336,0.0,0.0,0,bad,0.5120708493785309,0.34588565606714955,0.14204349455431955,-0.0119282081927896,0,True,False,False
20220307,0.0,-0.06198254805203725,-0.011984211348973872,-0.15000000000000008,0.0,0.0,0,bad,0.5705412609264202,0.3105978810067445,0.11886085806683525,-0.0192731992713938,0,True,False,False
20220308,0.0,-0.06267778669377908,-0.02120709967267416,-0.15000000000000002,0.0,0.0,0,bad,0.5947734552622458,0.25518305908342004,0.15004348565433423,-0.0019503764132427,1,True,False,False
20220309,0.0,-0.03142418895640109,-0.011806260587700047,-0.12499999999999994,0.0,0.0,2,good,0.35350465990642166,0.15077762226254662,0.49571771783103175,0.012759495633357,2,True,False,False
20220310,0.0,-0.021994854139464406,-0.005143981440279083,-0.125,0.0,0.0,2,good,0.22489035116550787,0.3618113861187001,0.41329826271579195,0.0078303746987608,1,True,False,False
20220311,1.6208153991393318e-05,-0.0011312978432717058,-3.444394956683694e-07,-0.11666666666666664,0.0,1.6208153991393318e-05,1,neutral,0.21948300716229807,0.4056719898025535,0.37484500303514856,0.0061648533433916,1,True,False,False
20220314,0.005630115374872626,0.011862682411610075,0.00302521366761771,-0.11666666666666664,0.005535918458751368,3.082466472053264e-05,1,neutral,0.2775509424007829,0.4187571788663334,0.30369187873288367,-0.0033057961510461,1,True,False,False
20220315,0.0018044435874882525,0.0036097491465493584,-0.003404278555019978,-0.10833333333333334,0.0017146308446109452,6.973601690490412e-05,2,good,0.2561705343552774,0.2290489925468726,0.51478047309785,0.0166333257810962,2,True,False,False
20220316,0.0052031503100975806,0.009183285802450897,0.017273348481657014,-0.10833333333333334,0.00482122504628672,0.0003627993169480168,2,good,0.09486063408694657,0.09810943503296825,0.8070299308800851,0.0185111546948291,2,True,False,False
20220317,0.013539374191435348,0.02489751908169844,0.02790803831361143,-0.09166666666666673,0.013071197517891679,0.0003874124822147744,2,good,0.08863162056820985,0.11561697643787618,0.7957514029939139,0.0258780530997888,2,True,False,False
20220318,0.013122698660038465,0.024824322211770798,0.0320894341147264,-0.10000000000000003,0.01282589980941491,0.0002152506875638096,2,good,0.13981886478479597,0.1809176142858175,0.6792635209293865,0.0243304806270054,2,True,False,False
20220321,0.014935627072637785,0.028448105244495696,0.025651838443622912,-0.06666666666666665,0.014698187709656108,0.00014581349008763373,2,good,0.12433005312032178,0.2772683675182748,0.5984015793614034,0.0038493766318359,1,True,False,False
20220322,0.020841396536477822,0.04049904138570669,0.02222613109619011,-0.025000000000000022,0.020587012704400897,0.00012724846390311758,1,neutral,0.22420044252282567,0.4045546626091656,0.37124489486800866,-0.0035379957388688,1,True,False,False
20220323,0.015488794627274564,0.030775459311913368,0.008913174208503405,-0.03333333333333338,0.015387729655956684,0.0,0,bad,0.42223885686525,0.26850565397353776,0.3092554891612123,-0.0209682185837767,0,True,False,False
20220324,0.010458251214278397,0.02081315700295546,0.011761142856171896,-0.03333333333333338,0.01040657850147773,0.0,0,bad,0.4484205491194642,0.3977153150421832,0.15386413583835257,0.0001207150775963,1,True,False,False
20220325,0.011815701560437333,0.02351277517338756,0.01491198458889222,-0.03333333333333338,0.01175638758669378,0.0,0,bad,0.40969846946252514,0.3116895288243671,0.2786120017131078,-0.0052785716282631,0,True,False,False
20220328,0.0,-0.0018827438346317588,0.0031750963140090675,-0.033333333333333326,0.0,0.0,0,bad,0.38569181409852077,0.3565116190029136,0.25779656689856556,-0.0007491191205394,1,True,False,False
20220329,0.0,-0.015518924917660645,-0.006850677509591396,-0.04999999999999999,0.0,0.0,0,bad,0.4119631495284941,0.31363992797557194,0.2743969224959341,0.0011585742212945,1,True,False,False
20220330,0.0,-0.009725762300951374,-0.00511720921306676,-0.041666666666666685,0.0,0.0,2,good,0.33710949715692423,0.32050779060422924,0.3423827122388466,0.0064850634384265,1,True,False,False
20220331,0.00810447083107272,0.013814793994442964,0.008512291329644761,-0.03333333333333338,0.008058629830091727,0.0,2,good,0.14800550851072353,0.22943297733781187,0.6225615141514645,0.0151469655762713,2,True,False,False
20220401,0.009748141646696814,0.016617228082313765,0.0025850394282672653,-0.03333333333333338,0.009693383048016362,0.0,2,good,0.1132288595945043,0.21070315743722676,0.676067982968269,0.0097782142847403,2,True,False,False
20220406,0.008156357777970106,0.014973063410894681,-0.0029416120005133313,-0.04166666666666663,0.008110409347567953,0.0,1,neutral,0.29668176946355423,0.36784375899152955,0.3354744715449162,0.0017977819092703,1,True,False,False
20220407,0.007381735620839114,0.013774833104873836,-0.01897522151416018,-0.050000000000000044,0.007346577655932711,0.0,0,bad,0.5183666032531355,0.20893427173107249,0.27269912501579197,-0.015838410936715,0,True,False,False
20220408,0.0016902568258467577,0.003150766600497977,-0.02151075731453474,-0.050000000000000044,0.0016804088535989207,0.0,0,bad,0.5719280315362095,0.296095782132671,0.1319761863311195,-0.0085394804527859,0,True,False,False
20220411,0.0,-0.004283613496503157,-0.023017154453025233,-0.04999999999999999,0.0,0.0,1,neutral,0.3161471986111567,0.5319646380397055,0.15188816334913774,0.0058153664693083,1,True,False,False
20220412,0.0,-0.017071818673474404,-0.02936203707770916,-0.050000000000000044,0.0,0.0,2,good,0.3395685442336069,0.30666136080706097,0.35377009495933204,-0.0069044782357297,0,True,False,False
20220413,0.0,-0.017845563474258745,-0.026272221557017913,-0.050000000000000044,0.0,0.0,0,bad,0.38920478307063744,0.3118902511832964,0.29890496574606634,0.0003725837540893,1,True,False,False
20220414,0.0,-0.020157856163463203,-0.033456127704852665,-0.050000000000000044,0.0,0.0,0,bad,0.48301891956191334,0.2183055288551396,0.298675551582947,-0.0185430476478287,0,True,False,False
20220415,0.0,-0.05269727182597017,-0.03955975731061432,-0.08333333333333326,0.0,0.0,0,bad,0.6829333360824366,0.10037334881414299,0.21669331510342052,-0.017653571168112,0,True,False,False
20220418,0.0,-0.055778596001962395,-0.03073197741420837,-0.08333333333333343,0.0,0.0,0,bad,0.5419225175286801,0.14839390459426882,0.3096835778770511,0.0107917199731836,2,True,False,False
20220419,2.3754678666608378e-05,-0.049882542444072926,-0.01826839633625258,-0.07500000000000007,0.0,2.3754678666608378e-05,2,good,0.2556221441958572,0.15028736483578373,0.5940904909683591,0.0004713822985279,1,True,False,False
20220420,0.0,-0.05776015335883998,-0.029059097636265147,-0.08333333333333331,0.0,0.0,0,bad,0.5547546435777239,0.19464681157023292,0.25059854485204325,-0.0363152260686056,0,True,False,False
20220421,0.0,-0.0691777299547359,-0.03999309928207183,-0.08333333333333337,0.0,0.0,0,bad,0.7079903122473241,0.09659852713378038,0.19541116061889557,-0.0120601985389334,0,True,False,False
20220422,0.0,-0.04694303094448178,-0.02543804806658502,-0.07499999999999996,0.0,0.0,2,good,0.3101600720142151,0.1220684463405227,0.5677714816452623,-0.0014885324508501,1,True,False,False
20220425,0.0,-0.05280560685388566,-0.02600290854726868,-0.08333333333333331,0.0,0.0,2,good,0.2419851361744608,0.08921891938150436,0.6687959444440348,0.0432836785043687,2,True,False,False
20220426,0.0,-0.048173266746219245,-0.016231763778041863,-0.08333333333333331,0.0,0.0,2,good,0.12619445835593868,0.10303935776818916,0.7707661838758721,0.0005730862575232,1,True,False,False
20220427,7.152980419678967e-05,-0.03014694122712852,-0.005487664518882218,-0.08333333333333331,0.0,7.152980419678967e-05,2,good,0.23240340908552246,0.09433389464971438,0.6732626962647631,0.0119430495219151,2,True,False,False
20220428,0.000371222284124397,-0.01180108367229385,0.005644284334490074,-0.06666666666666665,0.0,0.000371222284124397,2,good,0.12953408613345316,0.0688316150029187,0.8016342988636281,0.0139236829728573,2,True,False,False
20220429,0.00012130247268655098,-0.022492767904907646,-0.003148761261218283,-0.08333333333333337,0.0,0.00012130247268655098,2,good,0.18370814697263,0.13107720400120176,0.6852146490261682,0.032902605696933,2,True,False,False
20220505,0.00017817115598829826,-0.029283459435916384,0.0050750846521618875,-0.08333333333333337,0.0,0.00017817115598829826,2,good,0.3909299287586698,0.1259673789346906,0.4831026923066397,-0.0058729643420812,0,True,False,False
20220506,1.742438128557833e-05,-0.0398402161697108,-0.008544231138537087,-0.11666666666666659,0.0,1.742438128557833e-05,2,good,0.33164687615388055,0.144005522213692,0.5243476016324274,0.0285342200087204,2,True,False,False
20220509,0.0,-0.03411838741375221,-0.005850970256874054,-0.10833333333333339,0.0,0.0,2,good,0.16291506215088689,0.1600595388838114,0.6770253989653018,0.0234509108335856,2,True,False,False
20220510,0.0,-0.027333422467262766,-0.011781792818629545,-0.11666666666666664,0.0,0.0,2,good,0.15490838597776274,0.19345297763398708,0.6516386363882501,0.0095552093608824,2,True,False,False
20220511,0.0,-0.017760505699828344,-0.002377215963176655,-0.1166666666666667,0.0,0.0,2,good,0.18213037223352077,0.3508938789944713,0.4669757487720079,0.0035782965695154,1,True,False,False
20220512,0.0011699657333094516,0.0020789955346571243,0.017543959288690587,-0.1166666666666667,0.0011087976184837995,5.335330643167826e-05,2,good,0.309683837193192,0.3447950870109702,0.34552107579583774,0.008088768589183,1,True,False,False
20220513,0.007209592340701085,0.013847254407897022,0.020664605824373405,-0.09166666666666673,0.007039020990680985,0.00012413124919829075,1,neutral,0.23183997155767014,0.400596921369589,0.3675631070727408,0.0059111654648955,1,True,False,False
20220516,0.0036845511467497732,0.007054635657062561,0.01591791404477364,-0.10833333333333339,0.0035861064590068017,7.619324435843688e-05,1,neutral,0.29927992861167485,0.3971718607553266,0.3035482106329985,0.0008959984532066,1,True,False,False
20220517,0.0032285498192135896,0.006207950353355179,0.0050856875323592,-0.1166666666666667,0.0031039751766775894,0.0001063510981967814,2,good,0.3304657796220067,0.327184773531451,0.34234944684654234,0.0122736060439493,2,True,False,False
20220518,0.011309833538121037,0.02225619359298231,0.012370089400643026,-0.08333333333333331,0.011128096796491155,0.0001085685648603274,2,good,0.2057553534179466,0.31571643629048785,0.47852821029156556,0.0012043772852961,1,True,False,False
20220519,0.00799917044275921,0.016436363988649415,0.011788029835485513,-0.08333333333333337,0.007944242594513883,0.0,0,bad,0.4496879347881272,0.2638681304525309,0.286443934759342,0.0179817778579547,2,True,False,False
20220520,0.005107986622299759,0.010682581478816067,0.016626516795153735,-0.09166666666666667,0.005074226202437631,0.0,2,good,0.13324523621218826,0.24167637143962087,0.6250783923481908,0.009882173836753,2,True,False,False
20220523,0.011092436304229476,0.024931355870131934,0.015061915320221199,-0.07500000000000001,0.011011348842641603,9.296091690813158e-06,0,bad,0.3962133144398764,0.3043885710709407,0.2993981144891829,-0.0173520377378974,0,True,False,False
20220524,0.013684464235623634,0.03396051444711875,0.005099724837463307,-0.10000000000000009,0.013584205778847497,3.4650091759821714e-05,0,bad,0.5278314750712776,0.3641340547090589,0.10803447021966354,-0.0029775154404214,1,True,False,False
20220525,0.005805800833624141,0.014403140291972594,-0.002238399659009514,-0.10000000000000009,0.005761256116789036,0.0,1,neutral,0.36501182594987386,0.3931815968184298,0.2418065772316964,0.0071994415857087,1,True,False,False
20220526,0.003694691248519905,0.010228451023222448,-0.010812253799840965,-0.10833333333333339,0.003665194949988043,0.0,1,neutral,0.2939094753811245,0.44499057691078303,0.26109994770809236,0.0081942707890551,1,True,False,False
20220527,0.0,-0.007483514798527491,-0.020337883941837737,-0.15833333333333344,0.0,0.0,1,neutral,0.20009393414971113,0.5700330082664352,0.22987305758385368,0.0013060195739223,1,True,False,False
20220530,0.0,-0.021840523738657303,-0.0213154730735442,-0.1416666666666666,0.0,0.0,1,neutral,0.24623122629648117,0.5725489236530793,0.18121985005043947,-0.0006004116678751,1,True,False,False
20220531,0.0,-0.03274988314395367,-0.01931097387189462,-0.1416666666666666,0.0,0.0,1,neutral,0.3921036923401723,0.46093596692838296,0.14696034073144476,0.0066308689830343,1,True,False,False
20220601,0.0,-0.009855708863258816,-0.007834877083593872,-0.1250000000000001,0.0,0.0,1,neutral,0.15861623246275908,0.4295432820588044,0.41184048547843655,0.0215378107544487,2,True,False,False
20220602,2.6452454217904784e-05,-0.011389942120520795,-0.0019970782361576553,-0.1166666666666667,0.0,2.6452454217904784e-05,1,neutral,0.08891622861717174,0.4788596738240036,0.4322240975588246,0.0031341478405281,1,True,False,False
20220606,0.006724399216553311,0.02197592373655477,0.011629231994250144,-0.08333333333333337,0.006226511725357185,0.00038192975220191066,1,neutral,0.2580499649111431,0.3879899181475275,0.3539601169413295,-0.0020684968711634,1,True,False,False
20220607,0.010643784794234638,0.04212312619161264,0.028313126733329343,-0.08333333333333337,0.009828729444709618,0.0005354876321834833,1,neutral,0.297384598037684,0.409373941037462,0.2932414609248538,-0.0014020761406618,1,True,False,False
20220608,0.013033556501373075,0.04861245623717857,0.023536447218995504,-0.07500000000000007,0.012558217861271129,0.00015646203593801006,0,bad,0.39713051621517304,0.37958865085251375,0.2232808329323132,-0.0114854173934732,0,True,False,False
20220609,0.010670508041434195,0.03853377166953849,0.02209468210491624,-0.06666666666666676,0.01027567244521026,0.00014948212661187104,1,neutral,0.3880501932189865,0.44239570858421423,0.1695540981967993,0.0026935617096871,1,True,False,False
20220610,0.00012417391762104587,-0.00027792975562154765,0.006165055989993284,-0.06666666666666654,0.0,0.00012417391762104587,2,good,0.29372431196238313,0.31718763888653884,0.38908804915107803,0.0095867961585924,2,True,False,False
20220613,1.4617040515518286e-05,-0.0005449147235084412,0.009868669012167389,-0.09166666666666667,0.0,1.4617040515518286e-05,1,neutral,0.11391725314696832,0.48782123476273354,0.3982615120902982,-0.0047663392866142,1,True,False,False
20220614,0.0,-0.004180949753988861,0.001955055523283823,-0.09166666666666656,0.0,0.0,1,neutral,0.367537097950571,0.4673484593873179,0.16511444266211106,0.001045468278641,1,True,False,False
20220615,0.0,-0.0005683081494979314,-0.005182849071337814,-0.07500000000000007,0.0,0.0,1,neutral,0.34709958478259845,0.42871392494748917,0.22418649026991241,-0.00496269182558,1,True,False,False
20220616,0.0,-0.004526149980831673,-0.000263991859152414,-0.06666666666666654,0.0,0.0,1,neutral,0.2785755429082514,0.4847665303137651,0.23665792677798356,0.0056266554587236,1,True,False,False
20220617,0.0,-0.0008614299236898715,0.0035149688541451854,-0.05833333333333324,0.0,0.0,1,neutral,0.2108942103493987,0.45822286038011567,0.3308829292704857,0.0131945380149527,2,True,False,False
20220620,0.002445576070134071,0.007597510869539706,0.016346480237238288,-0.05833333333333324,0.0023425658514414104,5.2594982566008914e-05,2,good,0.19826700613417245,0.284899695672534,0.5168332981932936,0.012803327123687,2,True,False,False
20220621,0.005140074201847706,0.015361305546601617,0.022901955904170615,-0.04999999999999993,0.004864413423090514,0.00016962228662792465,2,good,0.31295886596243255,0.29398266605379125,0.39305846798377625,-0.0075144644184789,0,True,False,False
20220622,0.008237978494237753,0.022322985733198908,0.020154265146863623,-0.025000000000000022,0.007999069887729608,8.623501364963192e-05,1,neutral,0.34142304186634553,0.4504226206228111,0.20815433751084347,0.00775712842471,1,True,False,False
20220623,0.012847725749630329,0.03485044940552376,0.022862602207803857,-0.025000000000000022,0.012488077703646011,0.0001242584813257995,2,good,0.15496669538655342,0.331440503613768,0.5135928009996786,0.0148635842162858,2,True,False,False
20220624,0.01958348837292258,0.05307347516722126,0.028657083547414697,-0.008333333333333415,0.019017995268254283,0.00019306718489493356,2,good,0.177491861239005,0.36495698044606795,0.4575511583149271,0.0014616392633948,1,True,False,False
20220627,0.028326097326525544,0.07707450972545304,0.036335169896589546,0.04166666666666652,0.027618365984954003,0.00016691661562584856,0,bad,0.4186775648568532,0.3334717933127998,0.2478506418303469,0.0028330907564093,1,True,False,False
20220628,0.022769657426613663,0.06839666730973938,0.022841600635171676,0.008333333333333304,0.022228916875665302,6.445556023452619e-05,1,neutral,0.3288591631193814,0.391358278645516,0.2797825582351025,0.002277670571786,1,True,False,False
20220629,0.01998581130912215,0.06011255840843935,0.01333408679960401,0.008333333333333304,0.01953658148274279,3.080871614172454e-05,0,bad,0.42619945441629437,0.35282947564603345,0.22097106993767215,-0.0089184785719665,0,True,False,False
20220630,0.016194777872401138,0.04244778935513205,0.007930621760126415,0.008333333333333304,0.015917921008174518,0.0,1,neutral,0.36957214991502874,0.4618708326584683,0.16855701742650298,-0.0019368231219909,1,True,False,False
20220701,0.013521298677207288,0.03793635803575866,0.007243340757888461,-1.1102230246251565e-16,0.013277725312515531,0.0,1,neutral,0.31493190190112486,0.3960744009961134,0.28899369710276185,0.0172198538201305,2,True,False,False
20220704,0.004830830863602663,0.012151987584291674,-0.003302963141786904,-0.008333333333333193,0.004759528470514239,0.0,1,neutral,0.14286087187661914,0.43202692431058703,0.42511220381279385,0.0015042803474599,1,True,False,False
20220705,0.0,-0.004815217508039926,-0.0016183333818038798,-0.008333333333333193,0.0,0.0,1,neutral,0.3385909370398546,0.45647918131772586,0.20492988164241963,-0.0019741044859036,1,True,False,False
20220706,0.0,-0.0023832377138020278,-0.001032538960501303,1.1102230246251565e-16,0.0,0.0,0,bad,0.36392765844324676,0.34109903054650575,0.2949733110102475,0.0096999907749417,2,True,False,False
20220707,0.00300792441021473,0.00670223691060827,0.008365330163779789,0.008333333333333193,0.0029601546355186516,1.8828378527031165e-05,2,good,0.19717130165744873,0.3762841727018612,0.42654452564069,0.0032203876962056,1,True,False,False
20220708,0.012539670767491925,0.031612767415729534,0.014878435932861641,0.008333333333333304,0.012381667237827399,5.2371643773278864e-05,0,bad,0.40164228978719385,0.35273804033200606,0.24561966988080014,-0.0074618805143925,0,True,False,False
20220711,0.00928138120700866,0.02073128940341095,0.007865377925385442,0.008333333333333193,0.009156319486506501,4.997678224956137e-05,1,neutral,0.3397690038915159,0.4549662953384757,0.20526470077000847,-0.0015848889328849,1,True,False,False
20220712,0.011438744926778667,0.024688794708001158,0.0031266093815119174,0.02499999999999991,0.011315697574500528,3.407763719439972e-05,1,neutral,0.35300548456613307,0.43561860135521846,0.21137591407864834,0.0037677413812391,1,True,False,False
20220713,0.009890891768603607,0.02028735622769271,-0.00817097472103397,0.016666666666666607,0.009805555510051476,0.0,1,neutral,0.33513853309695496,0.33994438408424815,0.3249170828187969,0.0016237890775398,1,True,False,False
20220714,0.011345507083951843,0.02452245700637717,-0.0008871003941671174,0.008333333333333304,0.011239459461256204,0.0,0,bad,0.5053442270454844,0.2885022343996649,0.20615353855485072,-0.0090171689435238,0,True,False,False
20220715,0.018816907639512725,0.04045761255081036,0.01562077039565433,0.008333333333333304,0.018543072419121415,7.257104635695845e-05,0,bad,0.4119511412367783,0.2437504475916126,0.34429841117160903,0.0426367126106839,2,True,False,False
20220718,0.011526062472715882,0.022357552866821062,0.010670189077121991,0.008333333333333304,0.011365089373967373,5.618225505998646e-05,2,good,0.08451462857541958,0.23964134844393384,0.6758440229806466,0.0250021504405834,2,True,False,False
20220719,0.006621564510793891,0.012987674874598915,0.007604231917391772,-0.016666666666666663,0.006493837437299458,7.195515415390569e-05,2,good,0.10790232663344394,0.2990038823735886,0.5930937909929674,0.0212413022686429,2,True,False,False
20220720,2.200703560723742e-05,-0.00462627233782135,-0.010568044494679723,-0.05833333333333329,0.0,2.200703560723742e-05,2,good,0.10821315096571302,0.4338799939194853,0.4579068551148018,0.0047707889464403,1,True,False,False
20220721,0.0,-0.01015829307112378,-0.010889105878568691,-0.05833333333333335,0.0,0.0,1,neutral,0.24210864690817904,0.41447079005493165,0.3434205630368893,0.0077195453897182,1,True,False,False
20220722,0.0,-0.009343700348623973,-0.002560960192085589,-0.04166666666666663,0.0,0.0,1,neutral,0.18323199976368673,0.4454343758386471,0.37133362439766626,6.260637791656309e-05,1,True,False,False
20220725,0.0,-0.0184916260294097,-0.0008744441199219355,-0.041666666666666685,0.0,0.0,0,bad,0.3607663028443568,0.28040166305568004,0.35883203409996317,0.0118103282950912,2,True,False,False
20220726,0.0,-0.011874382234735432,-0.0033009328281120957,-0.025000000000000022,0.0,0.0,2,good,0.11559918446346222,0.20225984048853543,0.6821409750480022,0.0313058166552604,2,True,False,False
20220727,7.104156500653557e-07,-0.010360002307576662,-0.007429793563476598,-0.025000000000000022,0.0,7.104156500653557e-07,2,good,0.11523503348287681,0.29908541980260717,0.585679546714516,0.0117425912343859,2,True,False,False
20220728,1.8011718082815172e-07,-0.008601146326023249,-0.007890197838609298,-0.025000000000000022,0.0,1.8011718082815172e-07,1,neutral,0.17924860416528574,0.43279983007239,0.38795156576232426,0.0050048029466258,1,True,False,False
20220729,0.0,-0.011605481294582923,-0.009581005476752094,-0.05833333333333335,0.0,0.0,1,neutral,0.3360212651155819,0.3962177755020567,0.2677609593823614,-0.0033145815324294,1,True,False,False
20220801,0.0,-0.007969293714488568,-0.015080413527321368,-0.04999999999999993,0.0,0.0,0,bad,0.5040186440468716,0.3291110845622464,0.16687027139088204,-0.0172905365049369,0,True,False,False
20220802,0.0009720473666446276,0.001804684336435141,-0.004165220223753541,-0.04999999999999993,0.0009624983127654087,0.0,0,bad,0.6740711629692927,0.21917250818671544,0.1067563288439919,-0.00991275856333,0,True,False,False
20220803,0.006297894126307153,0.01154560915508649,0.005677711926559489,-0.04999999999999993,0.00615765821604613,9.062082483133115e-05,2,good,0.3136631393644579,0.2609664812913038,0.42537037934423827,0.0003677796402027,1,True,False,False
20220804,7.103368939651612e-05,-0.0016650320769244775,0.0017809321225724858,-0.04999999999999993,0.0,7.103368939651612e-05,0,bad,0.49269122300341633,0.23699851643469635,0.27031026056188723,-0.0135365477491473,0,True,False,False
20220805,1.6976086114610822e-05,-0.009060815710180657,0.0018523516783797173,-0.04999999999999993,0.0,1.6976086114610822e-05,0,bad,0.4735195332602044,0.22462053306822785,0.30185993367156777,0.0082492088141935,1,True,False,False
20220808,0.00196794733617343,0.0035898964205671006,0.009087602704358471,-0.04999999999999999,0.001735116603274099,0.00021589818978596484,2,good,0.23351061824236755,0.2775873715862832,0.48890201017134916,0.0027286667594089,1,True,False,False
20220809,1.408498771030052e-05,-0.003879701630734718,-0.0019589866881166715,-0.10000000000000014,0.0,1.408498771030052e-05,0,bad,0.4640804619479396,0.27359747871121404,0.26232205934084646,0.0231663211495149,2,True,False,False
20220810,0.005069958298638253,0.01281225860133946,0.00311465717317618,-0.09166666666666656,0.005018134618857956,0.0,1,neutral,0.11257897088040278,0.45867003297902864,0.4287509961405685,-0.0025855866592921,1,True,False,False
20220811,0.0,-0.0025485265849941215,-0.0037685161740281807,-0.10833333333333334,0.0,0.0,1,neutral,0.3885559546755509,0.41871197973305385,0.19273206559139522,-0.0020029995183276,1,True,False,False
20220812,0.0,-0.015739779137722586,0.0021835933689755907,-0.11666666666666675,0.0,0.0,0,bad,0.4080908488769428,0.3544560600053693,0.23745309111768795,0.016553216360197,2,True,False,False
20220815,0.0,-0.02229304333438516,-0.006352390684347195,-0.11666666666666675,0.0,0.0,2,good,0.1455419614360283,0.23024886164153036,0.6242091769224414,0.0200234205008272,2,True,False,False
20220816,0.0,-0.01574629624365046,-0.001958185622721615,-0.10833333333333334,0.0,0.0,2,good,0.09745723047115502,0.37774161565171704,0.524801153877128,0.0102237796882917,2,True,False,False
20220817,0.0003067788171071046,0.0007167436671832901,-0.003770494069944787,-0.07500000000000007,0.0003046160585528983,0.0,1,neutral,0.11487318543743007,0.6534539425600826,0.2316728720024874,-0.0039951079125638,1,True,False,False
20220818,0.0034040554774596686,0.007848639392339356,0.002696570094691004,-0.09166666666666673,0.003335671741744226,4.092306311787672e-05,0,bad,0.4900012035440893,0.33049155315824985,0.17950724329766088,-0.0140319909710669,0,True,False,False
20220819,0.0023485103292639254,0.0056170182791032905,0.008221675880863127,-0.10833333333333334,0.00229361579730051,3.460452330211779e-05,0,bad,0.6694985923193318,0.2100374374593541,0.12046397022131398,-0.0092265183363075,0,True,False,False
20220822,4.642061176995584e-05,-0.003687731816499006,-1.3823518672684276e-05,-0.10833333333333334,0.0,4.642061176995584e-05,0,bad,0.5391783699209769,0.3016382465133342,0.15918338356568895,-0.0039407570309196,1,True,False,False
20220823,8.538727212623093e-05,0.0001794622006924991,0.0008778640146439951,-0.12499999999999989,6.430728858147886e-05,2.0328587966966505e-05,0,bad,0.5822302313233108,0.26971207744142883,0.14805769123526044,-0.0079000624904732,0,True,False,False
20220824,0.0025858748130169118,0.006484066100831798,0.0020400106213523585,-0.09166666666666656,0.002539592556159121,1.8215158547972122e-05,0,bad,0.4834346366311546,0.3799211013052059,0.13664426206363944,-0.0069867272673406,0,True,False,False
20220825,0.0,-0.0008421219752098672,-0.006036910473382874,-0.09166666666666673,0.0,0.0,1,neutral,0.36253396948988187,0.3844094907026058,0.25305653980751225,-0.0048651304477712,1,True,False,False
20220826,0.0,-0.00657515945297079,-0.013844605413222504,-0.08333333333333331,0.0,0.0,0,bad,0.3904442069605339,0.35128623645467905,0.25826955658478706,0.0037831208955079,1,True,False,False
20220829,0.0,-0.007502586518010206,-0.02008807718119458,-0.08333333333333331,0.0,0.0,0,bad,0.37563605408413525,0.35285070556263876,0.27151324035322594,-0.0073788647659368,0,True,False,False
20220830,0.0,-0.020513978196562976,-0.021234096154673737,-0.09999999999999998,0.0,0.0,0,bad,0.6217993729644677,0.19361537333172874,0.18458525370380352,-0.0173709484708437,0,True,False,False
20220831,0.0,-0.03246476047791277,-0.020982287233837067,-0.09999999999999998,0.0,0.0,0,bad,0.6311410403244702,0.2302891183135293,0.13856984136200068,-0.0056917562864604,0,True,False,False
20220901,0.0,-0.025066940433652263,-0.016737712715523656,-0.11666666666666664,0.0,0.0,0,bad,0.4769477893056394,0.2716778079777896,0.25137440271657113,0.0057822092114183,1,True,False,False
20220902,0.0,-0.03024410860566745,-0.021091011808735842,-0.11666666666666664,0.0,0.0,2,good,0.32426043492083156,0.19300105234399662,0.4827385127351719,0.0101697106274254,2,True,False,False
20220905,0.0,-0.0390177360364672,-0.022149238036573114,-0.13333333333333341,0.0,0.0,2,good,0.3247147795509977,0.21815249089181324,0.4571327295571891,0.017691882996476,2,True,False,False
20220906,0.0,-0.029303039842420567,-0.02155908535811496,-0.08333333333333331,0.0,0.0,2,good,0.2358361730936735,0.22617830748442366,0.5379855194219029,0.0104221486591174,2,True,False,False
20220907,0.0,-0.04497255097740425,-0.029783664239499835,-0.09166666666666662,0.0,0.0,1,neutral,0.23156116028008392,0.47172644512891815,0.296712394590998,-0.0020884608538691,1,True,False,False
20220908,0.0,-0.02994983851285205,-0.01953485350880274,-0.07499999999999996,0.0,0.0,0,bad,0.5789555902049516,0.2707617039601435,0.15028270583490494,-0.0149289115555698,0,True,False,False
20220909,0.0,-0.04281802493447041,-0.026107265296882974,-0.07500000000000001,0.0,0.0,0,bad,0.5665558916384299,0.33724194272481955,0.09620216563675048,-0.0031110539754099,1,True,False,False
20220913,0.0,-0.03579366832341576,-0.02584016303918002,-0.08333333333333337,0.0,0.0,0,bad,0.5442196003834958,0.27789918687537446,0.17788121274112967,-0.0060878586431057,0,True,False,False
20220914,0.0,-0.04169984091335729,-0.026401594482166578,-0.09166666666666662,0.0,0.0,0,bad,0.5448357295173277,0.32471658869973125,0.13044768178294097,-0.006497944410138,0,True,False,False
20220915,0.0,-0.04352810547486546,-0.027911342634030153,-0.06666666666666665,0.0,0.0,0,bad,0.6166626300775081,0.23493669929107358,0.14840067063141835,-0.0162862795457184,0,True,False,False
20220916,0.0,-0.0556349914451789,-0.03246312624953924,-0.050000000000000044,0.0,0.0,0,bad,0.6847813791891738,0.1323402242368052,0.18287839657402113,-0.0122388422623012,0,True,False,False
20220919,0.0,-0.05601009627265663,-0.025156701080217454,-0.04999999999999999,0.0,0.0,0,bad,0.45108862631894747,0.12991189689690988,0.4189994767841426,0.011353615831542,2,True,False,False
20220920,0.0,-0.05423323644155921,-0.027871195181522528,-0.05833333333333335,0.0,0.0,2,good,0.17743465107599696,0.11169899974772364,0.7108663491762793,0.0164419806481661,2,True,False,False
20220921,0.0,-0.05414024291510562,-0.024821022574123615,-0.041666666666666685,0.0,0.0,2,good,0.1577117303164927,0.11161967891669429,0.730668590766813,0.0090915231783917,2,True,False,False
20220922,0.0,-0.06509198472819568,-0.03214685007164849,-0.08333333333333337,0.0,0.0,2,good,0.3530209130450907,0.20020792342696703,0.4467711635279422,-0.0101106256802379,0,True,False,False
20220923,0.0,-0.05745685429187357,-0.02699803033573709,-0.07500000000000001,0.0,0.0,0,bad,0.6521607817274566,0.2051408409434016,0.14269837732914192,-0.0090984900610513,0,True,False,False
20220926,0.0,-0.04554683421370971,-0.020350706970186865,-0.050000000000000044,0.0,0.0,0,bad,0.5043196455614601,0.3241618554391314,0.1715184989994083,0.0010780185778801,1,True,False,False
20220927,9.81105823373415e-05,-0.026102837279699323,-0.0047529274332557825,0.0,0.0,9.81105823373415e-05,0,bad,0.5109294607701881,0.2034750933855282,0.28559544584428365,-0.0060514136958373,0,True,False,False
20220928,3.3864498919713526e-05,-0.02467875148074518,-0.0033661622784785412,0.016666666666666663,0.0,3.3864498919713526e-05,0,bad,0.5969423264672354,0.19704325468149667,0.20601441885126795,-0.014989071781571,0,True,False,False
20220929,9.063662425618196e-05,-0.022835495730537114,-0.0019290962564273983,0.016666666666666663,0.0,9.063662425618196e-05,0,bad,0.5236405000481426,0.16999885266935422,0.3063606472825032,-0.0110715733955704,0,True,False,False
20220930,8.559535604140896e-05,-0.020475201688217648,0.00486264563024974,0.024999999999999967,0.0,8.559535604140896e-05,0,bad,0.5325757273903641,0.11844416359307323,0.3489801090165627,-0.0127100405237473,0,True,False,False
20221010,7.661679204006559e-05,-0.021536816948414653,-0.0011016926513170086,0.024999999999999967,0.0,7.661679204006559e-05,2,good,0.35751014812334714,0.12048185762969123,0.5220079942469616,0.0164036065750111,2,True,False,False
20221011,0.0,-0.026614049593750397,-0.00829298628566888,0.04166666666666674,0.0,0.0,2,good,0.13743453215767093,0.08579516560777897,0.7767703022345501,0.020244096707604,2,True,False,False
20221012,0.0,-0.02397596858389786,-0.004907923118396371,0.025000000000000022,0.0,0.0,2,good,0.1367473879650807,0.10343712662771713,0.7598154854072022,0.0154813466408673,2,True,False,False
20221013,4.704555089781928e-05,-0.0019380839942931133,0.008572556846387209,0.025000000000000022,0.0,4.704555089781928e-05,2,good,0.174112495856114,0.12488317773884129,0.7010043264050447,0.0178894964757729,2,True,False,False
20221014,0.0,-0.01028177708575044,0.00925846695029094,0.050000000000000044,0.0,0.0,2,good,0.13998422605880162,0.20239852722426876,0.6576172467169296,0.0156095967078422,2,True,False,False
20221017,0.004114711293537681,0.006835538746147028,0.018372790626382918,0.04999999999999993,0.003987397601919099,9.473396996199067e-05,1,neutral,0.20874661575694636,0.42526291870458255,0.3659904655384712,0.0088938247496683,1,True,False,False
20221018,0.0018754549590684615,0.00305513056164778,0.013061219773187823,0.041666666666666574,0.0017567000729474733,0.00010436501474313484,1,neutral,0.21666310395420335,0.5773492554169506,0.20598764062884614,-0.0001026521156742,1,True,False,False
20221019,0.0031602584176590675,0.00543155431181086,0.012659610525377969,0.04999999999999999,0.0030778807766928206,5.651260286901701e-05,1,neutral,0.33759207478556197,0.49458471583883196,0.1678232093756059,-0.0038438172899526,1,True,False,False
20221020,0.007216063945867329,0.012595552063466464,0.015109710877335238,0.03333333333333327,0.007137479502630996,2.2756629239183593e-05,0,bad,0.5465422150708682,0.30854714954492385,0.14491063538420793,-0.0098371315484796,0,True,False,False
20221021,0.012661683815524875,0.022060710080825312,0.014988078840901973,0.04999999999999999,0.01250106904580101,6.694729632955205e-05,0,bad,0.5831981373439131,0.22089631158674963,0.19590555106933724,-0.0126910463193234,0,True,False,False
20221024,0.010088329866764093,0.018760065410492577,0.014095467681712345,0.03333333333333338,0.010005368218929377,0.0,0,bad,0.6251629811578151,0.25295057547712574,0.121886443365059,-0.0068076454650387,0,True,False,False
20221025,0.01232839914507999,0.022526775836452056,0.011285691981623231,0.058333333333333404,0.0122020035780782,2.5861544377795844e-05,0,bad,0.4561294005355146,0.19591482523171244,0.34795577423277296,0.0178429498064103,2,True,False,False
20221026,0.010858731058637687,0.018468480336140455,0.007032477422780145,0.06666666666666671,0.01077328019608193,5.005169243351163e-07,2,good,0.1650475143350628,0.2059376363768578,0.6290148492880794,0.0128356565892678,2,True,False,False
20221027,0.023198488716111076,0.042324135083141354,0.016853883917166152,0.07500000000000001,0.022925573170034904,6.873429172726814e-05,2,good,0.355855217926074,0.25643169920170455,0.38771308287222145,-0.0181701995893045,0,True,False,False
20221028,0.019015337389869026,0.03424018858565699,0.009395648315628818,0.08333333333333331,0.01883210372211135,1.025875957333647e-05,0,bad,0.7380919590967084,0.15640669627399909,0.10550134462929246,-0.0083472718963411,0,True,False,False
20221031,0.016845580523471546,0.030307437538065068,0.008803832461407018,0.08333333333333331,0.01666909064593579,2.3234052469953012e-05,2,good,0.2925613374030668,0.16234335004675463,0.5450953125501785,0.0142205511776018,2,True,False,False
20221101,0.012475496930311152,0.023751581315883157,0.015726721716870486,0.04999999999999993,0.01227165034653963,8.095888520823929e-05,2,good,0.17815315277996374,0.19424077630160264,0.6276060709184336,0.0243045533326242,2,True,False,False
20221102,0.01213667809545311,0.023080405085075768,0.013952324689995837,0.04999999999999993,0.011924875960622479,9.741532256513786e-05,2,good,0.12089581002334569,0.3767312812750458,0.5023729087016084,0.0022718683855787,1,True,False,False
20221103,0.012031606733781394,0.025473373467083636,0.014565218558855453,0.050000000000000044,0.01188757428463903,1.4166827012630274e-05,1,neutral,0.1631946448479184,0.5328418731482122,0.3039634820038696,0.0089514934889447,1,True,False,False
20221104,0.010507662859720903,0.021000053126003525,0.015184405283230413,0.05833333333333324,0.010325026120285064,7.676056421749817e-05,1,neutral,0.1750713344012635,0.527259806862149,0.2976688587365876,0.0082539272267697,1,True,False,False
20221107,0.01571850032265094,0.034971621810176094,0.01858813465017798,0.05833333333333335,0.015445799632827774,0.00010997359273492956,2,good,0.10470955084916073,0.34866190080063575,0.5466285483502036,0.0140870317514712,2,True,False,False
20221108,0.017877398088972922,0.043327391899539755,0.013470844613924705,0.05833333333333335,0.017692018358978732,2.1607208362725946e-05,1,neutral,0.1430180616943506,0.5360001041387705,0.32098183416687887,0.003675444201488,1,True,False,False
20221109,0.01620553263512137,0.03506267978607236,0.0063708736066162945,0.07500000000000007,0.016070394901949833,6.290782687113456e-07,1,neutral,0.24849804722906593,0.5463838322898507,0.20511812048108338,0.0,1,True,False,False
20221110,0.005371968767611221,0.010499093457035626,-0.0026990082933285135,0.07499999999999996,0.005337039173993109,0.0,1,neutral,0.3782757697917473,0.4470822478199953,0.17464198238825732,-0.0008033883126996,1,True,False,False
20221111,0.0020462386032654356,0.003810979804783468,-0.009320690462387074,0.04999999999999999,0.0020325225625511833,0.0,0,bad,0.45375093677577316,0.3239322068164955,0.22231685640773138,-0.0115637587091949,0,True,False,False
20221114,0.0,-0.0028644222163562265,-0.006496740482945277,0.04999999999999999,0.0,0.0,0,bad,0.3643659596085083,0.3368585236798295,0.298775516711662,0.025747097727392,2,True,False,False
20221115,0.0,-0.0037396649174799576,-0.012397133501517315,0.06666666666666671,0.0,0.0,2,good,0.13854688913862986,0.39251909127031454,0.46893401959105563,0.0078452090528938,1,True,False,False
20221116,0.000947577552385127,0.0016379597128875663,-0.007652425684732862,0.07500000000000001,0.0009418268349103506,0.0,1,neutral,0.15331126898464886,0.46541713065953877,0.38127160035581226,-0.001021346615051,1,True,False,False
20221117,0.0,-0.0070958758821509545,-0.012593982473614764,0.07500000000000001,0.0,0.0,1,neutral,0.3419233093044958,0.41788737968741224,0.24018931100809196,-0.0012031877860211,1,True,False,False
20221118,0.0,-0.013904347217117637,-0.01694648883567751,0.041666666666666685,0.0,0.0,0,bad,0.455632247181517,0.33177357890052583,0.2125941739179573,-0.0061000158398347,0,True,False,False
20221121,0.0,-0.009442222938925902,-0.011606192537750748,0.09166666666666673,0.0,0.0,1,neutral,0.33264882233329307,0.5027722134361329,0.16457896423057403,0.0081625372124282,1,True,False,False
20221122,0.0,-0.008770156346482962,-0.011527238409824652,0.07500000000000001,0.0,0.0,1,neutral,0.204402749920781,0.5306669962288885,0.2649302538503305,-0.0034044655799097,1,True,False,False
20221123,0.0,-0.011345361055687432,-0.016684558049847364,0.05833333333333329,0.0,0.0,1,neutral,0.377324592621777,0.4009253364213992,0.22175007095682386,0.0064432255703815,1,True,False,False
20221124,0.0,-0.020890047453451875,-0.013648849573901297,0.06666666666666665,0.0,0.0,1,neutral,0.18627827960755666,0.42301398953147157,0.3907077308609718,0.0307595802113283,2,True,False,False
20221125,0.0,-0.017308145552175747,-0.01478199202722665,0.025000000000000022,0.0,0.0,1,neutral,0.15326534447945886,0.4313443649011005,0.41539029061944066,0.0111366618542664,2,True,False,False
20221128,0.0,-0.0249289422314171,-0.019648006765777215,0.01666666666666672,0.0,0.0,1,neutral,0.19681921906224178,0.4285606049553337,0.3746201759824245,0.0083396214361072,1,True,False,False
20221129,0.0,-0.03235319835466777,-0.017482341765558126,0.0,0.0,0.0,1,neutral,0.35324463071942597,0.4283739823895451,0.21838138689102882,0.0009637565695008,1,True,False,False
20221130,0.0,-0.035094457022681214,-0.019604271752060348,0.0,0.0,0.0,1,neutral,0.3268144748653393,0.4526075910738923,0.2205779340607683,-0.0024682113776041,1,True,False,False
20221201,0.0,-0.03591017866177474,-0.017302111544156264,0.008333333333333304,0.0,0.0,1,neutral,0.3628112947021,0.44945608254699776,0.1877326227509021,-0.0006449536615606,1,True,False,False
20221202,0.0,-0.03440020156488077,-0.01240196227585133,-0.008333333333333415,0.0,0.0,1,neutral,0.3099718027980061,0.5072759520440027,0.18275224515799116,0.0089989212331635,1,True,False,False
20221205,4.671560045028973e-06,-0.03737024517045673,-0.009767044860278943,-0.008333333333333304,0.0,4.671560045028973e-06,1,neutral,0.3151416998433558,0.5054115292132515,0.17944677094339267,-0.0131280345949053,0,True,False,False
20221206,0.0,-0.045515164200960245,-0.018293144846323016,-0.050000000000000044,0.0,0.0,1,neutral,0.40010576037244305,0.4531495265025395,0.14674471312501752,-0.000417877110813,1,True,False,False
20221207,0.0,-0.039144037631959915,-0.014664417750445321,-0.04999999999999999,0.0,0.0,1,neutral,0.2817236742171113,0.580963194464105,0.13731313131878373,0.0041621643345943,1,True,False,False
20221208,2.8831918106239634e-06,-0.02550391334545445,-0.00768229434331269,-0.050000000000000044,0.0,2.8831918106239634e-06,1,neutral,0.2659511803545285,0.5301547952315688,0.20389402441390264,0.0033741105675242,1,True,False,False
20221209,0.0,-0.016430054611005513,-0.004223698383858424,-0.033333333333333326,0.0,0.0,1,neutral,0.3901251384004268,0.46323627457519284,0.14663858702438032,-0.0064912341857213,0,True,False,False
20221212,0.0,-0.01935187103527447,-0.0034555796218653425,-0.025000000000000022,0.0,0.0,1,neutral,0.3374315793483995,0.5698579249065756,0.09271049574502489,0.0035040733672435,1,True,False,False
20221213,4.475959485148348e-05,-0.012440673396069135,-0.002191377035995386,-0.00833333333333336,0.0,4.475959485148348e-05,1,neutral,0.28658916889047525,0.5906859690216077,0.1227248620879169,-0.0027515160267667,1,True,False,False
20221214,1.0979778826646226e-05,-0.02279506224661776,-0.007161123611740168,-0.00833333333333347,0.0,1.0979778826646226e-05,1,neutral,0.3434042806215957,0.5396973575915516,0.11689836178685276,-0.0038019298964514,1,True,False,False
20221215,0.0,-0.02048310263974018,-0.008914771856584033,-0.025000000000000078,0.0,0.0,1,neutral,0.3608072449999588,0.5456441758700117,0.09354857913002945,-0.0025985537993294,1,True,False,False
20221216,4.993761723040255e-06,-0.006139345454924412,0.0007253975878131853,-5.551115123125783e-17,0.0,4.993761723040255e-06,0,bad,0.5481858006587665,0.3049583880958665,0.14685581124536687,-0.0109764789727528,0,True,False,False
20221219,0.0,-0.014298502161744258,-0.0019664613906578143,-0.03333333333333344,0.0,0.0,0,bad,0.48664389546831666,0.3979086429653178,0.11544746156636564,-0.0113893553944196,0,True,False,False
20221220,2.755192781680975e-06,-0.010120960322603085,0.0021658524751431533,-0.03333333333333327,0.0,2.755192781680975e-06,0,bad,0.49208426229112257,0.3790540918703203,0.12886164583855722,-0.0046695279987837,1,True,False,False
20221221,2.8943510358674247e-05,-0.004585319879207999,0.002100045591029682,-0.024999999999999967,0.0,2.8943510358674247e-05,0,bad,0.5522386986573103,0.2833853420030699,0.1643759593396198,-0.015274655797388,0,True,False,False
20221222,2.8530313013898675e-05,-0.007458414917925597,0.0014739639421908132,-0.03333333333333327,0.0,2.8530313013898675e-05,0,bad,0.4281744475761056,0.23623255665774043,0.335592995766154,0.0145450509136936,2,True,False,False
20221223,3.278131299559082e-06,-0.0037185266534494957,0.0034407168352377573,-0.008333333333333304,0.0,3.278131299559082e-06,2,good,0.09871118520326273,0.3001315227777082,0.6011572920190289,0.0020358662570762,1,True,False,False
20221226,7.674393368446452e-05,0.00010971669365567038,0.001152787971992253,0.0,7.131585087618574e-05,5.382525627942349e-06,0,bad,0.44386197139046984,0.401561122058964,0.15457690655056616,0.004684145202594,1,True,False,False
20221227,0.00545035311840044,0.008961208540565424,0.010114041798370166,0.0,0.005376725124339256,6.0353427073767785e-05,0,bad,0.41705356045539715,0.20595860852778528,0.37698783101681765,-0.0106408587139499,0,True,False,False
20221228,0.009156321180962549,0.015170661979146405,0.012307660063980652,0.0,0.009102397187487845,2.1609471930904907e-05,0,bad,0.45764089254073587,0.3863819248107501,0.1559771826485139,-0.002059788093068,1,True,False,False
20221229,0.008827130661916545,0.014022920274493181,0.01107698461193263,-0.008333333333333304,0.008764325171558238,3.273564908753428e-05,0,bad,0.3888304369060828,0.3593630588908934,0.25180650420302364,0.004315812600125,1,True,False,False
20221230,0.011461384206306564,0.016843127331755116,0.0166009579180391,0.041666666666666685,0.011369110948934703,5.625655242610131e-05,2,good,0.236258474024441,0.3746858320840714,0.3890556938914876,0.0104973337071672,2,True,False,False
20230103,0.007555417177001755,0.011674180649058487,0.011485024410597474,-0.008333333333333415,0.007490932583145862,3.98861187053127e-05,2,good,0.1961565360822187,0.2594294571518318,0.5444140067659495,0.0118971520348007,2,True,False,False
20230104,0.010876533098317275,0.01711748461011351,0.005483175895811321,0.03333333333333327,0.010841073586405223,0.0,1,neutral,0.1870500660663644,0.49713276853981514,0.31581716539382043,-0.0047169243005032,1,True,False,False
20230105,0.005299802643444367,0.008023502659766108,-0.00251984148920172,0.024999999999999967,0.005282139251012687,0.0,1,neutral,0.34622412965228316,0.4987003939627688,0.15507547638494798,0.0018513110260917,1,True,False,False
20230106,0.00808465721109982,0.012541562200918345,0.006947746974952892,0.024999999999999967,0.008047502412255938,0.0,0,bad,0.48847486686876423,0.34800822503950446,0.16351690809173136,-0.0053956593980946,0,True,False,False
20230109,0.010516741573153899,0.017679098155903072,0.013883601380991503,0.008333333333333304,0.010460133075575983,8.083006758962775e-07,1,neutral,0.4072727726433074,0.48787682319037917,0.10485040416631329,0.004735148903047,1,True,False,False
20230110,0.009659980086658183,0.016451364418439734,0.011609457313456011,-0.016666666666666607,0.009596629244089843,1.0975087490681775e-05,1,neutral,0.18623937821237274,0.6025999256591719,0.21116069612845542,0.0015578408640339,1,True,False,False
20230111,0.013637075168566147,0.02480804850422058,0.019321323451765036,-0.024999999999999967,0.01343769293978615,0.00011491569362994785,0,bad,0.4565092870829949,0.38013911445704585,0.16335159845995925,-0.0044820168853103,1,True,False,False
20230112,0.013423946134801079,0.024476728303521468,0.011203255641406045,-0.024999999999999967,0.01325822783107413,8.176057436560846e-05,1,neutral,0.33622455039567617,0.5291274168059408,0.13464803279838292,-0.0041089355852834,1,True,False,False
20230113,0.015696966203318452,0.030132417040272176,0.012368387189026515,0.0,0.01556841547080729,2.638656886836499e-05,0,bad,0.47385645402910964,0.39539618671213733,0.13074735925875314,0.002462019281729,1,True,False,False
20230116,0.011655214509396291,0.022731774243026748,0.01336484369978785,-0.00833333333333336,0.011555318573538595,2.7831705707317563e-05,1,neutral,0.3675291502426526,0.43000709570407747,0.20246375405326986,-0.0096954848378463,0,True,False,False
20230117,0.015425440940568046,0.03331717673752743,0.01831496551526953,-0.008333333333333304,0.01527037267136674,4.726514109473474e-05,1,neutral,0.39093200377427273,0.4290319005823674,0.18003609564335984,-0.0043508178237884,1,True,False,False
20230118,0.014661158020117675,0.03479657816091553,0.021260348561964126,0.0,0.014498574233714805,3.103194497161006e-05,0,bad,0.4280480586324909,0.42203595152288587,0.14991598984462334,0.0023111993117291,1,True,False,False
20230119,0.012837216030225205,0.03458222707161651,0.018540142052288044,-0.033333333333333326,0.012680149926259389,2.3966507915762214e-05,1,neutral,0.3576232881782837,0.4234089588852593,0.21896775293645707,0.0015100842934833,1,True,False,False
20230120,0.013073569425379402,0.040624723021689985,0.02093166343685371,-0.03333333333333344,0.012864495623535156,5.24387204726791e-05,0,bad,0.376729054119578,0.3414954217116285,0.28177552416879353,0.0107463661588637,2,True,False,False
20230130,0.010459949491178096,0.038561776321690625,0.018575669705598652,-0.03333333333333355,0.01028314035245083,2.093475217126878e-05,2,good,0.22238371623898537,0.3176496585864484,0.4599666251745663,0.0133924609490412,2,True,False,False
20230131,0.009392540408013761,0.042419847033184604,0.017258728850595907,-0.033333333333333215,0.009190966857190003,3.7268152391297216e-05,2,good,0.09810101248976731,0.4398178169598407,0.46208117055039205,0.0191023379587445,2,True,False,False
20230201,0.0046479996227689335,0.0182904255362661,0.0041076347746795,-0.050000000000000155,0.004572606384066525,0.0,1,neutral,0.12927401028787006,0.46867486731695274,0.4020511223951772,0.0005362374115173,1,True,False,False
20230202,0.003632252994006218,0.014305816320159148,0.002591948992111834,-0.050000000000000155,0.003576454080039787,0.0,1,neutral,0.3005493290780644,0.5100508821251181,0.18939978879681765,0.0021992951018513,1,True,False,False
20230203,0.002506836589526487,0.011351300342111376,-0.0012658294494359845,-0.06666666666666665,0.002459448407457465,0.0,1,neutral,0.19459501470881024,0.662839170652584,0.14256581463860574,-0.0048492918756635,1,True,False,False
20230206,0.0005201020001223628,0.0023530639987086877,-0.003111886993973835,-0.10000000000000009,0.000509830533053549,0.0,1,neutral,0.23110047748575316,0.6359423254922817,0.13295719702196504,-0.0005441995641055,1,True,False,False
20230207,0.00028623504445372084,0.001055588402291474,-0.008959734699330944,-0.050000000000000044,0.0002814902406110598,0.0,1,neutral,0.28327770881160913,0.5792288656578445,0.13749342553054644,-0.0047943186910923,1,True,False,False
20230208,0.00033832158815462075,0.0012091089148128092,-0.014306518854812376,-0.09166666666666667,0.0003325049515735226,0.0,1,neutral,0.30778039282713765,0.5697493798898824,0.12247022728298004,0.0019569594584125,1,True,False,False
20230209,0.0027397007992785204,0.00952050831215253,-0.014388490305855095,-0.08333333333333337,0.0026974773551098835,0.0,1,neutral,0.2774736166008422,0.5643499862501187,0.1581763971490392,-0.001652488840243,1,True,False,False
20230210,0.001072415714911901,0.003733281369027029,-0.009784318040955586,-0.08333333333333337,0.0010577630545576583,0.0,1,neutral,0.2569985918959609,0.5470247413715146,0.1959766667325245,0.003407693998959,1,True,False,False
20230213,0.0,-0.01062610625298873,-0.015201553838040413,-0.08333333333333326,0.0,0.0,1,neutral,0.1979880318232726,0.6017051924217253,0.2003067757550022,0.001724607968711,1,True,False,False
20230214,0.0,-0.01138138991343881,-0.0169047155119915,-0.08333333333333326,0.0,0.0,1,neutral,0.22349099355886445,0.6271473197795285,0.14936168666160707,-0.000144142700846,1,True,False,False
20230215,0.0,-0.023630486329657654,-0.018921346603826755,-0.1166666666666667,0.0,0.0,1,neutral,0.3892627397106072,0.46657309680294906,0.1441641634864438,-0.0063927611306959,0,True,False,False
20230216,0.0,-0.02012752071696229,-0.020875715720791388,-0.10833333333333339,0.0,0.0,1,neutral,0.29934176162801424,0.5917435947578925,0.1089146436140932,-0.0018432968959865,1,True,False,False
20230217,0.0,-0.022345427593895354,-0.019379686593484418,-0.1166666666666667,0.0,0.0,1,neutral,0.3393704204549844,0.4944453782472946,0.16618420129772093,0.0020477243063488,1,True,False,False
20230220,0.0,-0.03652264031253012,-0.029761105616776216,-0.11666666666666675,0.0,0.0,1,neutral,0.3097501095773068,0.5102343528481442,0.18001553757454897,0.0029399982275123,1,True,False,False
20230221,0.0,-0.04672129569382584,-0.031811961488527885,-0.11666666666666675,0.0,0.0,1,neutral,0.24425970009369363,0.5329395029288688,0.22280079697743763,-0.0027192847805338,1,True,False,False
20230222,0.0,-0.05911137548025196,-0.036748709108336275,-0.1750000000000001,0.0,0.0,1,neutral,0.35546899143256205,0.48262478589071406,0.16190622267672397,-0.0021937484614129,1,True,False,False
20230223,0.0,-0.06282232174774893,-0.03835547038779589,-0.15833333333333333,0.0,0.0,0,bad,0.4575634160298817,0.4041314520272649,0.13830513194285354,-0.0071101635433877,0,True,False,False
20230224,0.0,-0.06156472721960997,-0.03064421322042001,-0.1166666666666667,0.0,0.0,0,bad,0.5340368646185266,0.3415636909047179,0.12439944447675558,-0.0051641334044656,0,True,False,False
20230227,0.0,-0.06403996282217643,-0.031146677680204387,-0.1166666666666667,0.0,0.0,0,bad,0.4447699652578345,0.4395812692546088,0.11564876548755655,0.0022541758620177,1,True,False,False
20230228,0.0,-0.06412909418283175,-0.028327974904093355,-0.11666666666666664,0.0,0.0,1,neutral,0.39273536441593043,0.4636400144401245,0.1436246211439451,0.0079845723064591,1,True,False,False
20230301,0.0,-0.05436203109555243,-0.02645978197039302,-0.09999999999999998,0.0,0.0,2,good,0.3319862184035132,0.3277736259650337,0.3402401556314531,0.0090709091715799,2,True,False,False
20230302,0.0,-0.056034960812561915,-0.026688013669945738,-0.09999999999999998,0.0,0.0,0,bad,0.37316136769927366,0.3493478272055594,0.27749080509516694,-0.0069214045643768,0,True,False,False
20230303,0.0,-0.057646572826588964,-0.02865873310252498,-0.08333333333333343,0.0,0.0,1,neutral,0.4133808805296608,0.4818640376349134,0.1047550818354258,0.0018195068876403,1,True,False,False
20230306,0.0,-0.052616209319256944,-0.022092978894738585,-0.07500000000000007,0.0,0.0,0,bad,0.5052570510333037,0.34627186813343325,0.14847108083326316,-0.0107423110954144,0,True,False,False
20230307,0.0,-0.044175022903407565,-0.016374677524869968,-0.05833333333333324,0.0,0.0,0,bad,0.5500580821098023,0.35474046681978927,0.09520145107040831,-0.0045175120373145,1,True,False,False
20230308,0.0,-0.03866201204616685,-0.014567151485307388,-0.016666666666666607,0.0,0.0,1,neutral,0.40917995626829085,0.42329743346770404,0.167522610264005,0.004716494517768,1,True,False,False
20230309,2.880965726678358e-07,-0.04090476675942488,-0.014474284782820776,-0.025000000000000022,0.0,2.880965726678358e-07,0,bad,0.5167271352411342,0.2774772839163507,0.2057955808425151,0.0007169436396451,1,True,False,False
20230310,1.2419812062381817e-05,-0.043631167706292384,-0.01096643842249471,-0.016666666666666663,0.0,1.2419812062381817e-05,0,bad,0.5374492479726467,0.3114747568296957,0.15107599519765763,-0.0054109001304803,0,True,False,False
20230313,8.599579091691599e-05,-0.026658230652242834,0.0019758612453429567,1.1102230246251565e-16,0.0,8.599579091691599e-05,0,bad,0.5675951413917114,0.3109347984567098,0.1214700601515789,-0.0069255082852771,0,True,False,False
20230314,7.638140347010235e-06,-0.03323826793736009,-0.005508251692715422,-0.016666666666666663,0.0,7.638140347010235e-06,0,bad,0.4420992409032294,0.4229185026065861,0.13498225649018453,-0.00157368332836,1,True,False,False
20230315,6.411978478867975e-05,-0.02318893413769814,0.002762810955313645,0.025000000000000078,0.0,6.411978478867975e-05,0,bad,0.5408527268744393,0.30965676219897814,0.1494905109265826,-0.0099451347572274,0,True,False,False
20230316,1.538562980531629e-05,-0.027184112442819187,-0.002611725493218659,-0.024999999999999967,0.0,1.538562980531629e-05,0,bad,0.49601466906970254,0.3984714634537782,0.10551386747651931,-0.004241178270206,1,True,False,False
20230317,9.91527136994614e-06,-0.026096977064546938,-0.0001298698525802125,-0.024999999999999967,0.0,9.91527136994614e-06,0,bad,0.4666868429480935,0.37385781611866353,0.15945534093324293,0.0050599650106263,1,True,False,False
20230320,0.0,-0.016032804032462485,-0.0012518171554638524,-0.05833333333333324,0.0,0.0,2,good,0.1604140089119255,0.2924341003218692,0.5471518907662054,0.0111386753925721,2,True,False,False
20230321,2.317395881373462e-05,-0.005939637192248368,0.005166391347952808,-0.03333333333333338,0.0,2.317395881373462e-05,2,good,0.17265896239260994,0.3155183839680548,0.5118226536393351,0.0116446390377298,2,True,False,False
20230322,0.0021229658736625833,0.003628981704413819,0.007200338197408803,0.016666666666666607,0.002116905994241394,2.835566916575254e-06,1,neutral,0.2754303215761672,0.5029713136245052,0.22159836479932757,-0.0013572839924626,1,True,False,False
20230323,0.002491033572557032,0.004502639770122458,0.002931132375914766,0.016666666666666607,0.0024764518735673523,1.157305261893428e-05,1,neutral,0.41223361546053683,0.4580222566998057,0.1297441278396575,-0.0040728296650582,1,True,False,False
20230324,0.0035898178833674676,0.006812323800146514,0.009554754256964115,-0.016666666666666774,0.0035197006300756984,6.330339255010042e-05,0,bad,0.5536955357409395,0.28428775059806993,0.1620167136609905,-0.0061435696004523,0,True,False,False
20230327,0.006450765091161999,0.01299668902858638,0.011325779893714935,0.008333333333333415,0.006390038772388304,5.020891875094224e-05,0,bad,0.4748404720984347,0.4400729477049311,0.08508658019663409,-0.001547014612147,1,True,False,False
20230328,0.008731417734089841,0.019195959008097913,0.016117533405089313,-1.1102230246251565e-16,0.00863818155364406,7.276086421550018e-05,0,bad,0.5040975098587976,0.3630330817758751,0.1328694083653272,-0.00679390417789,0,True,False,False
20230329,0.006203008198324703,0.012334767598045564,0.008142114210914781,0.0,0.006167383799022782,1.6663207783745843e-05,1,neutral,0.4336271662266257,0.46305016487659023,0.10332266889678414,-0.0116337162347221,0,True,False,False
20230330,0.012799242881138944,0.02404222617101317,0.015672213451162525,0.024999999999999967,0.01262216873978191,0.00012902650850971876,0,bad,0.48767742689456584,0.3134501452552208,0.19887242785021333,0.0012890908077708,1,True,False,False
20230331,0.014167814285886999,0.02966613446946744,0.014606811958626063,0.02499999999999991,0.014091413872997035,2.395758563824593e-05,1,neutral,0.3410727489954916,0.4253153347440278,0.23361191626048064,0.0193125141896444,2,True,False,False
20230403,0.01205577972635755,0.026624302805695,0.014252560678061282,-1.1102230246251565e-16,0.011980936262562749,2.9893839462111996e-05,1,neutral,0.2574683662643398,0.5441801248060143,0.1983515089296458,0.0089023260310028,1,True,False,False
20230404,0.01612301318591984,0.03662667102675382,0.02587260458594302,-0.01666666666666672,0.015871557444926656,0.00015504030798400045,0,bad,0.3967213174092965,0.35709280860364184,0.24618587398706165,-0.0108700181730539,0,True,False,False
20230406,0.014416087104126313,0.03345376069254523,0.019791225905157212,-0.008333333333333415,0.01421784829433172,0.00010258447647324053,1,neutral,0.38822099513086816,0.4532098579567774,0.1585691469123545,0.0059206845698976,1,True,False,False
20230407,0.015906625582074896,0.03930539832468864,0.02147173926460622,-0.016666666666666607,0.015722159329875456,7.132008255569641e-05,1,neutral,0.3009476747782971,0.5000752269441554,0.19897709827754745,0.0081028115765395,1,True,False,False
20230410,0.014426542153103475,0.03985181346746873,0.02115855469279152,-0.025000000000000022,0.014280233159176293,3.347950580432413e-05,1,neutral,0.27352205964961074,0.5048670263238696,0.2216109140265197,-0.0008375435266905,1,True,False,False
20230411,0.009700217153212821,0.026458334071363512,0.019008005557320927,-0.025000000000000022,0.00948090304223859,0.00011598209749207525,1,neutral,0.29778314086113156,0.3966295375105994,0.305587321628269,0.0151160690673804,2,True,False,False
20230412,0.012570716103211865,0.03245655356956201,0.013970060865382883,-0.01666666666666683,0.012441678868332098,0.0,2,good,0.13273823512539243,0.42199812246904,0.4452636424055675,0.0085585554296841,1,True,False,False
20230413,0.006950705444866508,0.020596148033709308,0.00861271397090842,-0.06666666666666665,0.006865382677903103,0.0,1,neutral,0.13333279159470646,0.5377666264251871,0.3289005819801064,-0.0036397632074453,1,True,False,False
20230414,0.007636056042246248,0.020124400859773742,0.0004888691701034897,-0.025000000000000133,0.007546650322415151,0.0,0,bad,0.4325487607200594,0.3868637060095336,0.1805875332704069,-0.0114342367005053,0,True,False,False
20230417,0.010407674661537004,0.03151189883678233,0.010329189639303996,-0.025000000000000133,0.010241367121954252,0.0,0,bad,0.42687622681909104,0.31566870204764624,0.2574550711332628,-0.0034342303154921,1,True,False,False
20230418,0.011080432545177307,0.03275863170761861,0.00814888724114719,0.016666666666666607,0.010919543902539538,0.0,1,neutral,0.2716986739307248,0.5697218795168142,0.15857944655246106,-0.0039719439470089,1,True,False,False
20230419,0.007179010338704608,0.0223116916075354,0.0035221367978812684,-0.033333333333333215,0.007065369009052878,0.0,1,neutral,0.2150978558558733,0.5862034174881594,0.19869872665596724,0.0004734573036555,1,True,False,False
20230420,0.008408548900757568,0.022610259347335997,0.005200564682407187,-0.01666666666666672,0.008290428427356533,1.0333971208807022e-05,1,neutral,0.22942683953588452,0.5532268742048428,0.21734628625927266,0.0029884099141823,1,True,False,False
20230421,0.012204920815988902,0.02857443117753511,0.005197260905211202,0.016666666666666607,0.011906012990639628,0.00013938182832157499,2,good,0.19606847768509822,0.39946039971382064,0.40447112260108126,-0.0017491683495734,1,True,False,False
20230424,0.008994303554045223,0.019422756184908314,0.003226782375064279,0.008333333333333193,0.008902096584749643,0.0,0,bad,0.38690706899780564,0.32462965726393717,0.2884632737382571,-0.0120825320248318,0,True,False,False
20230425,0.003110283059652852,0.006364419111490143,-0.007308214753120622,-0.01666666666666672,0.003076135903886902,0.0,0,bad,0.5436095534880163,0.3198865016338563,0.13650394487812728,-0.013012463734273,0,True,False,False
20230426,0.0,-0.0035262217712871413,-0.011338186022067029,-0.008333333333333415,0.0,0.0,0,bad,0.474015394318291,0.33791239662055755,0.18807220906115163,-0.0030344777338055,1,True,False,False
20230427,0.004711780853672888,0.009635128910640554,-0.005577268184333392,-0.01666666666666672,0.0046569789734762675,0.0,0,bad,0.36405984130953967,0.30940548080452973,0.3265346778859305,0.0214839231427256,2,True,False,False
20230428,0.0006974406085063493,0.0015034960061242782,-0.005107573955890454,-0.05833333333333329,0.0006891023361402942,0.0,2,good,0.1351604982873331,0.2879908061681355,0.5768486955445313,0.0175821735839925,2,True,False,False
20230504,0.0,-0.0009399271460364868,-0.007301172853745187,-0.05833333333333329,0.0,0.0,2,good,0.14299355067579197,0.39240380829802624,0.46460264102618165,0.0103228448340813,2,True,False,False
20230505,0.0,-0.016370326955340003,-0.02085210859121043,-0.08333333333333337,0.0,0.0,1,neutral,0.18737208175330963,0.44895726727620633,0.363670650970484,-0.0010491628404728,1,True,False,False
20230508,0.0,-0.03084856790308272,-0.022119195084007764,-0.08333333333333343,0.0,0.0,1,neutral,0.3983764310353066,0.43146581620491853,0.1701577527597748,-0.007080719748857,0,True,False,False
20230509,0.0,-0.02850631123389491,-0.022376911758390145,-0.09166666666666662,0.0,0.0,1,neutral,0.31887364265448853,0.5418806155744879,0.13924574177102356,-0.0035744690715215,1,True,False,False
20230510,0.0,-0.03349554578432377,-0.022968164985696295,-0.07500000000000012,0.0,0.0,1,neutral,0.3825619877574723,0.41245900376662237,0.20497900847590536,-0.0032049127887957,1,True,False,False
20230511,0.0,-0.03034153416931893,-0.01717637964050226,-0.07500000000000001,0.0,0.0,0,bad,0.4247493936970093,0.3261028882528164,0.24914771805017433,0.0113882049997588,2,True,False,False
20230512,1.5194936513121959e-05,-0.024993948932592817,-0.010209958773476392,-0.06666666666666665,0.0,1.5194936513121959e-05,1,neutral,0.3016300235625622,0.46110085708843385,0.23726911934900394,-0.0003347454178132,1,True,False,False
20230515,8.393928706155284e-06,-0.02113117862439849,-0.00843235554442516,-0.041666666666666574,0.0,8.393928706155284e-06,0,bad,0.43189829382633754,0.3592438335205254,0.20885787265313702,-0.0101505210874317,0,True,False,False
20230516,6.859583026351564e-05,-0.012001355911788206,-0.002519174301412741,-0.008333333333333304,0.0,6.859583026351564e-05,0,bad,0.4920310267223254,0.3507367424561576,0.15723223082151716,0.0001430791953937,1,True,False,False
20230517,0.00010322814673616363,4.76217087255551e-05,0.003286452134791451,0.00833333333333336,2.6588787371768266e-05,7.642791600148551e-05,1,neutral,0.3183934891335799,0.35666228012781703,0.324944230738603,0.0180168103308799,2,True,False,False
20230518,5.4739158101705304e-05,-0.010613273412294712,0.0033200931713145247,0.0,0.0,5.4739158101705304e-05,1,neutral,0.2720987840578841,0.48783140040313744,0.24006981553897835,-0.000255488419978,1,True,False,False
20230519,3.0244201713624537e-05,-0.016076563872498485,-0.0022745509311281244,-0.025000000000000078,0.0,3.0244201713624537e-05,0,bad,0.46250567326344333,0.33628719468938323,0.2012071320471735,-0.0069760383130773,0,True,False,False
20230522,1.8110683518696332e-05,-0.012019504442862157,-0.00069965680617547,0.016666666666666663,0.0,1.8110683518696332e-05,1,neutral,0.3587322636240341,0.5237274543386268,0.11754028203733916,0.0020228535039819,1,True,False,False
20230523,0.0,-0.018120338698746442,-0.003505774652648304,0.0,0.0,0.0,1,neutral,0.2044431395690487,0.599044256424418,0.19651260400653336,-0.0009585870684448,1,True,False,False
20230524,0.0,-0.021166070219093634,-0.005373197040776007,-0.016666666666666663,0.0,0.0,1,neutral,0.3126017339072385,0.5325807913899467,0.1548174747028148,0.0076649868692417,1,True,False,False
20230525,0.0,-0.018273366663734338,-0.001246342060121735,-0.016666666666666663,0.0,0.0,1,neutral,0.15990937160085572,0.6200520804079866,0.22003854799115768,0.0075834651032617,1,True,False,False
20230526,8.746894667065672e-06,-0.0036911679174533654,0.0037786228915428297,-0.008333333333333304,0.0,8.746894667065672e-06,1,neutral,0.21472386707075083,0.5169337515601624,0.26834238136908667,0.0064029553252408,1,True,False,False
20230529,0.0,-0.003704825952800436,-0.000136583886243824,-0.03333333333333338,0.0,0.0,1,neutral,0.16754501968429109,0.49198120312516386,0.340473777190545,0.0019065313848389,1,True,False,False
20230530,0.0,-0.0175728512022551,-0.006691749135678198,-0.03333333333333327,0.0,0.0,1,neutral,0.2198330376941299,0.5281308903355396,0.25203607197033046,-0.0006864616346888,1,True,False,False
20230531,7.030640471249522e-06,-0.013092788290564542,-0.0008889174105575944,-0.016666666666666607,0.0,7.030640471249522e-06,1,neutral,0.3121713160525038,0.43924773678448836,0.24858094716300777,0.0141242820287317,2,True,False,False
20230601,0.0,-0.011881733840177808,-0.0013050683448726143,-5.551115123125783e-17,0.0,0.0,1,neutral,0.14111281278612717,0.4545907644992317,0.40429642271464117,0.0076280617520129,1,True,False,False
20230602,0.002248885856881726,0.0039506099706366204,2.7146240012284814e-05,0.016666666666666663,0.0022386789833607514,0.0,1,neutral,0.14936962835532458,0.5044047968931037,0.34622557475157173,0.0073959891857423,1,True,False,False
20230605,0.0027526685390422624,0.00530358896589489,-0.002077027050026529,0.0,0.002740187632379026,0.0,1,neutral,0.15937435260610217,0.49419953164618785,0.34642611574771004,0.0021906790880084,1,True,False,False
20230606,0.0,-0.0030048571194493875,-0.01166257171047802,-0.016666666666666663,0.0,0.0,1,neutral,0.30204039518021164,0.4763601344795767,0.22159947034021174,-0.0017623700763533,1,True,False,False
20230607,0.0,-0.00272226751089949,-0.013705567052293682,-0.016666666666666663,0.0,0.0,1,neutral,0.3195618468714654,0.4836773846332772,0.19676076849525737,9.609990890596838e-06,1,True,False,False
20230608,0.0,-0.018324934701129,-0.024571944559352094,-0.04166666666666674,0.0,0.0,1,neutral,0.3629262997193907,0.4061683976608804,0.23090530261972886,-0.004679464223096,1,True,False,False
20230609,0.0,-0.027678976816090144,-0.027238264424043587,-0.09166666666666667,0.0,0.0,1,neutral,0.29661634473816423,0.5072472073536362,0.1961364479081995,0.0140832932962082,2,True,False,False
20230612,0.0,-0.02174959006420253,-0.01940877715939669,-0.09166666666666673,0.0,0.0,1,neutral,0.12963483180316487,0.46077823343342306,0.409586934763412,0.0070935404312231,1,True,False,False
20230613,0.0,-0.030379170282545533,-0.021680264624513,-0.10000000000000003,0.0,0.0,1,neutral,0.1462354872163887,0.6034514892921656,0.25031302349144574,-0.0026266058101754,1,True,False,False
20230614,0.0,-0.03376727159228169,-0.017317782551626172,-0.11666666666666664,0.0,0.0,1,neutral,0.33454439435240224,0.5138992627438461,0.1515563429037516,-0.0007706862488969,1,True,False,False
20230615,0.0,-0.03675120711898289,-0.0189488081147699,-0.14166666666666655,0.0,0.0,1,neutral,0.3635965493981993,0.4548125607341942,0.18159088986760646,-0.0097072828365231,0,True,False,False
20230616,0.0002564977702876784,-0.017414803146453106,-0.003973536377611775,-0.14166666666666655,0.0,0.0002564977702876784,1,neutral,0.27207538386241537,0.561254185317584,0.16667043082000058,-0.000333119837982,1,True,False,False
20230619,8.206728438604912e-05,-0.010676730989274241,0.004580218730270626,-0.15833333333333338,0.0,8.206728438604912e-05,1,neutral,0.16260456181819521,0.6514971073269048,0.18589833085489985,1.9584749649970146e-05,1,True,False,False
20230620,6.966178318932325e-05,-0.006774929553893787,0.004886503151048882,-0.15833333333333327,0.0,6.966178318932325e-05,1,neutral,0.2608188067544551,0.5670161520225893,0.17216504122295567,0.0042846315000644,1,True,False,False
20230621,6.461065622883072e-05,-0.002152568660904762,0.006518894281925869,-0.1499999999999999,0.0,6.461065622883072e-05,1,neutral,0.33329929586893375,0.47953242972111576,0.1871682744099506,-0.0100191903983756,0,True,False,False
20230626,8.384937591953208e-05,-0.013944428338146037,-0.0015152253476728068,-0.1499999999999999,0.0,8.384937591953208e-05,1,neutral,0.29561589107971525,0.5760556662070402,0.12832844271324448,0.0015285808252419,1,True,False,False
20230627,2.7260344556979285e-05,-0.011795911869436626,0.005983477846837171,-0.15833333333333327,0.0,2.7260344556979285e-05,1,neutral,0.3020595484339863,0.4587419202200987,0.23919853134591482,0.007795018182299,1,True,False,False
20230628,0.0,-0.016683646984084106,-0.002126090240954022,-0.13333333333333325,0.0,0.0,1,neutral,0.18670877363841992,0.6224866721336662,0.19080455422791384,0.0029022173362043,1,True,False,False
20230629,0.0,-0.010230432233565586,-0.0025979846818002805,-0.12499999999999994,0.0,0.0,0,bad,0.4006693364335499,0.38565746127252726,0.21367320229392292,0.0185944671787896,2,True,False,False
20230630,0.0,-0.019656940887446427,-0.006088868932147162,-0.14166666666666666,0.0,0.0,1,neutral,0.17409622069342764,0.49253545685905553,0.33336832244751696,0.0043174107678492,1,True,False,False
20230703,0.0,-0.015751449045241745,-0.0025987350758418515,-0.15833333333333333,0.0,0.0,1,neutral,0.17820382195557788,0.6808510586390344,0.14094511940538768,0.0042671730348052,1,True,False,False
20230704,0.0,-0.017989684325322185,-0.0022568460635112864,-0.14999999999999997,0.0,0.0,1,neutral,0.15718855133265616,0.6988765544707141,0.14393489419662972,0.0017076759969663,1,True,False,False
20230705,0.0,-0.016831851762129018,-0.0019400499264720476,-0.13333333333333336,0.0,0.0,1,neutral,0.35718140590961206,0.5255351749187431,0.1172834191716448,-0.0038127524887058,1,True,False,False
20230706,0.0,-0.007016986433329448,-0.001801355094718423,-0.11666666666666664,0.0,0.0,1,neutral,0.3504216915925046,0.5647294260293041,0.08484888237819138,-0.0004191297843125,1,True,False,False
20230707,0.0,-0.008283024349903429,-0.004704716509597084,-0.11666666666666664,0.0,0.0,1,neutral,0.4009563019967194,0.49468625818918527,0.10435743981409523,0.0030160890591907,1,True,False,False
20230710,0.0,-0.0003696833664284154,-0.00912657465574357,-0.09166666666666673,0.0,0.0,0,bad,0.4800267276224721,0.3848626156079814,0.13511065676954642,-0.0073909644340336,0,True,False,False
20230711,0.0047228939833308696,0.01122688067990302,-0.0024633821729662855,-0.06666666666666665,0.004677866949959591,0.0,0,bad,0.5806541459534861,0.3325250236243717,0.08682083042214211,-0.0051979004229822,0,True,False,False
20230712,0.0018409817989663345,0.004381781200801018,-0.0025566361610098545,-0.06666666666666665,0.001825742167000424,0.0,1,neutral,0.4004586919214207,0.498687265558291,0.1008540425202884,0.0004523685581649,1,True,False,False
20230713,0.0034490709307358177,0.0074683864217085505,-0.0033499460457321155,-0.05833333333333329,0.003423010443283086,0.0,0,bad,0.4642667407895828,0.38497609085848267,0.15075716835193465,0.0089350399168495,1,True,False,False
20230714,0.004012832441885947,0.008641958218427984,-8.966699942358769e-05,-0.05833333333333329,0.003960897516779493,2.2011703396303863e-05,1,neutral,0.2685409710767148,0.5764191100118532,0.1550399189114321,-0.0011609962385745,1,True,False,False
20230717,0.004005194511698005,0.00819205779949278,-0.0043562004974980195,-0.03333333333333338,0.003959494603088177,1.679700061196359e-05,1,neutral,0.38586169538558207,0.48842524150224337,0.12571306311217448,-0.0006242383774165,1,True,False,False
20230718,0.0,-0.008364736935482491,-0.005778220036207593,-0.016666666666666607,0.0,0.0,1,neutral,0.3487674234100724,0.5346195476611033,0.11661302892882427,0.0041038610572857,1,True,False,False
20230719,0.0,-0.016725063692645148,-0.005851597866079102,-0.016666666666666607,0.0,0.0,1,neutral,0.359008257022911,0.49537734386445237,0.1456143991126367,-8.654025696506473e-05,1,True,False,False
20230720,0.0,-0.023048029877372162,-0.01127940495994621,-0.025000000000000078,0.0,0.0,0,bad,0.48712093214434055,0.38226624995639064,0.13061281789926898,-0.0057509816731596,0,True,False,False
20230721,0.0,-0.02502132689840879,-0.01071838071825143,-0.03333333333333344,0.0,0.0,1,neutral,0.34972924447469417,0.5423582409574786,0.1079125145678273,0.002775089901485,1,True,False,False
20230724,0.0,-0.015762986570779902,-0.008461165008648925,-0.00833333333333336,0.0,0.0,1,neutral,0.385957713792506,0.48782057517664784,0.12622171103084612,0.0029803579518566,1,True,False,False
20230725,0.0,-0.0260801671140099,-0.010474215605788817,-0.00833333333333336,0.0,0.0,1,neutral,0.3287517731862053,0.5268251748114245,0.14442305200237007,0.0066857011020756,1,True,False,False
20230726,0.0,-0.016765987604003073,-0.009245431504533292,-0.00833333333333336,0.0,0.0,1,neutral,0.1308935151883134,0.6444869308538742,0.22461955395781227,-0.0027076225820246,1,True,False,False
20230727,5.194888514778063e-07,-0.013300695221314626,-0.0061092091102344,-0.00833333333333336,0.0,5.194888514778063e-07,1,neutral,0.27717822403445763,0.5903163963343255,0.13250537963121684,-0.0001671046239139,1,True,False,False
20230728,3.5918078545720128e-06,-0.00856899392127177,-0.005448381185620393,0.008333333333333304,0.0,3.5918078545720128e-06,1,neutral,0.34984818579769705,0.3835308490128099,0.266620965189493,0.0249539160026981,2,True,False,False
20230731,5.24840724126566e-06,-0.00990436745103209,-0.0035007914495087298,0.008333333333333304,0.0,5.24840724126566e-06,1,neutral,0.104176439112285,0.6299191435852924,0.2659044173024226,0.0012560466086577,1,True,False,False
20230801,1.1276903140833678e-05,-0.009053194883819948,-0.0027736056874161,0.008333333333333304,0.0,1.1276903140833678e-05,1,neutral,0.30982486824619526,0.5560930818804256,0.13408204987337924,0.0041065626579789,1,True,False,False
20230802,6.739685111914556e-06,-0.010690388087023977,-0.004415098460109901,0.016666666666666607,0.0,6.739685111914556e-06,1,neutral,0.25108555339237876,0.6260549188783759,0.12285952772924526,0.0076422737740981,1,True,False,False
20230803,6.351743091581632e-06,-0.007896558738366848,-0.001359605129581165,0.016666666666666607,0.0,6.351743091581632e-06,1,neutral,0.2432225647886043,0.5909150813021303,0.1658623539092655,-0.0004957267694472,1,True,False,False
20230804,0.0001585293441272118,0.00020892138487836175,0.003439554175311426,0.016666666666666774,0.00012883485400832308,2.9322816370308036e-05,1,neutral,0.31643145099183845,0.5543268585040343,0.1292416905041273,-0.0007280705615211,1,True,False,False
20230807,0.0054755803818419,0.009578258483274888,0.0075981445575269615,0.016666666666666663,0.005427679807189103,3.164650523172329e-05,0,bad,0.4904404005717662,0.4110463569336691,0.09851324249456477,-0.0082480361340806,0,True,False,False
20230808,1.794693070454496e-05,-0.0010801645247434282,0.004539020913496118,0.016666666666666774,0.0,1.794693070454496e-05,1,neutral,0.4513380625672976,0.4647796474249145,0.08388229000778795,-0.0067408968120645,0,True,False,False
20230809,7.327740655412221e-06,-0.0018868174172791963,0.003961512238674747,0.016666666666666607,0.0,7.327740655412221e-06,1,neutral,0.3452898954976146,0.5467787395586342,0.10793136494375116,-0.0020320494700909,1,True,False,False
20230810,0.001577895341015188,0.0023176404297674904,0.0075354365932496226,0.016666666666666607,0.0015450936198449937,2.9268016807360298e-05,1,neutral,0.3584145798598258,0.48285775521991287,0.15872766492026147,-0.0009208568612416,1,True,False,False
20230811,0.00017031022216145594,0.00024080077126289144,0.009179742266516319,0.016666666666666607,0.0001605338475085943,9.45889244713563e-06,1,neutral,0.3609031060750922,0.45584386003231026,0.1832530338925976,-0.0041817038270496,1,True,False,False
20230814,0.0008009636001783586,0.0011841255367433141,0.006073758409530948,0.02499999999999991,0.0007992847373017371,0.0,1,neutral,0.39746552035529653,0.4613809858912921,0.1411534937534114,-4.339341528633544e-05,1,True,False,False
20230815,0.0,-0.004980026982847902,-0.0017439879681314108,0.008333333333333304,0.0,0.0,1,neutral,0.4000853396075565,0.45033182155915924,0.1495828388332843,0.0026721268710821,1,True,False,False
20230816,0.0,-0.007234603127449779,-0.004591837581925627,0.008333333333333304,0.0,0.0,1,neutral,0.2887495220280352,0.5203646845383548,0.19088579343360992,-0.0024344567598276,1,True,False,False
20230817,0.0,-0.0005806906933049291,-0.0045099979461175055,0.016666666666666607,0.0,0.0,1,neutral,0.4150176214404579,0.4528464832635413,0.13213589529600064,0.0001977443735186,1,True,False,False
20230818,0.00036372419337017274,0.0005884419722670398,-0.004219076303520496,0.016666666666666774,0.00036287254956467456,0.0,0,bad,0.4989187162848585,0.3448046368466239,0.1562766468685175,-0.0139068123490838,0,True,False,False
20230821,0.002639679060857262,0.004216469719350673,0.0007644135620213516,-0.008333333333333248,0.0026352935745941708,0.0,2,good,0.32688777739462166,0.31066100862928275,0.3624512139760956,0.0150822763050136,2,True,False,False
20230822,0.0023245855550913827,0.003712239215713606,-0.0031242717005222284,-0.008333333333333248,0.0023201495098210036,0.0,1,neutral,0.26676554136042,0.37899052239640996,0.35424393624317013,-0.0024549065958325,1,True,False,False
20230823,0.0007910491821898323,0.0012629793051807878,-0.004990630482078005,-0.008333333333333248,0.0007893620657379924,4.766965375899778e-08,0,bad,0.43098950384505746,0.35612607866076534,0.212884417494177,-0.0028215243244413,1,True,False,False
20230824,0.0,-0.004667186096438014,-0.008344668746080704,-0.008333333333333248,0.0,0.0,0,bad,0.39654286941233113,0.3187347548742259,0.28472237571344283,-0.0139993093632021,0,True,False,False
20230825,2.145267285386317e-06,-0.00042713135874240804,-0.0039268113009569006,-0.00833333333333336,0.0,2.145267285386317e-06,0,bad,0.42845700542578935,0.18688502913126193,0.3846579654429489,0.0128045683799008,2,True,False,False
20230828,0.0,-0.0019337677321139002,-0.00393887653310817,-0.008333333333333248,0.0,0.0,2,good,0.09046680410915421,0.1676939191863518,0.7418392767044941,0.0107146150240201,2,True,False,False
20230829,3.8834664303803576e-07,-0.0010187555058778358,-0.0027040850742233377,-0.008333333333333248,0.0,3.8834664303803576e-07,2,good,0.15567809811176075,0.15252363266938243,0.6917982692188569,0.0252156030643335,2,True,False,False
20230830,0.005125696382372982,0.008594016811005467,0.0046753409980137915,-0.016666666666666663,0.005013176473086522,9.163514758364465e-05,2,good,0.26543157059927547,0.3525654600655772,0.3820029693351473,0.0048736263681274,1,True,False,False
20230831,0.005112790947431598,0.009248668265850211,0.007498405171750303,-0.050000000000000044,0.004932623075120112,0.00015492264222161854,2,good,0.3089219048744359,0.34236054136448874,0.3487175537610754,-0.0074289154921088,0,True,False,False
20230901,0.003774442528142118,0.006356562563288981,0.008864670593529966,-0.03333333333333344,0.0037079948285852387,5.005319246934339e-05,1,neutral,0.3986891271592818,0.43098358572005924,0.17032728712065892,0.0003058599185521,1,True,False,False
20230904,3.5185637979876145e-05,-0.003171527258089092,0.0034772657531262534,-0.07500000000000007,0.0,3.5185637979876145e-05,0,bad,0.4115700959807587,0.3459056898090263,0.24252421421021494,-0.0102884321371383,0,True,False,False
20230905,6.9350922539314055e-06,-0.005160459016270234,-0.0012009209267980405,-0.07500000000000001,0.0,6.9350922539314055e-06,1,neutral,0.3170011442702344,0.5672211382724913,0.11577771745727437,0.0020601319542313,1,True,False,False
20230906,0.0,-0.004578224777088226,-0.000989220630099689,-0.07500000000000001,0.0,0.0,1,neutral,0.2800966800430923,0.5726612226332712,0.14724209732363655,-0.0039142070010509,1,True,False,False
20230907,0.0,-0.011931780006883497,-0.004401035009994411,-0.09166666666666673,0.0,0.0,1,neutral,0.4139923576217112,0.46842714362841137,0.11758049874987743,-0.0126169362063154,0,True,False,False
20230908,0.0,-0.022311350343396756,-0.012798725864884156,-0.09166666666666662,0.0,0.0,0,bad,0.46095688554861186,0.39962517671009484,0.1394179377412933,-0.0045462428042102,1,True,False,False
20230911,0.0,-0.02171068920986887,-0.013461930526690334,-0.09999999999999992,0.0,0.0,0,bad,0.4517267802848482,0.40082201876194423,0.1474512009532075,0.0039577979025384,1,True,False,False
20230912,0.0,-0.01823096342543577,-0.01694911290655826,-0.08333333333333331,0.0,0.0,1,neutral,0.3002418874101194,0.4946737275566145,0.20508438503326612,-0.0027866168593503,1,True,False,False
20230913,0.0,-0.02125844790423292,-0.022214133122467544,-0.10000000000000003,0.0,0.0,1,neutral,0.3845333534651875,0.45435229722231707,0.1611143493124954,0.000721864914864,1,True,False,False
20230914,0.0,-0.022766729738180596,-0.022490401880913335,-0.10000000000000003,0.0,0.0,1,neutral,0.32682304719708366,0.5004949363982084,0.17268201640470798,-0.0027191304359503,1,True,False,False
20230915,0.0,-0.026027127996171465,-0.024347779381872492,-0.10833333333333339,0.0,0.0,1,neutral,0.4081458249466839,0.45198596514081346,0.1398682099125026,-0.0003669828023011,1,True,False,False
20230918,0.0,-0.03189867572013673,-0.02314149790789697,-0.11666666666666664,0.0,0.0,0,bad,0.43855278518146323,0.37057133730530173,0.19087587751323506,0.0093172021325084,2,True,False,False
20230919,0.0,-0.028695841879192774,-0.021768630363561657,-0.13333333333333325,0.0,0.0,1,neutral,0.28348686013127844,0.47363140488008465,0.2428817349886368,-0.0053431390081916,0,True,False,False
20230920,0.0,-0.027584873788714957,-0.02127463160698445,-0.1333333333333333,0.0,0.0,1,neutral,0.39922488941340545,0.46876546914598743,0.13200964144060703,-0.0039336464403882,1,True,False,False
20230921,0.0,-0.02577278149423151,-0.021502671250490712,-0.1333333333333333,0.0,0.0,0,bad,0.4414336920413655,0.40850107656578294,0.15006523139285147,0.0044921597634109,1,True,False,False
20230922,0.0,-0.031165484244656892,-0.02108466638937018,-0.13333333333333336,0.0,0.0,1,neutral,0.3136643187566196,0.5128238164640885,0.17351186477929204,0.0058606158354779,1,True,False,False
20230925,9.207246932501487e-06,-0.02576380480270139,-0.014055112666742272,-0.1333333333333333,0.0,9.207246932501487e-06,1,neutral,0.21688073736926455,0.4658039309617306,0.3173153316690048,0.006303463357153,1,True,False,False
20230926,1.7309798184532345e-06,-0.028293140185584893,-0.014126298287804909,-0.13333333333333336,0.0,1.7309798184532345e-06,1,neutral,0.34666374801231653,0.4174791486439485,0.23585710334373497,0.0025471898258053,1,True,False,False
20230927,4.665542985037298e-06,-0.03522418230877079,-0.012504587274856722,-0.11666666666666659,0.0,4.665542985037298e-06,0,bad,0.4671371054051683,0.2669040470129134,0.26595884758191835,0.0039682889807356,1,True,False,False
20230928,1.1652444713529046e-05,-0.036201535882822135,-0.008514182893341122,-0.08333333333333331,0.0,1.1652444713529046e-05,2,good,0.34659770501671927,0.30370894435813844,0.3496933506251423,0.0091391713066293,2,True,False,False
20231009,2.476325957239756e-05,-0.03879133416351336,-0.007254985245574609,-0.12500000000000006,0.0,2.476325957239756e-05,2,good,0.27684891239242104,0.3562090976596785,0.3669419899479004,0.0115961634138415,2,True,False,False
20231010,2.0762603682728833e-06,-0.03227198649406472,-0.0044472555377776946,-0.09166666666666662,0.0,2.0762603682728833e-06,0,bad,0.4869870177296314,0.33224311438615917,0.1807698678842095,-0.0072764148323234,0,True,False,False
20231011,1.590040794822939e-06,-0.02823630956368526,-0.004169590816169189,-0.09166666666666667,0.0,1.590040794822939e-06,0,bad,0.45320573814249265,0.4329699220204354,0.11382433983707198,0.0054014067820353,1,True,False,False
20231012,4.058944104152295e-05,-0.02136311715294085,0.004454004693813204,-0.08333333333333331,0.0,4.058944104152295e-05,1,neutral,0.36233651508937137,0.4170744760970173,0.2205890088136115,0.001019772281598,1,True,False,False
20231013,1.0669462714047932e-05,-0.017816482346132183,0.005245616331444547,-0.06666666666666665,0.0,1.0669462714047932e-05,1,neutral,0.41860320829415354,0.47271723909353586,0.10867955261231063,0.0013730939406979,1,True,False,False
20231016,9.201713597779592e-06,-0.012570725712287399,0.0016538478644930557,-0.06666666666666665,0.0,9.201713597779592e-06,0,bad,0.5595914958439827,0.31514409564243134,0.12526440851358595,-0.0093159371521038,0,True,False,False
20231017,0.0,-0.020379095755073056,-0.007197917342727345,-0.05833333333333335,0.0,0.0,0,bad,0.5205107724405242,0.37501845442995385,0.10447077312952194,-0.0039863996994272,1,True,False,False
20231018,0.0,-0.012799263826002771,-0.003155293719667643,-0.041666666666666685,0.0,0.0,0,bad,0.555004257090206,0.3250857872004953,0.11990995570929874,-0.0077036067830466,0,True,False,False
20231019,0.0,-0.006619096049599801,-0.002835097737909874,-0.025000000000000078,0.0,0.0,0,bad,0.5461310347699689,0.3337839189094467,0.1200850463205844,-0.0078618566063163,0,True,False,False
20231020,0.0,-0.0007596851945301589,0.0015240150319804253,-0.00833333333333336,0.0,0.0,0,bad,0.6028375309140939,0.28873771517983154,0.10842475390607462,-0.018150826049675,0,True,False,False
20231023,0.0015597637138296903,0.002390200658651531,0.0013521791115135712,0.0,0.001553630428123495,0.0,0,bad,0.4007610147953838,0.38367845176953,0.21556053343508622,0.0050758099812381,1,True,False,False
20231024,0.001332893066645072,0.0019127567838517767,0.0004739649909021662,0.008333333333333304,0.0012911108290999493,3.726933681842756e-05,2,good,0.23618713098713,0.27273432098480793,0.4910785480280621,0.0297699731658029,2,True,False,False
20231025,0.0011129571872083967,0.0016217377106070435,4.0887836272741895e-05,0.025000000000000022,0.0010946729546597546,1.5028758082437515e-05,1,neutral,0.23006356372536815,0.3896051803864205,0.3803312558882114,0.0027740557701779,1,True,False,False
20231026,0.0,-0.01090869986996329,-0.013146390432420406,-0.024999999999999967,0.0,0.0,1,neutral,0.2652529873641295,0.46759975667710413,0.2671472559587664,-0.0010219522892814,1,True,False,False
20231027,0.0,-0.00868561477945086,-0.012009310194622109,-0.01666666666666672,0.0,0.0,1,neutral,0.3229172750482041,0.5040137212769216,0.1730690036748744,0.0035785179154463,1,True,False,False
20231030,0.0,-0.0013737695074552865,-0.0057854198903199245,-0.01666666666666672,0.0,0.0,1,neutral,0.23331303697581637,0.49921180493605716,0.26747515808812644,0.0009943267017164,1,True,False,False
20231031,0.0015396457676618304,0.002822824543573188,0.004670557403905485,-0.01666666666666672,0.0015055064232390332,2.6273116512124046e-05,1,neutral,0.21109477384924674,0.591424493559334,0.1974807325914192,-0.0011774575476603,1,True,False,False
20231101,0.0025389600017645068,0.004720014237193095,0.004741316813452652,-0.01666666666666672,0.0025173409265029836,8.7954553745585e-06,1,neutral,0.2864258012836912,0.6001408097945704,0.11343338892173845,-0.0045396881379301,1,True,False,False
20231102,0.001392946933082194,0.0025935348361473994,0.0022482233679631722,-0.050000000000000044,0.0013399929986761562,4.596934106463038e-05,1,neutral,0.2647121196950772,0.6154785875741728,0.11980929273075003,-0.0004031289677441,1,True,False,False
20231103,0.0003849278062811365,0.0005934818534050756,0.0023887668651340994,-0.04999999999999999,0.0003363063835962095,4.70862460745426e-05,1,neutral,0.2803816491884849,0.5374351132875517,0.1821832375239634,0.0137811728580396,2,True,False,False
20231106,0.002892609868217061,0.005071778716248736,0.00601051575063007,-0.024999999999999967,0.0028317431165722114,4.705627319959586e-05,1,neutral,0.16976067415393783,0.45279115043859447,0.37744817540746767,0.0160489622771014,2,True,False,False
20231107,0.007234376046612082,0.013714930772520636,0.015337088570668917,-0.016666666666666774,0.0070860475658023276,0.00010093370462042112,2,good,0.2117123594742704,0.3823466977806957,0.4059409427450339,0.0041162240333596,1,True,False,False
20231108,0.005318244555281428,0.010688282115993299,0.010296521639066653,-0.025000000000000078,0.005255072040363371,2.5971142274707863e-05,1,neutral,0.190250726415207,0.5714064050983665,0.23834286848642658,-0.0046356866174575,1,True,False,False
20231109,0.002591281597438011,0.004985552062437022,0.011999979511801356,-0.00833333333333336,0.0025343222984054864,4.020647935207522e-05,1,neutral,0.31811516007743434,0.5177434688754659,0.1641413710470997,0.0033947641279916,1,True,False,False
20231110,0.002712236941675782,0.004850018912789892,0.011419918207715003,-0.016666666666666663,0.0026675104020344406,2.8100188274275102e-05,1,neutral,0.1845457318559242,0.5780364714890894,0.2374177966549864,0.0013907463484488,1,True,False,False
20231113,0.0036152757715669907,0.00651849146086636,0.008374576564321022,-0.016666666666666663,0.003585170303476498,8.190623881213737e-06,1,neutral,0.39818286935244024,0.46884609616031087,0.1329710344872489,0.001570490278283,1,True,False,False
20231114,0.008020071766566642,0.015951078403902884,0.006663253967745808,-0.016666666666666663,0.007975539201951442,0.0,1,neutral,0.24750320821180236,0.5886166820516573,0.1638801097365403,0.0078181707610255,1,True,False,False
20231115,0.004275253180694598,0.008794612482171818,0.002587312015470543,-0.06666666666666671,0.004250729366383045,0.0,1,neutral,0.1613911859149609,0.5759110522228367,0.26269776186220245,-0.0020113710829736,1,True,False,False
20231116,0.002570679958091504,0.0058939872673903215,-0.0007326822127617927,-0.08333333333333331,0.0025540611492024727,0.0,1,neutral,0.3248017520653912,0.5488599851570609,0.12633826277754787,0.0031627212545126,1,True,False,False
20231117,0.0,-0.007098915827802681,-0.008760346063967103,-0.10000000000000003,0.0,0.0,1,neutral,0.2863113107584565,0.540398704535126,0.17328998470641754,0.0148420419277198,2,True,False,False
20231120,0.0,-0.006961271683181315,-0.008181314717856955,-0.09999999999999987,0.0,0.0,1,neutral,0.14755772866404104,0.5626918050049174,0.2897504663310415,0.0030799532875658,1,True,False,False
20231121,0.0,-0.01079445619544006,-0.01176120052047336,-0.09999999999999998,0.0,0.0,1,neutral,0.2120443342208553,0.6533450209924193,0.13461064478672546,-0.0017586389539086,1,True,False,False
20231122,0.0,-0.011451429670837308,-0.012453943405716778,-0.09999999999999987,0.0,0.0,1,neutral,0.28672769591985775,0.5874325830090972,0.12583972107104502,0.0028809016310222,1,True,False,False
20231123,0.0,-0.00208734786938769,-0.017568389634245153,-0.04999999999999993,0.0,0.0,0,bad,0.4534870616810527,0.3815564321699984,0.16495650614894902,-0.0052650879435956,0,True,False,False
20231124,0.0,-0.005121194465352086,-0.019400404152970303,-0.05833333333333324,0.0,0.0,0,bad,0.4652171648375146,0.4093242560474576,0.1254585791150278,-0.0099152066665369,0,True,False,False
20231127,0.0,-0.014130774647634367,-0.021041577485460466,-0.058333333333333404,0.0,0.0,1,neutral,0.396940300492344,0.44186774856195027,0.16119195094570568,0.0121027714018981,2,True,False,False
20231128,0.0,-0.02489393993983824,-0.0203173023559721,-0.04999999999999999,0.0,0.0,1,neutral,0.2121183099794042,0.5310414228967967,0.2568402671237992,0.0047385886149374,1,True,False,False
20231129,0.0,-0.02411310770747649,-0.017915663694798394,-0.04999999999999999,0.0,0.0,0,bad,0.39247769746684363,0.37142241754200445,0.23609988499115186,0.0029281472101288,1,True,False,False
20231130,0.0,-0.026278177689704845,-0.021066259970325164,-0.03333333333333327,0.0,0.0,1,neutral,0.32687915453143407,0.5097473891421017,0.16337345632646424,0.0036992697072033,1,True,False,False
20231201,0.0,-0.021311038122199366,-0.014766512803071433,0.008333333333333304,0.0,0.0,1,neutral,0.28598824409742635,0.48761215966714677,0.2263995962354268,0.0082365727478073,1,True,False,False
20231204,3.5539652311669294e-06,-0.025241923310796575,-0.013944502003665631,0.025000000000000022,0.0,3.5539652311669294e-06,0,bad,0.4532253564095383,0.350137589851248,0.19663705373921364,-0.0123316059953453,0,True,False,False
20231205,0.0,-0.03851419403895172,-0.01692810583633573,0.025000000000000022,0.0,0.0,0,bad,0.52569212355933,0.37304997102306686,0.10125790541760303,-0.0146942378212681,0,True,False,False
20231206,0.0,-0.03508583901919764,-0.016185212443383983,0.03333333333333327,0.0,0.0,0,bad,0.5015645928150939,0.39085255288099047,0.1075828543039156,0.0080442841959981,1,True,False,False
20231207,0.0,-0.03683061927330666,-0.014213600119960756,0.016666666666666607,0.0,0.0,1,neutral,0.31638662780047805,0.4596656472937461,0.22394772490577594,0.0020235779108354,1,True,False,False
20231208,0.0,-0.03716652593389117,-0.012898071963420393,0.02499999999999991,0.0,0.0,1,neutral,0.28360626393575,0.5092682586796924,0.2071254773845576,-0.0021357703553371,1,True,False,False
20231211,5.839804803875402e-05,-0.02182707447560537,0.0016092836951385366,0.041666666666666685,0.0,5.839804803875402e-05,2,good,0.22001432701205625,0.32906813270522506,0.4509175402827187,0.013763892881252,2,True,False,False
20231212,2.5788873394289465e-05,-0.019746547010386323,0.004113623727876252,0.041666666666666685,0.0,2.5788873394289465e-05,2,good,0.3032016032511259,0.34152134350670055,0.35527705324217357,0.0111678913730217,2,True,False,False
20231213,2.9866613723896087e-05,-0.02416251195639187,-0.002726345475873748,0.041666666666666685,0.0,2.9866613723896087e-05,0,bad,0.40267362355245906,0.37012891120360975,0.2271974652439312,-0.0076699689374149,0,True,False,False
20231214,1.1948123544126538e-05,-0.02386709940699141,-0.004474856352439882,0.05833333333333335,0.0,1.1948123544126538e-05,0,bad,0.5449905764243348,0.3558539213062613,0.09915550226940392,-0.0020696182444447,1,True,False,False
20231215,3.0205060609642577e-06,-0.018023138805969507,-0.005431814614859847,0.05833333333333335,0.0,3.0205060609642577e-06,0,bad,0.5064131809463014,0.34621670299195884,0.14737011606173978,0.0058872103803465,1,True,False,False
20231218,0.0,-0.02020183913032835,-0.006578810293323096,0.05833333333333335,0.0,0.0,0,bad,0.4275763641228712,0.36732496270291276,0.20509867317421615,-0.005529432614926,0,True,False,False
20231219,0.0,-0.01801498220152529,-0.007550423492239555,0.058333333333333404,0.0,0.0,0,bad,0.48033543636667436,0.37286809862774006,0.1467964650055855,-0.0127727603372907,0,True,False,False
20231220,0.0,-0.012911919607909453,-0.0028416043692361566,0.06666666666666665,0.0,0.0,0,bad,0.5809025844687715,0.29250834284185667,0.1265890726893717,0.0039604660771547,1,True,False,False
20231221,0.0,-0.006947582360156614,-0.001615743120098767,0.06666666666666665,0.0,0.0,0,bad,0.5601763432440439,0.3020403289998835,0.1377833277560726,-0.0178106219540386,0,True,False,False
20231222,0.00250417700513699,0.003755025907886421,0.007347545408298496,0.06666666666666665,0.002440766840126173,5.2216201445745436e-05,0,bad,0.67556741738367,0.2035085714710395,0.12092401114529036,-0.0242222002841592,0,True,False,False
20231225,0.005334469564664625,0.008097820132640009,0.00879227424785576,0.06666666666666665,0.005263583086216005,4.7941343108323295e-05,0,bad,0.432432684889199,0.33730709106504386,0.23026022404575708,-0.0034224497772251,1,True,False,False
20231226,0.004550981105577193,0.007256067710538841,0.007104858640574457,0.050000000000000044,0.004474575088165619,5.593166375564983e-05,0,bad,0.41871131390372135,0.37412686397543654,0.2071618221208421,0.006484512851127,1,True,False,False
20231227,0.0021849589689260135,0.0032322910300013746,0.004183519494097468,0.04999999999999999,0.0021548606866675832,2.0695928887267056e-05,2,good,0.1800766535706704,0.2104440937473041,0.6094792526820255,0.0097068720245447,2,True,False,False
20231228,0.0024038311284054125,0.003865115534956963,8.097965583582847e-05,0.03333333333333338,0.0023834879132234605,1.0283213736498684e-05,2,good,0.2425185931544959,0.36808804813240303,0.38939335871310105,0.0069177890856863,1,True,False,False
20231229,0.0075982566446758945,0.012970804505731383,0.014120688490954325,-0.00833333333333336,0.007458212590795545,8.628111587079376e-05,2,good,0.1936252451684463,0.2647675782546581,0.5416071765768956,0.0100591025160582,2,True,False,False
20240102,0.004230670961527862,0.007521220565921489,0.007843054086296097,-0.025000000000000022,0.004199348149306165,2.2549284204666927e-06,1,neutral,0.16651398812551463,0.515146512669096,0.3183394992053895,0.0021313340400375,1,True,False,False
20240103,0.0014187454037234688,0.0025222331028399263,-0.0025947563036209376,-0.025000000000000022,0.0014082468157522923,0.0,1,neutral,0.270776676002578,0.537412096738405,0.1918112272590171,-0.0029889123646229,1,True,False,False
20240104,0.0,-0.0026719037464480663,-0.009045770359086158,-0.033333333333333326,0.0,0.0,1,neutral,0.4132984666608192,0.4245663137070666,0.1621352196321142,-0.000989126031298,1,True,False,False
20240105,0.0,-0.00901772235264222,-0.014811368939516067,-0.041666666666666574,0.0,0.0,1,neutral,0.37798862812805295,0.43260913987041066,0.18940223200153636,-0.0022165198706151,1,True,False,False
20240108,0.0,-0.010668114099434502,-0.01644263905299096,-0.041666666666666574,0.0,0.0,1,neutral,0.27924927999331517,0.5017340336004631,0.2190166864062217,0.0018185936762854,1,True,False,False
20240109,0.0,-0.0236836691074941,-0.015568120171779741,-0.05833333333333335,0.0,0.0,1,neutral,0.3573704504384475,0.3736219584896501,0.26900759107190253,-0.0074182295772612,0,True,False,False
20240110,0.0,-0.02565214189794901,-0.015192118826159326,-0.07500000000000001,0.0,0.0,0,bad,0.5383850154478222,0.24248695422031466,0.219128030331863,0.0194030481638173,2,True,False,False
20240111,0.0,-0.017370171898705225,-0.013526308630149232,-0.04166666666666674,0.0,0.0,2,good,0.36663841880607134,0.2304984262784158,0.40286315491551283,-0.005292182696971,0,True,False,False
20240112,1.2242220390056545e-05,-0.009721534984757273,-0.007972605172780534,-0.04166666666666674,0.0,1.2242220390056545e-05,0,bad,0.5696743738624853,0.2772621425083391,0.1530634836291756,-0.0135425511891194,0,True,False,False
20240115,0.0,-0.013209181868532725,-0.012771040566519568,-0.04166666666666674,0.0,0.0,0,bad,0.5523488792568201,0.30744058200883456,0.14021053873434536,-0.00127832844524,1,True,False,False
20240116,0.0,-0.016062107336301777,-0.017035988560946142,-0.050000000000000044,0.0,0.0,0,bad,0.4940232222926725,0.3406909659936773,0.16528581171365034,-0.007423009447045,0,True,False,False
20240117,0.0,-0.01008399077799381,-0.012419918193056635,-0.024999999999999967,0.0,0.0,0,bad,0.5991880029037451,0.2846858937376636,0.11612610335859129,-0.0091934058153797,0,True,False,False
20240118,0.0,-0.016573967483759625,-0.014243322341085496,-0.03333333333333338,0.0,0.0,0,bad,0.5517282849053193,0.24139789467427875,0.20687382042040198,-0.0048592046791746,1,True,False,False
20240119,4.855629617909009e-05,-0.0034866556959005646,0.00018921251766048502,-0.024999999999999967,0.0,4.855629617909009e-05,0,bad,0.5857366687201015,0.18203330971350476,0.23223002156639375,-0.0082501415103788,0,True,False,False
20240122,3.6988624369438617e-05,-0.011861061850343614,0.0012637649602993406,-0.025000000000000022,0.0,3.6988624369438617e-05,0,bad,0.5666203550366283,0.18158849186021597,0.25179115310315564,-0.032049371701504,0,True,False,False
20240123,0.0010995483301362305,0.0011286093846518547,0.016028138971356895,-0.025000000000000022,0.0007053808654074092,0.0003917886568105654,2,good,0.2936232864151137,0.07391127868709169,0.6324654348977945,0.0136558363201693,2,True,False,False
20240124,0.0011711253770588146,0.0017177904677702638,0.015603146231192223,-0.016666666666666607,0.0010593041217916628,0.00010840240136422771,2,good,0.1272915499267271,0.09230818943328005,0.7804002606399929,0.0287390650497744,2,True,False,False
20240125,0.00012462370685344373,-0.0029722403443550316,0.008438261530963928,-0.016666666666666663,0.0,0.00012462370685344373,2,good,0.12037144668427696,0.07360979801535078,0.8060187553003724,0.0180553707746224,2,True,False,False
20240126,0.0,-0.00910484638022524,-0.0010822988004645304,0.0,0.0,0.0,2,good,0.2826601268730346,0.25069483847715673,0.4666450346498087,-0.0283150049947672,0,True,False,False
20240129,0.0,-0.03596108724926238,-0.013701879957381001,-0.008333333333333304,0.0,0.0,0,bad,0.7374745346475362,0.10113442156968959,0.1613910437827743,-0.0316938175110539,0,True,False,False
20240130,0.0,-0.040480718328796364,-0.02287978834247685,-0.008333333333333304,0.0,0.0,0,bad,0.7536238581019309,0.08381287764769212,0.16256326425037712,-0.0289036400539233,0,True,False,False
20240131,0.0,-0.03471373305406249,-0.02452340321239694,-0.008333333333333304,0.0,0.0,0,bad,0.7246502906321078,0.08770747877856841,0.1876422305893238,-0.0410047781639249,0,True,False,False
20240201,0.0,-0.012614534247973458,-0.006367441733043169,0.0,0.0,0.0,0,bad,0.545418559673484,0.05613700164544457,0.39844443868107154,-0.0235053516692539,0,True,False,False
20240202,0.0023893260506772113,0.0036751242771466686,0.004933495775642796,0.03333333333333327,0.0023888307801453344,0.0,0,bad,0.5841911060062984,0.06207117173644463,0.35373772225725697,-0.0856064799189758,0,True,False,False
20240205,0.00530490931814282,0.007956455700299042,0.006900913125271843,0.03333333333333327,0.005171696205194377,0.0001338537844423636,0,bad,0.5194931889441028,0.07025317240972884,0.41025363864616843,-0.0410577178948889,0,True,False,False
20240206,0.02876453480661572,0.04158879850157059,0.03975430327032124,0.08333333333333331,0.027032719026020877,0.0017683927899307622,2,good,0.1426375174377732,0.05636536491914164,0.8009971176430851,0.0202445418207873,2,True,False,False
20240207,0.034740738174393264,0.05172451632641915,0.04699483381039573,0.09999999999999998,0.03362093561217244,0.0011215339137700222,2,good,0.1456623859226891,0.047498592989448196,0.8068390210878627,0.0184467853782895,2,True,False,False
20240208,0.028316577706784248,0.04563790608353417,0.03884614141862058,0.10000000000000003,0.027382743650120507,0.0009699117844528621,2,good,0.15809973628844481,0.07009654891051446,0.7718037148010407,0.1052934990810524,2,True,False,False
20240219,0.018762495257074397,0.03048586621827286,0.027054149448004234,0.10000000000000003,0.01829151973096372,0.000525449933921223,2,good,0.11470042541704789,0.07500898856612151,0.8102905860168307,0.0368074312078874,2,True,False,False
20240220,0.02364479048612218,0.04202011176378612,0.03058067146112301,0.10833333333333334,0.023461229068113917,0.00026250243918460233,2,good,0.1057329466614955,0.10649473981256506,0.7877723135259395,0.0234298122721836,2,True,False,False
20240221,0.022100487801239188,0.04158864891403659,0.022193635539833757,0.08333333333333343,0.02218061275415285,0.0,2,good,0.08882986085145791,0.07720464114171928,0.8339654980068228,0.015859000325604,2,True,False,False
20240222,0.01710593906125716,0.033240221048372785,0.0158352382692367,0.06666666666666665,0.017174114208325937,0.0,2,good,0.10202794899704637,0.10624040414465798,0.7917316468582956,0.0319091511005896,2,True,False,False
20240223,0.014580985970735573,0.03141253685756788,0.0076918593107187655,0.06666666666666665,0.014659183866865011,0.0,2,good,0.06713578681189786,0.07926549331860977,0.8535987198694923,0.0098928180570099,2,True,False,False
20240226,0.003963309691780983,0.00870356767251205,-0.0008145650685496345,0.05833333333333335,0.00398913518323469,0.0,2,good,0.229432824589905,0.1772293683747904,0.5933378070353046,0.0353838564335353,2,True,False,False
20240227,0.002067826364713472,0.004805429285433463,-0.0050368640782600185,0.050000000000000044,0.002082352690354501,0.0,2,good,0.3619726189720315,0.20398750292879794,0.43403987809917055,-0.0280682563405847,0,True,False,False
20240228,0.0,-0.005716999425274927,0.0012014056315817756,0.04999999999999993,0.0,0.0,0,bad,0.4583270960100366,0.27201221340580023,0.26966069058416325,-0.0237740348691693,0,True,False,False
20240229,4.59251236509816e-05,0.00010642578431813154,0.006254421608916538,0.050000000000000044,4.6117839871190335e-05,0.0,2,good,0.3144158151403921,0.22373379405713828,0.46185039080246965,0.0205584766195186,2,True,False,False
20240301,0.006798269584620967,0.01562762556124521,0.012580255457777745,0.050000000000000044,0.0067719710765395905,4.505166099523691e-05,2,good,0.2969130524451586,0.33549199907406974,0.3675949484807717,-0.0001859879459581,1,True,False,False
20240304,0.012001612210405414,0.027655330806713577,0.012426004120198758,0.050000000000000044,0.011983976682909217,3.738219955247954e-05,0,bad,0.5130931838268727,0.2589450478136188,0.22796176835950843,-0.010716588191813,0,True,False,False
20240305,0.01900065511504027,0.047513435065215257,0.013009911113465902,0.06666666666666665,0.019005374026086104,6.231223987914279e-05,0,bad,0.3945441717428073,0.2787372935721247,0.32671853468506784,0.0005555997916723,1,True,False,False
20240306,0.02629755029750036,0.06731343608964262,0.01468482722462073,0.05833333333333324,0.026364429135110022,0.00010875635969485151,2,good,0.22476934037331522,0.34905694764142403,0.4261737119852607,0.000764087304587,1,True,False,False
20240307,0.0268270281495598,0.07203481115990788,0.009520483624033307,0.05833333333333324,0.027013054184965454,4.487667481774178e-05,2,good,0.2635470070710474,0.3633568675415298,0.3730961253874228,0.000248632531138,1,True,False,False
20240308,0.01453345066542053,0.038924998999791474,-0.003194053691148814,0.05833333333333324,0.014596874624921803,0.0,0,bad,0.35483795484280334,0.319845347208472,0.3253166979487247,0.0041469616801511,1,True,False,False
20240311,0.008157836495112113,0.023986178211880857,-0.005263371392475902,0.02499999999999991,0.008195277555725959,0.0,2,good,0.20957970927827338,0.275946572775227,0.5144737179464997,0.0452111300980449,2,True,False,False
20240312,0.013675665460812484,0.046292198843572135,0.014527734997206242,0.025000000000000022,0.013501891329375204,0.00018389166804006515,2,good,0.10911659421739091,0.2612670505098496,0.6296163552727595,0.0099545643637253,2,True,False,False
20240313,0.0002053219879469872,0.0005809345007887212,0.01635157657549232,-0.025000000000000022,0.0001500747460370863,5.407527139403713e-05,1,neutral,0.1606873061071467,0.47137141826654017,0.3679412756263131,0.0005469945529633,1,True,False,False
20240314,2.509742839040558e-05,-0.013000222670841555,0.01188105578470603,-0.04166666666666674,0.0,2.509742839040558e-05,1,neutral,0.2972696897340034,0.4194712156961118,0.28325909456988474,0.0036197067655667,1,True,False,False
20240315,4.4982686794418656e-05,-0.007869849656657865,0.00944674270451492,-0.04166666666666663,0.0,4.4982686794418656e-05,1,neutral,0.20404760720767637,0.4245815362999865,0.3713708564923372,0.0170294339989961,2,True,False,False
20240318,4.112355061459894e-05,-0.001848767303454249,0.0025218793854084876,-0.05833333333333335,0.0,4.112355061459894e-05,1,neutral,0.11787792705234267,0.4954574905125447,0.38666458243511265,0.0053898228268251,1,True,False,False
20240319,0.00012020827131034872,0.0003565736422862925,0.009891872517228041,-0.06666666666666665,0.00011885788076209752,0.0,2,good,0.13477640008388797,0.35994989963434915,0.5052737002817629,0.0221074583399678,2,True,False,False
20240320,0.0,-0.00034298171753679996,0.002911470270873351,-0.03333333333333344,0.0,0.0,2,good,0.09989663763694245,0.28783184861892275,0.6122715137441348,0.0535940898796438,2,True,False,False
20240321,0.0,-2.0966890803844618e-05,-0.0014658667689682048,-0.05833333333333335,0.0,0.0,2,good,0.1311333667913599,0.26416592121077026,0.6047007119978698,0.0025693050319903,1,True,False,False
20240322,0.0005310860261009387,0.0012874049729048043,-0.006795202094712849,-0.05833333333333335,0.0005256903639361284,0.0,0,bad,0.38467843698496257,0.32825523492271536,0.28706632809232213,-0.0091722082307269,0,True,False,False
20240325,0.003045237767850641,0.006582195949435911,-0.009783485565069213,-0.05833333333333329,0.0030168398101581262,0.0,1,neutral,0.3679463319374734,0.426674418276509,0.2053792497860176,-0.0021776804487811,1,True,False,False
20240326,0.005041224073343628,0.010340178470197046,-0.010240956906749109,-0.0500000000000001,0.0049977529272619056,0.0,0,bad,0.4288090858201277,0.27499113920781887,0.2961997749720534,-0.0061645598445829,0,True,False,False
20240327,0.0017900376236396295,0.0034938795661821533,-0.011403726463100745,-0.041666666666666685,0.0017760554461425946,0.0,0,bad,0.4486075579425435,0.2955046480028387,0.2558877940546178,-0.0021253606911296,1,True,False,False
20240328,0.0,-0.0034252801901340866,-0.01265159328279497,-0.041666666666666685,0.0,0.0,0,bad,0.4074118229194773,0.2426362064090743,0.3499519706714483,0.0208672429566491,2,True,False,False
20240329,0.0,-0.012257385510195895,-0.014715942390572556,-0.041666666666666685,0.0,0.0,2,good,0.17648340985301827,0.23484448624263463,0.5886721039043471,0.0182929363527594,2,True,False,False
20240401,0.0,-0.017921228185100318,-0.018438587660937276,-0.05833333333333335,0.0,0.0,2,good,0.15984744462652486,0.24245710856769484,0.5976954468057802,0.0123244199282868,2,True,False,False
20240402,0.0,-0.016258440940410884,-0.013255493919948774,-0.06666666666666665,0.0,0.0,2,good,0.2013437469562601,0.2831663083932051,0.5154899446505349,0.0119154905782386,2,True,False,False
20240403,0.0,-0.023134470094019182,-0.014201052132958508,-0.05833333333333335,0.0,0.0,1,neutral,0.27601419145003914,0.387232982511476,0.33675282603848483,-0.0127789619498361,0,True,False,False
20240408,0.0,-0.030587014938201967,-0.02166176138387127,-0.05833333333333335,0.0,0.0,0,bad,0.5144194005135657,0.37614678956934305,0.10943380991709127,0.0026923282080486,1,True,False,False
20240409,0.0,-0.023298111958730362,-0.023362056186265762,-0.05833333333333335,0.0,0.0,0,bad,0.4378034322286115,0.3875965200644457,0.17460004770694276,-0.0073236027613804,0,True,False,False
20240410,0.0,-0.019462558465057102,-0.019854104196434075,-0.05833333333333335,0.0,0.0,0,bad,0.5446410667323096,0.3169938045647505,0.1383651287029398,0.0005232658058253,1,True,False,False
20240411,0.0,-0.04295389074109378,-0.021798650197964547,-0.05833333333333335,0.0,0.0,0,bad,0.5213305184538776,0.3063116889466698,0.1723577925994526,-0.0053369457794612,0,True,False,False
20240412,0.0,-0.0476685712850929,-0.022331412435278867,-0.07500000000000001,0.0,0.0,0,bad,0.5543433407747272,0.27477398695509575,0.17088267227017703,-0.0336580217569766,0,True,False,False
20240415,0.0,-0.04370349545676207,-0.020448008709016304,-0.05833333333333324,0.0,0.0,0,bad,0.6700694618457237,0.2001789744890111,0.12975156366526522,-0.0668371072274203,0,True,False,False
20240416,0.0001507255425684896,-0.02731851050065211,-0.004256408835823473,-0.041666666666666574,0.0,0.0001507255425684896,0,bad,0.44081008644345737,0.18760477221122387,0.3715851413453187,0.0096722146453114,2,True,False,False
20240417,0.00019117762653958367,-0.01114429457176673,0.005880195211086604,-0.024999999999999967,0.0,0.00019117762653958367,2,good,0.16573271467131198,0.11512098814982304,0.719146297178865,0.0273425194177455,2,True,False,False
20240418,0.00012319513938830048,-0.026054021751055347,-0.0009992704500423142,-0.024999999999999967,0.0,0.00012319513938830048,2,good,0.27141810416779055,0.29611355025907304,0.43246834557313635,0.0051305409510074,1,True,False,False
20240419,3.3343437937398736e-05,-0.026531458903962767,-0.006372160910352493,-0.04999999999999999,0.0,3.3343437937398736e-05,0,bad,0.3982696063181644,0.32052360272481,0.28120679095702555,-0.0130445808363271,0,True,False,False
20240422,0.0,-0.032913750438947405,-0.01574501304691217,-0.03333333333333338,0.0,0.0,0,bad,0.47142568096955906,0.3289101380292419,0.19966418100119904,-0.0039639853399327,1,True,False,False
20240423,0.0,-0.02699977926933351,-0.013126991644958192,-0.03333333333333338,0.0,0.0,0,bad,0.43977076153802974,0.19127445781625182,0.36895478064571846,0.0163626475289805,2,True,False,False
20240424,0.0,-0.020325171520452587,-0.007727075414053285,-0.008333333333333304,0.0,0.0,2,good,0.19398242579478622,0.29163385611872844,0.5143837180864853,0.0066928834914922,1,True,False,False
20240425,0.0,-0.021113360860332032,-0.007315127967521467,-0.008333333333333304,0.0,0.0,1,neutral,0.28365173337002497,0.37501243518811794,0.34133583144185725,0.0047243689195123,1,True,False,False
20240426,0.0,-0.023843143555310083,-0.01000605361784418,-0.04166666666666663,0.0,0.0,1,neutral,0.2903778717677026,0.36708948993760226,0.3425326382946951,0.0193341163310443,2,True,False,False
20240429,0.00012384641156313486,-0.009331776608577145,0.004006218525172467,-0.041666666666666796,0.0,0.00012384641156313486,2,good,0.21096610092275425,0.2770903085905113,0.5119435904867344,0.0153437752210408,2,True,False,False
20240430,0.003756070197357814,0.007070099489417836,0.017601190033276166,-0.041666666666666796,0.0034761322489637687,0.0002618395883330622,2,good,0.2328579356504708,0.32378301183389024,0.44335905251563895,0.0038009524398238,1,True,False,False
20240506,0.0021161297095942523,0.003754796412600533,0.00925209352865745,-0.024999999999999967,0.002033848056825289,7.129933779160172e-05,1,neutral,0.28803441671299496,0.417409975279472,0.29455560800753305,0.0037073726129558,1,True,False,False
20240507,5.9667061473500006e-05,-0.0015027267269864981,0.008956959673210606,-0.024999999999999967,0.0,5.9667061473500006e-05,0,bad,0.39385226504217447,0.37758845784718587,0.22855927711063964,-0.0102840847427354,0,True,False,False
20240508,5.64827647203247e-05,-0.006326608715459906,0.0020013357108436755,-0.05833333333333335,0.0,5.64827647203247e-05,0,bad,0.44999866981610537,0.39160302646932277,0.1583983037145718,0.0023901106367294,1,True,False,False
20240509,0.0007968779135096336,0.0015603061236061366,0.00042938734070937026,-0.05833333333333335,0.0007931556128331195,0.0,0,bad,0.4551471091770525,0.30753336363689027,0.23731952718605728,-0.006108404471892,0,True,False,False
20240510,0.0044218368801696335,0.009597326297638355,0.0044680272484258,-0.05833333333333329,0.004398774553084246,0.0,0,bad,0.39362449805065214,0.3453574182812707,0.2610180836680772,-0.00396635960779,1,True,False,False
20240513,0.0,-0.0006684359592220579,-0.002720073085596627,-0.06666666666666676,0.0,0.0,1,neutral,0.37903397545813755,0.40775732214866894,0.21320870239319356,-0.0003712550225513,1,True,False,False
20240514,0.0010907759673789135,0.0021709077376410243,-0.004602538035939983,-0.06666666666666676,0.001085453868820512,0.0,1,neutral,0.270499051788786,0.46250482633789664,0.26699612187331717,0.0021099200431044,1,True,False,False
20240515,0.0,-0.00013765788762916398,-0.00987926192229823,-0.07500000000000001,0.0,0.0,1,neutral,0.33415904016680104,0.3795667001271221,0.28627425970607684,0.0161026308593782,2,True,False,False
20240516,0.0,-0.0007511206566522821,-0.010778984824851623,-0.07500000000000001,0.0,0.0,2,good,0.14539139815958663,0.4215498532860961,0.4330587485543173,0.0050348999395831,1,True,False,False
20240517,0.0,-0.015878524314623964,-0.00918905014660724,-0.09166666666666673,0.0,0.0,1,neutral,0.2182917403637196,0.5833836300663349,0.1983246295699455,0.0019742808885856,1,True,False,False
20240520,0.0,-0.029000339560420148,-0.009374045967595614,-0.09166666666666662,0.0,0.0,1,neutral,0.29252652041411153,0.587678765020415,0.11979471456547333,-0.0035261273347666,1,True,False,False
20240521,0.0,-0.020689929456641533,-0.010065425408433176,-0.10833333333333328,0.0,0.0,1,neutral,0.38656587472287424,0.5090897668193635,0.10434435845776226,-0.0014822920144577,1,True,False,False
20240522,0.0,-0.013320323137923456,-0.009216768349664822,-0.08333333333333337,0.0,0.0,1,neutral,0.411327330707137,0.46210505256459566,0.12656761672826725,-0.0157350986169372,0,True,False,False
20240523,0.003558552866334858,0.00790758121512055,-0.0005057453846022044,-0.07499999999999984,0.0034925150366782436,3.304053074117662e-05,0,bad,0.6075170154281712,0.2912508879623049,0.10123209660952387,-0.0057013958259838,0,True,False,False
20240524,0.004945574519911753,0.010621685087982849,0.002715906722054166,-0.07500000000000001,0.004868272331992139,3.7317640509002975e-05,1,neutral,0.397571457028904,0.4522038682317202,0.1502246747393759,0.0005631745329394,1,True,False,False
20240527,1.2952646306902249e-05,-0.0024293566246021588,-0.0052193718990735105,-0.09999999999999998,0.0,1.2952646306902249e-05,0,bad,0.4351780768708873,0.3492236859478756,0.2155982371812372,0.0004924662009551,1,True,False,False
20240528,1.1231967055492842e-05,-0.0026087080352741703,-0.005910587106863983,-0.09999999999999998,0.0,1.1231967055492842e-05,0,bad,0.45066920123502163,0.328357172978085,0.22097362578689334,-0.0014138460878457,1,True,False,False
20240529,7.607733608008387e-06,-0.0001531583500220153,-0.007261725510513479,-0.07500000000000001,0.0,7.607733608008387e-06,0,bad,0.5096265344353714,0.3091188410502284,0.18125462451440022,-0.0139752109298707,0,True,False,False
20240530,0.0,-0.014260256835913476,-0.007142559517048102,-0.09166666666666673,0.0,0.0,0,bad,0.651222435315936,0.23407636455706535,0.11470120012699848,-0.0089092571026308,0,True,False,False
20240531,0.0,-0.019530329282044675,0.001243318165198272,-0.04166666666666674,0.0,0.0,0,bad,0.6110871236467016,0.27007202159331833,0.11884085475998009,-0.012047272140406,0,True,False,False
20240603,5.605835192242865e-06,-0.015311473859748903,-0.001121739800390563,-0.04166666666666663,0.0,5.605835192242865e-06,0,bad,0.5335858958487956,0.370022953993804,0.09639115015740034,0.0036014590272786,1,True,False,False
20240604,0.000146126980276345,-0.0011735442559136916,0.012752848353256668,-0.00833333333333336,0.0,0.000146126980276345,2,good,0.16349302925006462,0.3338827742377761,0.5026241965121593,-0.0037979580164485,1,True,False,False
20240605,0.0054237466711701335,0.00932902063017884,0.016274142944612473,0.033333333333333215,0.005286445023768009,0.0001183776562789581,0,bad,0.5146650641290496,0.34993059491556594,0.13540434095538445,-0.0093942197959808,0,True,False,False
20240606,0.009039045446359263,0.01570730471248446,0.020403980083178508,0.033333333333333215,0.008900806003741194,0.0001098503189833573,1,neutral,0.3981160463197398,0.4217451941622256,0.1801387595180346,-0.0028025436575048,1,True,False,False
20240607,0.009665231189899192,0.01532827729658015,0.023924308949823635,0.033333333333333326,0.009452437666224427,0.00019288342296617996,0,bad,0.3533171843450034,0.31805864950944707,0.3286241661455494,0.0032480324613051,1,True,False,False
20240611,0.0037690318478656045,0.006067403334413746,0.007064275502413231,0.01666666666666672,0.0036404420006482478,0.00011806713983653134,2,good,0.2379936348856204,0.1561162550397945,0.6058901100745852,0.0104595147463907,2,True,False,False
20240612,0.007582850114533631,0.01349308854065739,0.01215622212160533,0.02499999999999991,0.007533641101867043,2.212337024645626e-05,0,bad,0.37665277901114674,0.2972587551791451,0.32608846580970813,-0.0039011006994394,1,True,False,False
20240613,0.006214338563806918,0.011608757580773992,0.004530641093480168,0.0,0.006191337376412797,0.0,0,bad,0.5169752289101406,0.33541887395580283,0.14760589713405667,-0.0083736743165274,0,True,False,False
20240614,0.010357150816157805,0.01965659926545599,0.01045189433064712,0.024999999999999967,0.010319714614364393,0.0,0,bad,0.4219683706387016,0.3922574453572441,0.1857741840040543,0.0044610924811145,1,True,False,False
20240617,0.010840334430165747,0.020899120938434546,0.011368893398427914,0.016666666666666607,0.010797879151524513,0.0,1,neutral,0.1894150703866025,0.5647501098072549,0.24583481980614252,0.0039070624271177,1,True,False,False
20240618,0.01501638476772661,0.027896889608187037,0.015936805921279683,0.03333333333333338,0.014878341124366423,7.009276095235396e-05,1,neutral,0.3383181330933768,0.4492601707254013,0.21242169618122192,0.0058571877532253,1,True,False,False
20240619,0.014851534031498909,0.027693782677501853,0.012655597620951014,0.03333333333333338,0.014770017428000992,1.4598451837637007e-05,0,bad,0.5456734476116878,0.280527130620748,0.17379942176756402,-0.0066321576637315,0,True,False,False
20240620,0.014512560409333687,0.02701761859858322,0.010609544400661992,0.03333333333333338,0.014409396585911054,3.748167167603471e-05,0,bad,0.5833296803102218,0.2570037410213612,0.159666578668417,-0.0104849679731107,0,True,False,False
20240621,0.013131123053675368,0.022620690239778064,0.01398922399008488,0.041666666666666574,0.013006896887872385,7.820302033261046e-05,0,bad,0.5409878848766463,0.22299461530906584,0.23601749981428788,-0.0204055969905959,0,True,False,False
20240624,0.010255318388495437,0.018255424979419937,0.011779335134180075,0.041666666666666685,0.010192612280176132,2.0084307256712714e-05,0,bad,0.6241536814012002,0.22508440036229596,0.15076191823650384,-0.0045855886304111,1,True,False,False
20240625,0.017594529000222896,0.03133852738540471,0.015474361853663871,0.041666666666666685,0.017497344456850965,5.8744702444844105e-05,2,good,0.2777803628329721,0.17159516984758677,0.5506244673194413,0.0161572020408148,2,True,False,False
20240626,0.010821180240118721,0.017715650752269434,0.0007735133856358184,0.041666666666666685,0.01077702087429724,0.0,2,good,0.08518131387484787,0.11652156829952576,0.7982971178256263,0.0165189727547047,2,True,False,False
20240627,0.010490683323757575,0.01872222883678774,-0.0010137510725565964,0.041666666666666685,0.010453244433873155,0.0,2,good,0.18950263876324944,0.3596371495981511,0.4508602116385994,0.0008372783477114,1,True,False,False
20240628,0.011499783423807091,0.018841115674032863,-0.0020278836550072996,0.05833333333333335,0.011461678701703327,0.0,1,neutral,0.27394247915576997,0.4129248064652879,0.31313271437894225,0.006464986313586,1,True,False,False
20240701,0.0,-0.0008585947422840579,-0.01477441709850704,-0.03333333333333327,0.0,0.0,2,good,0.17934122707208983,0.3019920494608684,0.5186667234670418,0.0085122644745514,1,True,False,False
20240702,0.0,-0.006650927772831293,-0.023500048425047698,-0.08333333333333331,0.0,0.0,1,neutral,0.299984809525405,0.424018755509184,0.27599643496541104,0.0079816863663863,1,True,False,False
20240703,0.0,-0.023292140979436722,-0.026000985352362744,-0.125,0.0,0.0,1,neutral,0.3129081332186663,0.4234958808342451,0.26359598594708866,-0.0094297485385511,0,True,False,False
20240704,0.0,-0.020429300189617666,-0.018613664781925575,-0.11666666666666675,0.0,0.0,0,bad,0.6101437383807937,0.2652711022751783,0.12458515934402792,-0.0097070104176991,0,True,False,False
20240705,0.0,-0.02097694493138612,-0.01317669329161334,-0.11666666666666675,0.0,0.0,0,bad,0.4370336144366272,0.37221625629351407,0.19075012926985874,-0.0038567578803976,1,True,False,False
20240708,1.1838497763245154e-06,-0.02328816257133244,-0.009847505493838192,-0.10833333333333339,0.0,1.1838497763245154e-06,0,bad,0.5333488230352397,0.3174794681139994,0.149171708850761,-0.0010188318981805,1,True,False,False
20240709,7.331247290710625e-05,-0.004426988001260956,-0.0063466101321795615,-0.08333333333333343,0.0,7.331247290710625e-05,2,good,0.31900804116343806,0.3166016127368756,0.3643903460996863,-0.0019333613244636,1,True,False,False
20240710,6.77412986597153e-05,-0.00902162161444163,-0.005082549708779197,-0.09166666666666679,0.0,6.77412986597153e-05,2,good,0.24861503977629756,0.30694603499137557,0.44443892523232686,0.0282649559453184,2,True,False,False
20240711,0.00045010326362934853,0.000673251266491523,-0.00205541238813663,-0.03333333333333327,0.00040395075989491385,4.590264902844984e-05,2,good,0.26690167719897556,0.3657225045834494,0.36737581821757503,0.0062122921614289,1,True,False,False
20240712,4.377074939694854e-05,-0.007324123536279467,-0.003134849272619941,-0.058333333333333404,0.0,4.377074939694854e-05,0,bad,0.4183017322694475,0.3407761745894151,0.24092209314113747,-0.0141964461563851,0,True,False,False
20240715,1.219874316572931e-05,-0.008402212603551007,-0.0017984958983485542,-0.04999999999999988,0.0,1.219874316572931e-05,0,bad,0.5526280155342865,0.27727958974784805,0.17009239471786536,-0.0052514128590638,0,True,False,False
20240716,1.735750109863105e-05,-0.013524435154815953,-0.0005111073558285804,-0.07500000000000001,0.0,1.735750109863105e-05,0,bad,0.4465857298960564,0.33788696407265356,0.21552730603128992,-0.0021280818383869,1,True,False,False
20240717,0.00011519478109721181,-0.00042078590647066927,0.011550466250781414,-0.05833333333333335,0.0,0.00011519478109721181,0,bad,0.35596900501338485,0.346248774202977,0.29778222078363803,-0.0034105505604602,1,True,False,False
20240718,0.002862610147342011,0.00461838021222246,0.01605387329695046,-0.04166666666666663,0.002809514629101997,5.0344502412036586e-05,1,neutral,0.3372686698568052,0.45043364948596176,0.21229768065723295,0.0043730016029568,1,True,False,False
20240719,0.00428703915181872,0.007469655487116363,0.02339624635804244,-0.05833333333333335,0.004170557646973303,0.00010944761272174732,1,neutral,0.27892682418270326,0.4499369524956765,0.2711362233216203,0.0041099231822869,1,True,False,False
20240722,0.00796613537079713,0.014534663683072175,0.028671580014594026,-0.0500000000000001,0.007751820630971825,0.00019832728271553413,2,good,0.26198441873836,0.2780131663459942,0.4600024149156458,0.0337617977686684,2,True,False,False
20240723,0.006204531402876212,0.011773713188758694,0.03065371327291289,-0.03333333333333338,0.006083085147525325,0.0001035968553274601,1,neutral,0.25605601654807836,0.5126925638925328,0.23125141955938877,-0.0120414948027895,0,True,False,False
20240724,0.010161985993627809,0.019451654605282385,0.022606697456019693,-0.03333333333333338,0.010050021546062564,8.773999016648061e-05,0,bad,0.4020601130470159,0.36766342529931395,0.23027646165367016,-0.0014246067917029,1,True,False,False
20240725,0.011540750628095852,0.020254625792240022,0.021953758906324505,-0.03333333333333338,0.011477621282269345,3.3179879392206416e-05,0,bad,0.34630954153891536,0.3228217774132936,0.330868681047791,0.0068662329367082,1,True,False,False
20240726,0.010426446809450438,0.019192173310702644,0.019465729325725337,-0.04166666666666663,0.010395760543297267,2.6285286251283288e-06,1,neutral,0.3179242456678165,0.416331759060185,0.2657439952719985,0.0078968096567785,1,True,False,False
20240729,0.016068447469322067,0.03006541262991608,0.015711214284158687,0.0,0.016034886735955246,0.0,1,neutral,0.3162975359707704,0.4269190921527523,0.25678337187647726,0.0038889667067462,1,True,False,False
20240730,0.01696345083992893,0.029413198693195846,0.0047610086478101325,0.041666666666666574,0.01691258924858761,0.0,2,good,0.20547668734903363,0.33951211016978183,0.45501120248118465,0.0180719187456552,2,True,False,False
20240731,0.019374917543606367,0.03409771545555392,0.003588922563634595,0.050000000000000044,0.019322038758147222,0.0,2,good,0.22979366147626093,0.29665090773788616,0.4735554307858528,0.0154270913955909,2,True,False,False
20240801,0.016918676572873614,0.03264312784990843,0.005988412338049235,0.033333333333333326,0.01686561605578602,0.0,0,bad,0.40146525934893257,0.2654226548697367,0.3331120857813308,-0.0077654605484445,0,True,False,False
20240802,0.011305050171597976,0.02179427169907052,-0.0015222228132497255,0.033333333333333326,0.011260373711186435,0.0,1,neutral,0.2892390402697727,0.49929388867389773,0.21146707105632961,0.0036680301173113,1,True,False,False
20240805,0.007852917200511412,0.014006685928437327,-0.007148998068031709,0.02499999999999991,0.007820399643377508,0.0,1,neutral,0.2371595932032468,0.40953639359145405,0.35330401320529925,0.0124233967983121,2,True,False,False
20240806,0.005276083066187059,0.009407113625425772,-0.00838759734568804,0.02499999999999991,0.0052523051075293896,0.0,2,good,0.14758596096911303,0.280657498926996,0.571756540103891,0.0086691059487487,1,True,False,False
20240807,0.0059073012646478785,0.01053070781704494,-0.006903474609840327,0.02499999999999991,0.005879645197850092,0.0,1,neutral,0.31529246659189264,0.3954002136461116,0.28930731976199575,-0.0082449628636759,0,True,False,False
20240808,0.001466497440343467,0.002653274054661056,-0.01170797861522201,0.0,0.0014593007300635807,0.0,1,neutral,0.37059916200517967,0.4658888670691504,0.16351197092566994,0.0003227197491145,1,True,False,False
20240809,0.0005590246097756915,0.000967358221429071,-0.014982393683592334,-0.00833333333333336,0.0005562309773217157,0.0,0,bad,0.4223537964046752,0.40817109376838634,0.16947510982693847,-0.02140508104884,0,True,False,False
20240812,0.0,-0.0017960654069087978,-0.01677314744014687,-0.008333333333333415,0.0,0.0,1,neutral,0.4073079684860145,0.42035023314942443,0.17234179836456104,-0.0001052146851241,1,True,False,False
20240813,5.378569094545284e-05,8.920191069033967e-05,-0.014291293753984042,0.01666666666666672,5.352114641420381e-05,0.0,1,neutral,0.3675523986309475,0.4881637270400646,0.144283874328988,0.0038650656771769,1,True,False,False
20240814,0.0,-0.007315671196648443,-0.009793801206961291,0.01666666666666672,0.0,0.0,1,neutral,0.2659168959679456,0.4687053950253039,0.26537770900675056,0.0109014151935931,2,True,False,False
20240815,0.0,-0.01470364136588899,-0.011981047650895766,1.1102230246251565e-16,0.0,0.0,1,neutral,0.20798688647279226,0.44804979245661214,0.3439633210705956,-0.0043839185429385,1,True,False,False
20240816,2.605044974547124e-06,-0.022094170256436098,-0.011340121913047415,1.1102230246251565e-16,0.0,2.605044974547124e-06,0,bad,0.5192267726256534,0.347400162404935,0.13337306496941154,-0.0068281434305395,0,True,False,False
20240819,1.9277562643143016e-05,-0.02460465648395825,-0.0071304096521703775,0.0,0.0,1.9277562643143016e-05,0,bad,0.4238289073549368,0.4165090162445253,0.1596620764005379,0.0021240193559836,1,True,False,False
20240820,7.632798343118926e-06,-0.02838812922554413,-0.007048452396790824,-0.03333333333333338,0.0,7.632798343118926e-06,1,neutral,0.2798242156864325,0.4909087585898255,0.22926702572374194,-0.0004641282611138,1,True,False,False
20240821,0.0,-0.021229341981303808,-0.004248071068665003,-0.03333333333333338,0.0,0.0,1,neutral,0.31752910647504595,0.44416257415337074,0.23830831937158337,-0.0042069551026717,1,True,False,False
20240822,2.5103826766013637e-06,-0.023635065790173663,-0.004755404035676092,-0.041666666666666685,0.0,2.5103826766013637e-06,0,bad,0.4225700324524131,0.4126230346852183,0.16480693286236872,-0.0142102030867024,0,True,False,False
20240823,1.1650483217873894e-05,-0.020022641184368598,-0.0017422507241157334,-0.03333333333333338,0.0,1.1650483217873894e-05,0,bad,0.4327965835589726,0.3943350994964958,0.17286831694453159,0.0088457460164638,1,True,False,False
20240826,1.913542251418955e-06,-0.01717649636191928,-0.000521822072714076,-0.01666666666666672,0.0,1.913542251418955e-06,1,neutral,0.26068057341519835,0.41462466457207664,0.324694762012725,8.408610606148725e-05,1,True,False,False
20240827,0.0,-0.0128072355628195,-0.0044895806035641014,-0.05833333333333329,0.0,0.0,0,bad,0.42656255463515513,0.40936540672328675,0.16407203864155817,-0.004036121250465,1,True,False,False
20240828,0.0,-0.013861454571569495,-0.004342613990133283,-0.05833333333333335,0.0,0.0,1,neutral,0.389078033492694,0.41538553333894485,0.19553643316836108,0.0070619655805131,1,True,False,False
20240829,0.0,-0.018524338427081483,-0.004964826275864399,-0.07499999999999996,0.0,0.0,2,good,0.18666472058077369,0.3050830551279417,0.5082522242912846,0.0151318292238777,2,True,False,False
20240830,0.0,-0.014720877154068703,-0.00624999354129302,-0.06666666666666665,0.0,0.0,1,neutral,0.21601517629202735,0.4654765665841768,0.3185082571237959,0.0226342352415533,2,True,False,False
20240902,0.0,-0.00552409606357359,-0.0011229029241498119,-0.06666666666666671,0.0,0.0,1,neutral,0.2758676353820833,0.46004329728915333,0.2640890673287633,0.00086092821335,1,True,False,False
20240903,0.0,-0.01501573392576246,-0.010890366171296184,-0.06666666666666671,0.0,0.0,1,neutral,0.3712955928262767,0.42644554363231724,0.20225886354140613,-0.0032687296942543,1,True,False,False
20240904,0.0,-0.014626773545868606,-0.007717244626059401,-0.058333333333333404,0.0,0.0,1,neutral,0.41357240423763414,0.42008773650989933,0.16633985925246655,0.0039592672528105,1,True,False,False
20240905,0.0,-0.007489808965707868,-0.004717199454595403,-0.04166666666666674,0.0,0.0,0,bad,0.5321272884318056,0.29302246644970636,0.1748502451184881,-0.007637053149308,0,True,False,False
20240906,0.0,-0.004485892959473822,-0.004751055264838471,-0.050000000000000044,0.0,0.0,1,neutral,0.3181378990785428,0.5834305732701077,0.09843152765134949,-0.0012442667233359,1,True,False,False
20240909,0.0,-0.0032215486926391868,-0.005258088160672931,-0.050000000000000044,0.0,0.0,1,neutral,0.3417649055786075,0.49080319850566506,0.16743189591572752,0.0055352553510016,1,True,False,False
20240910,4.040263934287523e-05,-0.0010632279122393604,-0.0006024443234555199,-0.033333333333333326,0.0,4.040263934287523e-05,1,neutral,0.31141383896225744,0.496223235186285,0.1923629258514575,-0.0033951098881235,1,True,False,False
20240911,1.616530469025214e-05,-0.005316757174414856,-0.0003462910575653781,-0.050000000000000044,0.0,1.616530469025214e-05,0,bad,0.4407730631162911,0.4236662069706053,0.13556072991310353,0.0040830182210625,1,True,False,False
20240912,0.0039987039560042525,0.0075351613170725265,0.00936831157815482,-0.03333333333333338,0.0038931666804874715,9.272139612609809e-05,0,bad,0.41624633672116945,0.3895305758811765,0.1942230873976542,-0.008083805715892,0,True,False,False
20240913,0.004800693139907829,0.008380161874525595,0.009410235906323264,-0.03333333333333344,0.0047487583955645035,3.69950674315711e-05,0,bad,0.4479308949540533,0.41655759133288006,0.13551151371306663,-0.0171987699589152,0,True,False,False
20240918,0.003766870367343171,0.006449380275437323,0.010099870611348797,-0.04166666666666674,0.0037083936583764605,4.701184129718329e-05,2,good,0.3263704262525608,0.2973403777948103,0.3762891959526289,0.017507940884318,2,True,False,False
20240919,0.0024889036387666513,0.0041884872460377295,0.006162168605624779,-0.03333333333333338,0.002443284226855342,3.7944534691714e-05,2,good,0.1187028865764369,0.31976893780608534,0.5615281756174777,0.0103391298367855,2,True,False,False
20240920,1.3882765416296022e-05,-0.00218240988646088,0.0014416790501920827,-0.03333333333333338,0.0,1.3882765416296022e-05,1,neutral,0.134562251685916,0.5914209053297799,0.27401684298430407,0.0028573667308766,1,True,False,False
20240923,0.0,-0.0032022704340533004,-0.0012143949460278747,-0.04166666666666674,0.0,0.0,1,neutral,0.20327851368423025,0.4471793302054209,0.3495421561103489,0.0093632292707779,2,True,False,False
20240924,0.0,-0.009988653327672311,-0.0054760464993726474,-0.06666666666666665,0.0,0.0,2,good,0.15398964378977742,0.35463542717268365,0.491374929037539,0.0197066755855588,2,True,False,False
20240925,0.0,-0.00180938998551846,0.003281037771677802,-0.08333333333333326,0.0,0.0,2,good,0.0873705096191086,0.3267665053900308,0.5858629849908605,0.0416533161233507,2,True,False,False
20240926,0.002947341848416962,0.006063453358218049,0.005830613081690604,-0.033333333333333215,0.002930669123138724,0.0,2,good,0.10124533848342555,0.2443477133364747,0.6544069481800997,0.0523878800326184,2,True,False,False
20240927,0.00384820715985255,0.008788528604765866,0.007380897851273077,-0.03333333333333344,0.003808362395398541,1.7357171403110882e-05,2,good,0.17243245778317248,0.2782123468601348,0.5493551953566927,0.0673798836317494,2,True,False,False
20240930,0.023943342544270517,0.05352748476514696,0.0460226618760597,-0.016666666666666607,0.022303118652144564,0.0012450448132953285,2,good,0.20272791868211534,0.28483847748890445,0.5124336038289802,0.0461851106253892,2,True,False,False
20241008,0.060537194308310886,0.1323137590497206,0.1108508688969484,-0.02499999999999991,0.054028118278635906,0.004547391219784069,2,good,0.2159483369296284,0.3074930326166438,0.47655863045372787,-0.053817027122149,0,True,False,False
20241009,0.12994517733315128,0.2680442009812181,0.23016384415855806,-0.02499999999999991,0.10945138206733072,0.014005940685782281,2,good,0.32399534791999596,0.27795189709919293,0.3980527549808111,-0.0025481252880143,1,True,False,False
20241010,0.11474644415236629,0.2530054602791872,0.1811307814933911,-0.02499999999999991,0.10331056294733476,0.005417020774539913,2,good,0.2698951936975337,0.1674737759783213,0.562631030324145,-0.0113181772557184,0,True,False,False
20241011,0.0976183391636064,0.20266422513286522,0.1271504439919964,-0.04166666666666652,0.0895100327670155,0.0030707054862981866,2,good,0.23897511036513713,0.16442715525547,0.5965977343793929,0.0097920635304821,2,True,False,False
20241014,0.08114754128317167,0.17179503292903722,0.09403059162716136,-0.04166666666666652,0.07587613954365813,0.0009217673387051088,2,good,0.11306094526203395,0.1461713601034526,0.7407676946345134,0.0120707608473635,2,True,False,False
20241015,0.0821015821928287,0.17555456214490542,0.08629321346838834,-0.02499999999999991,0.07753659828066657,0.00016374749475218223,2,good,0.11559319767606518,0.1844083122240874,0.6999984900998474,0.013464730812286,2,True,False,False
20241016,0.07569802011047964,0.16210184813912934,0.0650282987047851,-0.02499999999999991,0.07159498292811547,0.0,2,good,0.1331821094841179,0.2537859521064838,0.6130319384093983,0.0088613494738727,1,True,False,False
20241017,0.05802515971524273,0.12868912713813233,0.03552844627021427,-0.07499999999999984,0.05469287903370626,0.0,2,good,0.14061487550280877,0.18217291142821146,0.6772122130689797,-0.0001158472386623,1,True,False,False
20241018,0.06614616695941548,0.13431758659041637,0.035145418898348726,-0.04999999999999999,0.06268154040886098,0.0,2,good,0.26629619994840315,0.20007850249984047,0.5336252975517564,0.0203087201547044,2,True,False,False
20241021,0.0916132051954044,0.1906441617343108,0.08132933349021924,-0.0666666666666666,0.08578987278043988,0.0005959548270309836,2,good,0.21871792203273588,0.22389333652245488,0.5573887414448093,0.0122291155852489,2,True,False,False
20241022,0.08142504458734567,0.19017547983064675,0.07071654802876845,-0.06666666666666665,0.07607019193225871,0.00014323077520766954,2,good,0.17342040657492563,0.23793946987436868,0.5886401235507056,0.0157015778852812,2,True,False,False
20241023,0.06719203266648863,0.17752604181884146,0.05232138739369267,-0.08333333333333326,0.06213411463659451,0.00015225424743574997,2,good,0.12169069801305511,0.25841290164299263,0.6198964003439522,0.0060796399514959,1,True,False,False
20241024,0.06159934188295756,0.1701609834691461,0.035215403038950474,-0.11666666666666659,0.056720327823048707,0.0001612205623898477,2,good,0.18821847658889662,0.25390113352448324,0.5578803898866201,0.1059233553243504,2,True,False,False
20241025,0.06950401180292934,0.17225160850364868,0.02716646389298516,-0.125,0.06459435318886825,0.00013832807779905217,2,good,0.08639385551059428,0.19813624785449405,0.7154698966349117,0.022952414980286,2,True,False,False
20241028,0.0716418897953202,0.19399875524515448,0.03158413756530512,-0.10833333333333328,0.06628290804209444,0.0,2,good,0.09311616872068189,0.3279558033717341,0.578928027907584,0.0070040651463723,1,True,False,False
20241029,0.061529621417099355,0.1786436609727578,0.00818417342007871,-0.1333333333333332,0.05657049264137332,0.0,2,good,0.22433120351729846,0.2925164642671653,0.48315233221553633,0.0013693969256851,1,True,False,False
20241030,0.05879537769706488,0.14893091588353508,-0.0033007342586951482,-0.1333333333333333,0.05460800249062953,0.0,2,good,0.21205777911973717,0.1955920137263177,0.5923502071539452,0.0214941408062281,2,True,False,False
20241031,0.05267069672937711,0.12539186400405836,-0.021015560151014762,-0.15833333333333338,0.049111813401589516,0.0,2,good,0.1771618984324744,0.2716679960554746,0.551170105512051,0.0063950319495436,1,True,False,False
20241101,0.04996391678865784,0.11883999857524477,-0.02521144902646218,-0.15833333333333338,0.04654566610863753,0.0,2,good,0.2803037179389199,0.24819451656592614,0.471501765495154,-0.0051893107719933,0,True,False,False
20241104,0.028808539462480628,0.06137346564227149,-0.033420619835263024,-0.15833333333333327,0.027106613992003238,0.0,2,good,0.21785420924898838,0.19634694601428146,0.58579884473673,0.0263979716935028,2,True,False,False
20241105,0.003011592321828929,0.006459989539317604,-0.02767528725303048,-0.15833333333333327,0.0028531620465319417,0.0,2,good,0.10103218110778502,0.2028632281062564,0.6961045907859585,0.0240248973312418,2,True,False,False
20241106,1.4678699742707373e-05,-0.06457478387605768,-0.008108421062131721,-0.15833333333333327,0.0,1.4678699742707373e-05,2,good,0.16551825981546917,0.40511453625547555,0.4293672039290553,0.0025902887173761,1,True,False,False
20241107,4.2666453986499606e-05,-0.06842037193960186,-0.013860126476297752,-0.175,0.0,4.2666453986499606e-05,2,good,0.2692298441708222,0.36418817392309494,0.3665819819060828,0.019836139800583,2,True,False,False
20241108,0.00021725126826836684,-0.023456175743677282,0.0034268043332547904,-0.16666666666666669,0.0,0.00021725126826836684,2,good,0.07955083865291566,0.30205292539771694,0.6183962359493674,-0.001671946628539,1,True,False,False
20241111,0.00014696723200565982,-0.0174414802058135,-0.00493682800713028,-0.1833333333333334,0.0,0.00014696723200565982,1,neutral,0.2118798690832955,0.4055905617820898,0.3825295691346147,-0.0042648397166168,1,True,False,False
20241112,0.0003644567146157257,-0.0003078191388492524,0.010859561696514294,-0.1833333333333334,0.0,0.0003644567146157257,2,good,0.20278085760441955,0.3740372179866163,0.4231819244089641,0.0010617356763783,1,True,False,False
20241113,0.005752396086648453,0.015472599183021352,0.014594998693578679,-0.16666666666666669,0.005415409714057472,0.00012779639182493766,0,bad,0.5011345627274242,0.24616297555127847,0.25270246172129734,-0.0156764415600762,0,True,False,False
20241114,0.0180781298714203,0.05159022032526098,0.02301470571459064,-0.1333333333333333,0.017196740108420327,0.0002231247138310682,0,bad,0.5164901455775373,0.26481117796208176,0.218698676460381,-0.0036599659132894,1,True,False,False
20241115,0.013362547015184332,0.03749834797399858,0.014118974090041998,-0.1416666666666666,0.012811935557782848,7.396595015801677e-05,0,bad,0.42268259726460217,0.25381957172919034,0.32349783100620744,-0.0194352498383172,0,True,False,False
20241118,5.1089853803256867e-05,-0.030775957285996282,-0.0019732203303006925,-0.14166666666666666,0.0,5.1089853803256867e-05,2,good,0.26310900487085814,0.1317482479190898,0.605142747210052,0.0136607447281499,2,True,False,False
20241119,0.0,-0.031131178492186752,-0.0041726176832670055,-0.14166666666666677,0.0,0.0,2,good,0.14836660879777722,0.26141816083104896,0.5902152303711738,0.0063042361290885,1,True,False,False
20241120,0.0,-0.010721888076014003,0.007730416777247654,-0.1250000000000001,0.0,0.0,2,good,0.23720867907320536,0.26651735909502006,0.4962739618317745,0.0032108274104389,1,True,False,False
20241121,0.0,-0.008665064520449423,0.0011262293196605357,-0.08333333333333343,0.0,0.0,0,bad,0.46187468187206,0.22599432151398627,0.3121309966139539,-0.0114951115144714,0,True,False,False
20241122,0.0,-0.005844286523013206,0.0028254775774230008,-0.09166666666666667,0.0,0.0,0,bad,0.5676317719522237,0.2271084110612269,0.2052598169865494,-0.0069503581466715,0,True,False,False
20241125,0.0,-0.020082307085781848,-0.0008685610023614551,-0.09166666666666662,0.0,0.0,2,good,0.335741528821895,0.2824498461497925,0.38180862502831253,-0.0010936815817481,1,True,False,False
20241126,0.0,-0.008598070306187793,-0.005041912653140024,-0.058333333333333404,0.0,0.0,2,good,0.3063227423772158,0.19964412185623226,0.49403313576655195,0.0133416036257661,2,True,False,False
20241127,0.0,-0.005023270254383094,-0.00741012603142116,-0.058333333333333404,0.0,0.0,2,good,0.13495619431333705,0.1888699003550106,0.6761739053316523,0.0447528466105797,2,True,False,False
20241128,0.00847368151543577,0.017856989021171332,0.000377020345165624,-0.03333333333333344,0.008333261543213287,0.0,2,good,0.1258357469197742,0.18219662491277577,0.69196762816745,0.0194401818864091,2,True,False,False
20241129,0.006296471206402302,0.011998748780187623,-0.0059697290783756775,-0.03333333333333338,0.006199353536430271,0.0,2,good,0.13447552590155823,0.15105693749734134,0.7144675366011004,0.009001088861646,2,True,False,False
20241202,0.014081531923529844,0.02958979022887457,0.0021144644529294734,-0.03333333333333344,0.013808568773474797,3.0446689106717967e-05,2,good,0.2533532519228915,0.2301478195152302,0.5164989285618783,0.0240959563497578,2,True,False,False
20241203,0.009382233769484096,0.019719541828226734,-0.001633883609802563,-0.03333333333333344,0.009202452853172473,2.407211388957863e-05,2,good,0.1558214275906427,0.33644156828877825,0.5077370041205791,0.0026727750603024,1,True,False,False
20241204,2.1523818183077005e-05,-0.001458252590052186,-0.006332601736096714,-0.041666666666666685,0.0,2.1523818183077005e-05,2,good,0.21779628452357375,0.29606381353920624,0.4861399019372201,0.0198516062874902,2,True,False,False
20241205,0.003837064560247499,0.006993796114343051,-0.006910906070967301,-0.025000000000000078,0.0037883062286024846,0.0,2,good,0.09997838934402369,0.2127762887632332,0.687245321892743,0.0289272915451117,2,True,False,False
20241206,0.0,-0.009880842612803462,-0.008623705779721344,-0.016666666666666663,0.0,0.0,2,good,0.1395244561826561,0.3108256992207565,0.5496498445965874,0.0080836350615017,1,True,False,False
20241209,0.002449675172137145,0.004685282096288157,-0.002415927239333279,-5.551115123125783e-17,0.0024207290830822142,0.0,1,neutral,0.23141359460405847,0.38659747826825863,0.3819889271276829,0.003129638584138,1,True,False,False
20241210,0.0,-0.013021567830616552,-0.005470035754462735,0.0,0.0,0.0,2,good,0.22928557326087778,0.25831796273424146,0.5123964640048807,0.0135467093899643,2,True,False,False
20241211,0.0,-0.018793055606346774,-0.005860717159462089,-0.016666666666666774,0.0,0.0,2,good,0.17014191536077572,0.28771615817694157,0.5421419264622828,0.0288614888567228,2,True,False,False
20241212,0.0,-0.03659077843784212,-0.012643243237175212,-0.07500000000000001,0.0,0.0,2,good,0.15950668662908546,0.39160674679531715,0.4488865665755973,-0.0043427772538041,1,True,False,False
20241213,0.0,-0.02996710861624089,-0.009204867956103237,-0.07500000000000012,0.0,0.0,1,neutral,0.3570705834178128,0.4474823607361571,0.19544705584603003,-0.0014609418493202,1,True,False,False
20241216,0.0,-0.017647194099450945,-0.01277108439118781,-0.07500000000000012,0.0,0.0,0,bad,0.45631382605714904,0.341177115719897,0.20250905822295384,-0.0251881414925529,0,True,False,False
20241217,0.0,-0.017823946454899226,-0.015493286228646024,-0.07500000000000012,0.0,0.0,0,bad,0.6355776397396654,0.21785280188176087,0.14656955837857374,-0.0168054262269382,0,True,False,False
20241218,0.0,-0.018433262804754158,-0.004472469334937463,-0.05833333333333335,0.0,0.0,0,bad,0.5308681694007541,0.26548658599154656,0.2036452446076993,-0.0043107772490977,1,True,False,False
20241219,5.72877704483525e-06,-0.013865076483110788,-0.006195381889508614,-0.07500000000000001,0.0,5.72877704483525e-06,0,bad,0.6038635148680438,0.19775853511343822,0.19837795001851796,-0.0062196047353838,0,True,False,False
20241220,1.6273408558338915e-05,-0.010918367294957987,-0.001227156128915737,-0.04999999999999999,0.0,1.6273408558338915e-05,0,bad,0.6150670761895392,0.2215199778269639,0.163412945983497,-0.0317357881070567,0,True,False,False
20241223,6.843235798777577e-05,-0.0077693975329569155,-0.0019895205752812153,-0.058333333333333404,0.0,6.843235798777577e-05,0,bad,0.6893665203768644,0.13495945042581964,0.1756740291973159,-0.0222900798086586,0,True,False,False
20241224,0.0028354212012828444,0.005369277521906118,0.00564209066588787,-0.041666666666666685,0.0026398947816038414,0.00018287936128023194,0,bad,0.6998659972420385,0.13445937916842537,0.16567462358953622,-0.0125282077207277,0,True,False,False
20241225,0.003885115841743213,0.008718838929261362,0.0056463345765683974,-0.04166666666666674,0.003850820527090434,1.5057392736376531e-05,0,bad,0.5697053964998939,0.16842339336284007,0.261871210137266,0.0093369233090381,2,True,False,False
20241226,0.0025257111345111344,0.004946629682859878,0.010846527129808714,-0.024999999999999967,0.002432092927406107,8.697797607485648e-05,2,good,0.3698771984491497,0.2196497667623942,0.4104730347884561,-0.0004484985234044,1,True,False,False
20241227,0.003843612398459634,0.008599525553590115,0.00808794034262622,-0.025000000000000133,0.0037981237861689663,3.727716729475127e-05,0,bad,0.6228265883046974,0.15192038942528607,0.2252530222700166,-0.0086006410441808,0,True,False,False
20241230,2.0970030909171084e-05,-0.0059521691266939585,0.0037177507992724084,-0.05833333333333329,0.0,2.0970030909171084e-05,0,bad,0.651817376718323,0.19595727036702063,0.15222535291465653,-0.0076006121780126,0,True,False,False
20241231,1.3374564238197336e-06,-0.0013187288032492726,0.005590024321636189,-0.03333333333333338,0.0,1.3374564238197336e-06,0,bad,0.6399879195536122,0.19598345591984873,0.1640286245265391,-0.0169347062417292,0,True,False,False
20250102,0.0,-0.0019810515415934066,0.00018195624432387758,-0.024999999999999967,0.0,0.0,0,bad,0.5669232683452288,0.19396211797038898,0.23911461368438225,0.0115168519898244,2,True,True,False
20250103,0.0,-0.009508962211197514,-0.007222440301090684,-0.024999999999999967,0.0,0.0,2,good,0.1521363475384049,0.09312633672248197,0.7547373157391132,-0.0139371637953771,0,True,True,False
20250106,0.0,-0.00446041282675276,-0.00395935633481391,-0.03333333333333327,0.0,0.0,2,good,0.40061117173058236,0.08747585095652866,0.511912977312889,0.026205663441246,2,True,True,False
20250107,0.0,-0.010591495498433856,-0.0038128323428096994,-0.04166666666666674,0.0,0.0,2,good,0.1427823843927038,0.10001016952790123,0.7572074460793949,0.0258908964086033,2,True,True,False
20250108,0.0,-0.00725350294302074,-0.0036253607910736382,-0.041666666666666685,0.0,0.0,2,good,0.1021014122915353,0.08632990389630632,0.8115686838121583,0.0143642494503077,2,True,True,False
20250109,0.0,-0.009294965277711509,-0.00666480088819664,-0.058333333333333404,0.0,0.0,2,good,0.10204728315358119,0.137460227487126,0.7604924893592928,-0.0093611390484522,0,True,True,False
20250110,0.0,-0.0022106016850464705,-0.007365893355428733,-0.01666666666666672,0.0,0.0,0,bad,0.47716775406143785,0.19779590795355054,0.3250363379850115,-0.0324734321733616,0,True,True,False
20250113,0.0,-0.00252174397627708,-0.0060118961498678986,-0.016666666666666607,0.0,0.0,0,bad,0.6111692312100366,0.09694303174141927,0.2918877370485442,0.0309745708748653,2,True,True,False
20250114,0.001957433969834117,0.0033514628098453014,-0.004356939265008873,0.0,0.0019550199724097587,0.0,2,good,0.19120405621512906,0.15980538724075505,0.648990556544116,0.0184324371072578,2,True,True,False
20250115,0.006988794424412839,0.012989469755331128,0.0008906362530960617,-1.1102230246251565e-16,0.006927717202843266,4.127458494036279e-05,2,good,0.35279257878616666,0.22623829679642307,0.42096912441741025,0.012206820293608,2,True,True,False
20250116,1.0285775196621017e-05,-0.002968828038095353,-0.005763463838172465,-0.01666666666666672,0.0,1.0285775196621017e-05,2,good,0.18652425933718775,0.23577754184555597,0.5776981988172563,-0.0168573550335577,0,True,True,False
20250117,0.0,-0.005326499152741894,-0.009742676729395347,-0.008333333333333304,0.0,0.0,0,bad,0.5355819087012631,0.23475682979668197,0.2296612615020549,0.0089811911817755,1,True,True,False
20250120,0.0,-0.008476456871208793,-0.008239941868234773,-0.016666666666666607,0.0,0.0,2,good,0.33557693183348175,0.26754010888541235,0.39688295928110595,0.0015192165644356,1,True,True,False
20250121,3.120356937441094e-05,-7.62562164139044e-05,-0.0004233502411373955,-0.00833333333333336,0.0,3.120356937441094e-05,0,bad,0.4857505062888784,0.2914075903757283,0.2228419033353934,-0.0127921921094432,0,True,True,False
20250122,0.0,-0.007145029396289082,0.0006226695564731655,0.0,0.0,0.0,0,bad,0.5786370260552103,0.28123359869114767,0.140129375253642,0.0004098353570009,1,True,True,False
20250123,2.6860436960392376e-05,-0.003418273265817992,0.004949404398969496,0.0,0.0,2.6860436960392376e-05,0,bad,0.4612734370236971,0.34045581012853043,0.19827075284777262,-0.0112030610473046,0,True,True,False
20250124,4.8537894098577876e-05,-0.010595216803211904,0.0035710719293107766,-0.025000000000000078,0.0,4.8537894098577876e-05,0,bad,0.359585326899675,0.35663206456889157,0.28378260853143344,0.0197773184148871,2,True,True,False
20250127,3.700311958929715e-05,-0.00839154287936953,0.003978229768136259,-0.025000000000000078,0.0,3.700311958929715e-05,2,good,0.20237128078964284,0.34479185314469046,0.4528368660656666,0.0053932089592816,1,True,True,False
20250205,0.0,-0.018746335770438202,-0.01081116100281021,0.008333333333333304,0.0,0.0,2,good,0.3082904708239188,0.2595538229403988,0.43215570623568245,0.0293993556050703,2,True,True,False
20250206,0.0,-0.016597141887508084,-0.005866981763997617,-0.041666666666666574,0.0,0.0,2,good,0.13670614155368682,0.1786065126287415,0.6846873458175716,0.0092689335621661,2,True,True,False
20250207,0.0,-0.007815196288981233,-0.001193766057302481,-0.041666666666666574,0.0,0.0,2,good,0.18693150977973133,0.38449995062307973,0.4285685395971889,0.034864659231027,2,True,True,False
20250210,0.003163430509023049,0.007373655655790776,0.00525766620756718,-0.04166666666666674,0.0031338036537110793,0.0,2,good,0.16940885704954128,0.3548797706929251,0.47571137225753357,0.0146630738321478,2,True,True,False
20250211,0.001113970266076942,0.002934864540402732,0.00407992515614012,-0.04166666666666663,0.0011005742026510244,0.0,2,good,0.15574639560620263,0.400236834448973,0.44401676994482436,0.0047831182884728,1,True,True,False
20250212,2.3405078594349945e-05,-0.006957060055846842,-0.005576455895761757,-0.033333333333333326,0.0,2.3405078594349945e-05,1,neutral,0.23824237150240662,0.529158413433791,0.23259921506380235,0.0117296027378679,2,True,True,False
20250213,1.0131251406353707e-05,-0.00301066905956153,-0.0019890535203521686,-0.033333333333333326,0.0,1.0131251406353707e-05,1,neutral,0.17190265435576155,0.49677127780490293,0.3313260678393355,-0.0023015847509489,1,True,True,False
20250214,0.0,-0.0023915900596862133,-0.005283678053243111,-0.016666666666666607,0.0,0.0,0,bad,0.43147090386830306,0.369051732956356,0.19947736317534098,0.0111460415270251,2,True,True,False
20250217,0.001803269670748341,0.00464339199236137,0.0004418700605261297,-0.01666666666666672,0.001779966930405192,0.0,2,good,0.1376843740235414,0.3961827239952488,0.46613290198120966,-0.0123945793794048,0,True,True,False
20250218,0.0032045577076984023,0.009436487794627205,0.005722205828868843,-0.016666666666666496,0.003145495931542403,8.191380654228995e-06,0,bad,0.5026420932022305,0.3278612146391904,0.16949669215857913,0.0052993868274565,1,True,True,False
20250219,0.0007919568403055252,0.002033728117239869,0.0006636402058872726,-0.033333333333333326,0.0007457003096546188,3.509872687044084e-05,1,neutral,0.24867372232358836,0.43243678998017526,0.3188894876962364,0.0178158823368356,2,True,True,False
20250220,3.7338940882890487e-05,-0.0011858874054758994,0.004232327134904734,-0.033333333333333326,0.0,3.7338940882890487e-05,2,good,0.1683039244540887,0.30630288299803937,0.5253931925478719,0.0007712064934069,1,True,True,False
20250221,0.0003037831955260115,0.0008709012242700265,-0.0011549364310331836,-0.07499999999999996,0.00028304289788775867,1.6209937555964163e-05,1,neutral,0.2987836083200515,0.5162473203360136,0.1849690713439349,0.0088542528281823,1,True,True,False
20250224,0.00855256604111961,0.02567427166273173,0.016864722336579284,-0.06666666666666654,0.008130186026531717,0.0002603746946549808,2,good,0.24661595682817616,0.3428866624705394,0.41049738070128444,0.0089164483266563,1,True,True,False
20250225,0.007690525554194575,0.02146870580702287,0.013077403370989657,-0.06666666666666665,0.0075140470324580036,3.890029582600947e-05,1,neutral,0.2537130443432195,0.45974751931262653,0.28653943634415385,0.0137105357844811,2,True,True,False
20250226,0.005625309897307353,0.01365647056875996,0.012911233423193967,-0.050000000000000044,0.005462588227503984,8.008217218892239e-05,2,good,0.24194671929420553,0.3616511495237043,0.3964021311820902,0.0029208324431431,1,True,True,False
20250227,0.007309344856941796,0.018184314433210183,0.017066293193266177,-0.05833333333333335,0.007122189819673989,7.612906870920071e-05,1,neutral,0.31641202074781016,0.3828668481554174,0.30072113109677245,-0.0185176005931031,0,True,True,False
20250228,0.004880642711678088,0.012398364352527683,0.015034814233138419,-0.06666666666666676,0.004752706335135612,4.9373469332316375e-05,0,bad,0.49872483192198525,0.3411129345873801,0.1601622334906347,-0.0043905937375517,1,True,True,False
20250303,0.001334440777957507,0.0033502703738508277,0.003975468380318925,-0.05833333333333335,0.001312189229758241,0.0,0,bad,0.44753180308688667,0.30988502742454127,0.24258316948857198,-0.0025168427535228,1,True,True,False
20250304,0.0021973525927772544,0.005291344077642715,0.005600232917516676,-0.05833333333333335,0.002160632165037442,0.0,0,bad,0.4913362762593904,0.24627403810159137,0.2623896856390183,0.02019507658176,2,True,True,False
20250305,0.006181528386280089,0.016958739776558852,-2.36011151546079e-06,-0.09166666666666667,0.006076881753266923,0.0,2,good,0.16767345453132526,0.24337640355448506,0.5889501419141897,0.0101156167441515,2,True,True,False
20250306,0.0032659787848694152,0.009174979934630303,-0.00328410101752602,-0.06666666666666654,0.003211242977120607,0.0,2,good,0.18855149583222797,0.395796347444494,0.4156521567232781,-0.0012036920432756,1,True,True,False
20250307,0.0040422867101837035,0.011349416885963616,0.0025718242759312053,-0.06666666666666654,0.003972295910087267,0.0,1,neutral,0.31864825183531165,0.35084978707279,0.33050196109189833,-0.0055769847331236,0,True,True,False
20250310,0.0,-0.004212320653372771,-0.00585439102328585,-0.06666666666666665,0.0,0.0,1,neutral,0.33679645229999483,0.5162741189677206,0.1469294287322846,0.0128563803860101,2,True,True,False
20250311,0.0,-0.0062609916455516786,-0.008408782223034206,-0.08333333333333331,0.0,0.0,2,good,0.16800529924559773,0.32014055078881626,0.5118541499655861,0.006832906008064,1,True,True,False
20250312,0.0,-0.0003172570130999669,-0.012102793017111146,-0.09166666666666667,0.0,0.0,1,neutral,0.2440408562599101,0.41582599272884085,0.34013315101124914,-0.0025298296366809,1,True,True,False
20250313,0.0,-0.009087444136162174,-0.016904746109876946,-0.10833333333333345,0.0,0.0,0,bad,0.4533757433401572,0.39113170360980487,0.1554925530500379,-0.0066307584109171,0,True,True,False
20250314,0.0,-0.010170844949297096,-0.020662946361365803,-0.10833333333333345,0.0,0.0,0,bad,0.5053431381464317,0.36511106500659984,0.12954579684696843,0.0071171695283344,1,True,True,False
20250317,0.0,-0.009176585905243024,-0.013711916486061404,-0.10833333333333345,0.0,0.0,1,neutral,0.2209101333095094,0.46466817499679985,0.31442169169369066,-0.0067311420268054,0,True,True,False
20250318,0.0,-0.021406853916084247,-0.01916678562685159,-0.15000000000000008,0.0,0.0,1,neutral,0.4252496918805303,0.463217572671835,0.11153273544763484,-0.0018137468627773,1,True,True,False
20250319,0.0,-0.01414226121785922,-0.015747550364500967,-0.15000000000000008,0.0,0.0,0,bad,0.48552648227711037,0.39226135408314655,0.12221216363974305,-0.0033420157644282,1,True,True,False
20250320,0.0,-0.017981741728535356,-0.015351066836305938,-0.15000000000000008,0.0,0.0,1,neutral,0.3851719072121997,0.4873234719699987,0.12750462081780153,-0.0066573433974933,0,True,True,False
20250321,0.0,-0.017429876036356484,-0.01906892038176759,-0.10833333333333334,0.0,0.0,0,bad,0.47894196640476894,0.40200722080069307,0.11905081279453783,-0.0101169174306346,0,True,True,False
20250324,0.0,-0.03837676140360469,-0.020875487327878972,-0.10833333333333334,0.0,0.0,1,neutral,0.3837680971780641,0.4857918088899222,0.13044009393201367,-0.0070084211658211,0,True,True,False
20250325,0.0,-0.032783940322750005,-0.016045118142368975,-0.08333333333333315,0.0,0.0,0,bad,0.48510397663489535,0.36297321825325907,0.15192280511184553,-0.0011670086482583,1,True,True,False
20250326,0.0,-0.03536619105999208,-0.016239086140024544,-0.09999999999999992,0.0,0.0,0,bad,0.4799757169207594,0.31304037242928096,0.20698391064995958,-0.0168635948980167,0,True,True,False
20250327,0.0,-0.04397268997952379,-0.018795237281680068,-0.1333333333333333,0.0,0.0,0,bad,0.6235085267436522,0.2417003392761325,0.1347911339802153,-0.0069864387960436,0,True,True,False
20250328,0.0,-0.040141705788389104,-0.013887168182927232,-0.1166666666666667,0.0,0.0,0,bad,0.5994240702997629,0.26733183021042917,0.13324409948980806,-0.0163487487364187,0,True,True,False
20250331,0.0,-0.03197316926286379,-0.013154201419479834,-0.1166666666666667,0.0,0.0,0,bad,0.5620786012089491,0.33286332692972387,0.10505807186132696,0.0031673363136634,1,True,True,False
20250401,0.0,-0.03574689414079315,-0.013352731577007136,-0.1166666666666667,0.0,0.0,1,neutral,0.35413216926665325,0.36087880160793934,0.2849890291254074,-0.0036187349745935,1,True,True,False
20250402,0.0,-0.03562981577358741,-0.016418188928591388,-0.10000000000000009,0.0,0.0,0,bad,0.5187215588655169,0.34472996514472304,0.1365484759897601,-0.0021032242533661,1,True,True,False
20250403,0.0,-0.03317840803195683,-0.015232388261105862,-0.10833333333333334,0.0,0.0,0,bad,0.5421894407011099,0.3088313652835262,0.14897919401536389,-0.0323141144704054,0,True,True,False
20250407,0.0,-0.04213313689565725,-0.017199058909915226,-0.10833333333333328,0.0,0.0,0,bad,0.6288595204511316,0.23150616805615848,0.13963431149270997,-0.0341611118665463,0,True,True,False
20250408,0.0,-0.052388188671358416,-0.03490742863757136,-0.10833333333333328,0.0,0.0,2,good,0.2668595918238353,0.05657914198480576,0.676561266191359,0.0189158529691723,2,True,True,False
20250409,0.0,-0.0400943222578931,-0.022681322128688453,-0.07500000000000007,0.0,0.0,2,good,0.06015975135302335,0.04838715584722722,0.8914530927997495,0.0554837041524463,2,True,True,False
20250410,0.0,-0.035735096580742684,-0.019512442175966385,-0.06666666666666682,0.0,0.0,2,good,0.08963331682249875,0.08109377130951466,0.8292729118679866,0.0053676165031072,1,True,True,False
20250411,0.0,-0.033728528412340655,-0.020368873035990387,-0.04999999999999993,0.0,0.0,2,good,0.2278596154793551,0.18540616672453047,0.5867342177961145,0.0095960890527452,2,True,True,False
20250414,0.0,-0.02505020974623233,-0.014138927044204164,-0.04999999999999999,0.0,0.0,2,good,0.22827279533303943,0.22340383580990808,0.5483233688570526,0.0039348634983147,1,True,True,False
20250415,5.053339113841194e-05,-0.03536901933049691,-0.017516998197508682,-0.04999999999999999,0.0,5.053339113841194e-05,2,good,0.3070388010256742,0.2524039029483237,0.44055729602600213,-0.0109296582627021,0,True,True,False
20250416,0.0,-0.029503462780126347,-0.01600254264013099,-0.01666666666666672,0.0,0.0,0,bad,0.4103060807349969,0.22861250032740427,0.3610814189375988,-0.0085158570085157,0,True,True,False
20250417,3.2796989673684533e-06,-0.029492913899736198,-0.012182502887042236,-0.008333333333333304,0.0,3.2796989673684533e-06,0,bad,0.5314292037470192,0.15510480424141673,0.3134659920115641,0.0064979596388854,1,True,True,False
20250418,8.325645964014762e-06,-0.028726113271325293,-0.010554813137718892,0.008333333333333304,0.0,8.325645964014762e-06,2,good,0.32044696394452854,0.19447262752450822,0.48508040853096335,0.019706707020106,2,True,True,False
20250421,0.0,-0.024382426604887444,-0.008867310107629697,0.016666666666666663,0.0,0.0,2,good,0.23377363341696938,0.25879407315366465,0.507432293429366,0.0056814524086659,1,True,True,False
20250422,1.4479596925444442e-05,-0.0213038359982338,-0.00782771450454047,0.01666666666666672,0.0,1.4479596925444442e-05,0,bad,0.43260394720421436,0.24184717336565453,0.3255488794301312,-0.0055526051973046,0,True,True,False
20250423,0.0,-0.029415842804707423,-0.011631658960828274,-0.025000000000000022,0.0,0.0,0,bad,0.4467557853883474,0.2528078004416824,0.3004364141699703,-0.0037129944339854,1,True,True,False
20250424,0.0,-0.02549661385251179,-0.007910110201459524,-0.03333333333333344,0.0,0.0,0,bad,0.49192277684563007,0.2985072626764882,0.20956996047788173,-0.0057999538680593,0,True,True,False
20250425,0.0,-0.022468554731238863,-0.008369769020827497,-0.008333333333333304,0.0,0.0,0,bad,0.4128406448024051,0.29936583619655316,0.28779351900104166,-0.0029152657850143,1,True,True,False
20250428,0.0,-0.022968596071198832,-0.0043651347958063025,-0.008333333333333304,0.0,0.0,0,bad,0.4502733575631845,0.24690475884194016,0.3028218835948753,-0.0078705147271187,0,True,True,False
20250429,0.0,-0.020847329390444244,-0.0018248955819616388,-0.008333333333333304,0.0,0.0,0,bad,0.5224700430992562,0.27985231995629095,0.19767763694445287,0.0130882549513112,2,True,True,False
20250430,6.611625006178581e-06,-0.021613139092373036,-0.003288927024560351,-0.016666666666666607,0.0,6.611625006178581e-06,1,neutral,0.33995875865512043,0.3646590553713252,0.29538218597355437,0.0134896028348485,2,True,True,False
20250506,1.053552501519931e-05,-0.014117222440836241,0.0006174914723815848,0.008333333333333304,0.0,1.053552501519931e-05,1,neutral,0.37115632505997226,0.3860044512046619,0.24283922373536568,0.0054326261268125,1,True,True,False
20250507,1.4439047732196415e-05,-0.01506646333599878,0.0003447628853505691,0.016666666666666607,0.0,1.4439047732196415e-05,1,neutral,0.2390504876849744,0.4113083726072197,0.34964113970780586,0.0024848316442876,1,True,True,False
20250508,1.070285258141388e-05,-0.00849005444461548,0.0037142713220115198,0.025000000000000133,0.0,1.070285258141388e-05,0,bad,0.34192009676036056,0.33951626300907034,0.31856364023056916,-0.0050090293555313,0,True,True,False
20250509,0.007954918895039773,0.02416664352142313,0.00838728783814121,0.008333333333333304,0.007854159144462518,5.709032221475693e-05,0,bad,0.5761608631709583,0.29282386786205317,0.13101526896698856,-0.0007877564860378,1,True,True,False
20250512,0.0025344234213656495,0.006927994647239144,0.004860608705001528,-0.008333333333333415,0.002482531415260693,3.851730717373921e-05,0,bad,0.49202632977693506,0.31318387665122893,0.19478979357183598,0.0013831411014394,1,True,True,False
20250513,0.005299292438134822,0.01441934915978467,0.01243182902156581,-0.008333333333333415,0.005166933448922839,0.00010551689871131106,0,bad,0.4969930138748767,0.3162338604523519,0.18677312567277132,-0.0028013707734134,1,True,True,False
20250514,0.006604610719184193,0.016370837772539636,0.011809101176814739,-0.016666666666666607,0.006548335109015854,1.867786600793545e-05,1,neutral,0.37832374145870884,0.46259546698480203,0.1590807915564891,2.5268926517696585e-05,1,True,True,False
20250515,0.006384181969915656,0.015716190336290903,0.016056135642206797,-0.016666666666666607,0.006286476134516362,6.607436660867654e-05,1,neutral,0.34743168284210474,0.4417729740984148,0.21079534305948036,-0.0004983389864853,1,True,True,False
20250516,0.007435989481924896,0.016385537906236796,0.01060012099860434,-0.01666666666666683,0.007373492057806555,2.2632471864497463e-05,1,neutral,0.27852093010792595,0.5453153254314178,0.17616374446065633,0.0250072597543266,2,True,True,False
20250519,0.005332607957047438,0.01243870387821814,0.006250264584933942,-0.04166666666666674,0.005286449148242708,1.5564900526712125e-05,1,neutral,0.14888278963564222,0.587643345524085,0.2634738648402727,0.0048574039831699,1,True,True,False
20250520,0.0024969101567338674,0.0062051546032707225,0.0015631808514183412,-0.06666666666666665,0.0024820618413082893,0.0,1,neutral,0.17414540796143396,0.6551625521869315,0.1706920398516345,-0.0037756744373608,1,True,True,False
20250521,0.0017906262574248885,0.004642943872837514,-0.00012581993512014028,-0.08333333333333326,0.0017797951512543808,0.0,1,neutral,0.3572799380837694,0.5285917310299566,0.114128330886274,-0.0002392220663809,1,True,True,False
20250522,0.0035296188698616497,0.009354119240122118,0.004641093045111587,-0.09166666666666656,0.003507794715045795,0.0,1,neutral,0.37726950106541923,0.5087225399642338,0.11400795897034705,0.0039036282790399,1,True,True,False
20250523,0.0035110709636630966,0.008213290175590061,0.0035035438921460207,-0.09166666666666673,0.0034906483246257758,0.0,1,neutral,0.21759361866451038,0.5968126758233446,0.18559370551214505,0.0008584054009457,1,True,True,False
20250526,0.0047977008628383505,0.010803358146351177,-2.9982528898390374e-05,-0.07500000000000001,0.004771483181305103,0.0,1,neutral,0.39661943326049515,0.47632449222209283,0.12705607451741194,0.0115699181601886,2,True,True,False
20250527,0.00047605245746589907,0.0010330580737492046,-0.006690258687915414,-0.07500000000000001,0.00047348495046838546,0.0,1,neutral,0.23190658285847227,0.5010593620152042,0.2670340551263236,0.0065168691414306,1,True,True,False
20250528,0.0,-0.0008592051697364402,-0.010147092447319261,-0.06666666666666671,0.0,0.0,0,bad,0.4335138939736356,0.36876977999452765,0.19771632603183684,0.006592234680721,1,True,True,False
20250529,0.0,-0.003515223447184172,-0.00973645424398443,-0.07500000000000001,0.0,0.0,1,neutral,0.31436928431996025,0.46220364540431225,0.22342707027572759,-0.0007280996689431,1,True,True,False
20250530,0.0,-0.005104632836514817,-0.00975322919513727,-0.07500000000000001,0.0,0.0,1,neutral,0.34551044510187184,0.4606497068083568,0.1938398480897714,-0.0031393484313114,1,True,True,False
20250603,0.0,-0.002603880726670874,-0.009819546795287107,-0.06666666666666671,0.0,0.0,1,neutral,0.4052938335498801,0.42630996713696906,0.1683961993131509,0.0028063395155232,1,True,True,False
20250604,0.0,-0.007067597905533723,-0.010768993655681106,-0.07500000000000001,0.0,0.0,1,neutral,0.3656584301831205,0.42422539060989856,0.2101161792069809,0.00578852722171,1,True,True,False
20250605,0.0,-0.004326690206534034,-0.009094303176868546,-0.07500000000000001,0.0,0.0,1,neutral,0.3368731432550235,0.5033390889237229,0.15978776782125356,-0.0054136090609344,0,True,True,False
20250606,2.5901861314849272e-05,-0.0002854786869031338,-0.0023053192917713945,-0.08333333333333331,0.0,2.5901861314849272e-05,1,neutral,0.3254699106449317,0.5688744395698087,0.10565564978525967,0.0001276155358961,1,True,True,False
20250609,6.069365009967038e-06,-0.010003038091019637,-0.005845987883831319,-0.07500000000000001,0.0,6.069365009967038e-06,1,neutral,0.3627181937939356,0.48985272325151574,0.14742908295454865,0.0145126565641932,2,True,True,False
20250610,1.4840581439146672e-05,-0.004998640648930372,-0.003553306919252635,-0.07500000000000001,0.0,1.4840581439146672e-05,1,neutral,0.21505720453450003,0.5038352939096997,0.2811075015558004,-0.0024814990084605,1,True,True,False
20250611,5.35664330893511e-06,-0.01716233464951561,-0.0072986992913791435,-0.07500000000000001,0.0,5.35664330893511e-06,1,neutral,0.3436324722648592,0.5280313902463498,0.12833613748879089,0.0039563456695639,1,True,True,False
20250612,8.781354289905582e-06,-0.015815483985435752,-0.004772694045262741,-0.08333333333333331,0.0,8.781354289905582e-06,1,neutral,0.18362577402783128,0.6485638101476132,0.1678104158245555,-0.0133244541183267,0,True,True,False
20250613,0.0,-0.019386349309315876,-0.002663687722041324,-0.08333333333333337,0.0,0.0,1,neutral,0.3550580496062551,0.5573821378702516,0.08755981252349336,0.0037291475940573,1,True,True,False
20250616,8.27040065065293e-06,-0.012787332421719533,0.000534579811762026,-0.08333333333333337,0.0,8.27040065065293e-06,1,neutral,0.1567587553445191,0.5976271996474498,0.2456140450080312,0.0065030324451736,1,True,True,False
20250617,3.2071305234199895e-06,-0.008931585320126834,0.0012417415239407426,-0.06666666666666671,0.0,3.2071305234199895e-06,1,neutral,0.3026454275906676,0.4980748408780813,0.19927973153125111,-0.0052126268520451,0,True,True,False
20250618,7.145457274901864e-06,-0.007649535740410071,-0.001442880621809787,-0.04999999999999999,0.0,7.145457274901864e-06,0,bad,0.44942480994197764,0.43072756250735134,0.11984762755067092,-0.0012783158312837,1,True,True,False
20250619,8.157758836140343e-06,-0.0037967742729062004,0.0011364714421664241,-0.03333333333333338,0.0,8.157758836140343e-06,0,bad,0.48019721221942013,0.38767430695294525,0.13212848082763462,-0.0093948980842961,0,True,True,False
20250620,6.56153364224204e-06,-0.00862906985785176,0.0016400413532842717,-0.033333333333333326,0.0,6.56153364224204e-06,0,bad,0.4670078335490969,0.40487663301133664,0.12811553343956633,0.012068499166561,2,True,True,False
20250623,0.0,-0.010297640416810971,-0.00016842372457518892,-0.033333333333333326,0.0,0.0,2,good,0.3063446627636648,0.33866172902598973,0.3549936082103454,0.0199494004083181,2,True,True,False
20250624,0.0,-0.011875264632363935,-0.00391538102013413,-0.03333333333333338,0.0,0.0,1,neutral,0.14699766422057198,0.4975120588047823,0.3554902769746457,0.0014377640658088,1,True,True,False
20250625,1.6188313055426747e-05,2.475479983339926e-05,0.0013011453220097193,-0.025000000000000022,1.1758529920864647e-05,4.386275069300703e-06,1,neutral,0.23721082549843364,0.552139283711826,0.21064989078974045,0.0011358088257614,1,True,True,False
20250626,0.007904522700087964,0.018218433589303307,0.014525308070861574,-0.025000000000000133,0.007742834275453904,0.00011003508473389546,0,bad,0.3714597950544384,0.35501242637184377,0.2735277785737178,-0.0003997174424604,1,True,True,False
20250627,0.006997893610068134,0.01631548511515442,0.011989315267219986,-0.025000000000000133,0.006934081173940627,1.665946580201437e-05,1,neutral,0.336316655392318,0.4417580283778822,0.2219253162297999,0.0063766242128155,1,True,True,False
20250630,0.007562603142730523,0.01720500647298018,0.011931494705294608,-0.033333333333333215,0.00745550280495808,5.6379276977719965e-05,1,neutral,0.241275441339666,0.47342919716492843,0.2852953614954056,0.0139586668904455,2,True,True,False
20250701,0.008728348351416372,0.022364975878187053,0.015287236678199388,-0.033333333333333326,0.008573240753305036,8.53110950793633e-05,2,good,0.12816355984084618,0.40809985837541796,0.4637365817837359,-0.0139892894791687,0,True,True,False
20250702,0.006065143883952584,0.0155804425597336,0.006525502377550563,-0.08333333333333337,0.005972502981231213,4.1205627242469264e-05,0,bad,0.4566706587704421,0.45515389979325616,0.0881754414363018,0.0031296729388289,1,True,True,False
20250703,0.003943214773428607,0.009027116715363864,0.0014432379563522613,-0.08333333333333315,0.003911750576657675,0.0,1,neutral,0.16004352371753208,0.6167418780592735,0.22321459822319453,-0.0062794303077121,0,True,True,False
20250704,0.004400264342617795,0.010065254943900832,0.008808346684811081,-0.08333333333333315,0.004361610475690361,2.6325998040235993e-06,0,bad,0.4464727209880514,0.4449254514594373,0.10860182755251124,0.0059540413849081,1,True,True,False
20250707,0.006333370297946618,0.014499507352249918,0.00828292771718623,-0.08333333333333315,0.006283119852641633,0.0,1,neutral,0.13018274939056945,0.5976144586764948,0.2722027919329358,0.0067809249309815,1,True,True,False
20250708,0.001425312932303871,0.0030846662080652454,-0.0008868937282873555,-0.10833333333333328,0.0014138053453632375,0.0,1,neutral,0.15486915425065972,0.4977281542070758,0.3474026915422645,0.0004965616727546,1,True,True,False
20250709,0.007412288822967673,0.017918747605119877,0.007875092802319312,-0.10833333333333328,0.007316821938757283,2.377035125455632e-05,1,neutral,0.2924146616170997,0.4891936585645706,0.21839167981832977,0.0002815236525577,1,True,True,False
20250710,0.007756904817737967,0.0167083562656735,0.007848713285005766,-0.05833333333333324,0.007657996621767022,3.2049569503407646e-05,1,neutral,0.24318364823873231,0.5258793997106462,0.23093695205062148,0.0071087892460797,1,True,True,False
20250711,0.005898380225272615,0.01299232604540583,0.004664687749213914,-0.06666666666666654,0.005846546720432624,0.0,1,neutral,0.1308457959391404,0.6011290419672708,0.2680251620935888,-0.0008290525709789,1,True,True,False
20250714,0.00627039423385623,0.015465358392234806,0.00871023420767662,-0.06666666666666676,0.0061861433568939205,1.611094167608171e-05,1,neutral,0.256290270396276,0.5128569150834733,0.23085281452025075,-0.0053650968189483,0,True,True,False
20250715,0.004228773295559354,0.009791734079078629,0.0031196825686509166,-0.07500000000000007,0.004161486983608417,2.3311891929294885e-05,1,neutral,0.2512611780937502,0.5810580707724999,0.16768075113374992,-0.0034499881513954,1,True,True,False
20250716,0.011711734521403233,0.028090657513408487,0.016202969794639237,-0.04166666666666674,0.011470351817975132,0.00011165301841248258,1,neutral,0.3643902459895288,0.41303820029331045,0.22257155371716084,0.0099505352675271,2,True,True,False
20250717,0.010091224469882618,0.023414070954757525,0.01302086922662397,-0.05833333333333324,0.009950980155771949,3.143420958237159e-05,1,neutral,0.13218112124960418,0.49476170081110554,0.37305717793929033,-0.0027483286768901,1,True,True,False
20250718,0.010585449645482315,0.027663131129684465,0.015250163733435275,-0.05833333333333324,0.010373674173631674,7.967816866031752e-05,0,bad,0.43058620565175504,0.37226626383852385,0.19714753050972111,0.0036808377744959,1,True,True,False
20250721,0.009981818832202421,0.03024131343715715,0.013535199060038899,-0.05833333333333324,0.009828426867076075,1.0442964848648588e-05,1,neutral,0.2714515504178421,0.4053420679140245,0.32320638166813354,0.0065225586853814,1,True,True,False
20250722,0.010725844554861036,0.032417519024370026,0.009447756999477162,-0.05833333333333324,0.01053569368292026,3.644651668755173e-05,1,neutral,0.2834931942143325,0.4232849207996388,0.2932218849860287,-0.0079767581580178,0,True,True,False
20250723,0.008964779366880025,0.027187760610703007,0.009097557919258557,-0.05833333333333324,0.008836022198478479,0.0,1,neutral,0.2866138939359096,0.5473253075425905,0.16606079852149996,-0.0025172884391912,1,True,True,False
20250724,0.006142199174159112,0.016536604874855386,0.012798324367781833,-0.033333333333333326,0.006063421787446975,1.7338491455245385e-05,1,neutral,0.2386612788513054,0.49402972116276705,0.2673089999859275,-0.0009986860649086,1,True,True,False
20250725,0.006359815616706488,0.01982846646165315,0.013178275830785235,-0.033333333333333215,0.006279014379523499,9.893067838331539e-06,1,neutral,0.2424058168135321,0.5369466671477775,0.22064751603869034,0.0050841083771067,1,True,True,False
20250728,0.007348840040308102,0.022155094129866854,0.015340987510073699,-0.04166666666666663,0.007200405592206729,6.0268019490126275e-05,2,good,0.11312561259644541,0.41274241213406043,0.4741319752694942,0.0089633209458873,1,True,True,False
20250729,0.007203101688082924,0.02172943002739809,0.01833433299609473,-0.04166666666666663,0.007062064758904381,5.447494950244705e-05,1,neutral,0.08225674860231941,0.48283124221050705,0.43491200918717354,-0.0066056227549196,0,True,True,False
20250730,0.014738073579473139,0.04421165030483176,0.02961738398565232,0.008333333333333304,0.014368786349070326,0.00018513794701775443,0,bad,0.5226417564342206,0.31598792423350447,0.16137031933227503,-0.0066037776316819,0,True,True,False
20250731,0.012539861990992246,0.03881073626054943,0.017625616216137306,0.0,0.012290066482507323,7.171795023114585e-05,1,neutral,0.32912132374581327,0.41277389476835336,0.25810478148583327,-0.0065247587955186,0,True,True,False
20250801,0.010020955549377455,0.02691814752182186,0.0133562166565373,0.0,0.009869987424668016,3.769178248572092e-05,1,neutral,0.37605726383903454,0.3763639122622488,0.24757882389871655,0.0131122105047158,2,True,True,False
20250804,0.007954280058319206,0.021924865955760632,0.007737289843444793,-0.008333333333333415,0.007856410300814225,3.6034902571691596e-07,2,good,0.10764302499193114,0.40327332283733824,0.4890836521707305,0.0191164482582142,2,True,True,False
20250805,0.01059073218940245,0.031398391824426504,0.006075355406488736,0.016666666666666607,0.01046613060814217,0.0,2,good,0.08598599653454948,0.42462711542761855,0.4893868880378321,0.0081465618300801,1,True,True,False
20250806,0.005987221873560259,0.017780079948950256,0.0020333757631450684,0.016666666666666607,0.0059266933163167525,0.0,1,neutral,0.11745309674607654,0.45329862388242953,0.4292482793714939,0.0140201077296938,2,True,True,False
20250807,0.004617833342866853,0.01611116267788959,0.00035334264166642093,-0.01666666666666683,0.004564829425402051,0.0,2,good,0.11648760796390915,0.4101253278063994,0.4733870642296914,0.0033932879850207,1,True,True,False
20250808,0.0039521826329430125,0.013024431327483321,-0.005636714387529364,-0.03333333333333344,0.003907329398244995,0.0,1,neutral,0.11263334984081659,0.5772796659401983,0.3100869842189851,0.0148422515379978,2,True,True,False
20250811,0.001365137905611664,0.003861237316284148,-0.009724957766575225,-0.033333333333333326,0.0013514330606994517,0.0,1,neutral,0.08373779791693214,0.5013577906810148,0.41490441140205303,-0.0031301559957785,1,True,True,False
20250812,0.0038109631041326857,0.0116036466720838,-0.008047006164284332,-0.008333333333333304,0.003771185168427236,0.0,1,neutral,0.3520585376814988,0.46848703681744097,0.17945442550106028,0.0103899651022083,2,True,True,False
20250813,0.0022392560755252816,0.0075363284242591505,0.0020603601376860715,-0.04166666666666674,0.0021980957904089186,1.4439023922887302e-05,2,good,0.10720985445835535,0.41988572373104177,0.47290442181060294,0.0029302223278939,1,True,True,False
20250814,0.007347338302459177,0.026971854649975688,0.017120733403029886,-0.04166666666666685,0.006967729117910385,0.0002484297142509974,1,neutral,0.36035691960322214,0.38237395293678406,0.25726912745999375,-0.0027741598376326,1,True,True,False
20250815,0.009096755718316828,0.028472820237252026,0.020906567046265586,-0.02499999999999991,0.008779119573152711,0.00018619305119670074,1,neutral,0.3195311413095679,0.3718162080629496,0.30865265062748254,0.0182408170111823,2,True,True,False
20250818,0.011537425720975278,0.035986189508824665,0.025981625185920364,-0.02499999999999991,0.011095741765220943,0.0002720710819152285,2,good,0.1718298610654332,0.28601925062032185,0.542150888314245,0.0082205207731491,1,True,True,False
20250819,0.016356142931520986,0.05103255002229712,0.03517052336036152,-0.02499999999999991,0.015735036256874953,0.0003576524392200904,1,neutral,0.13128579099659773,0.45493903156499343,0.41377517743840875,0.0080692774586715,1,True,True,False
20250820,0.01654650642815187,0.04619100034009323,0.029343085560489077,-0.01666666666666672,0.016166850119032627,0.0001301140233415901,1,neutral,0.15835015143061715,0.5003590639068266,0.34129078466255625,0.0052010822909148,1,True,True,False
20250821,0.013448786015777446,0.042215787526351384,0.027737973555019314,-0.04166666666666663,0.013016534487291682,0.00018434122084051515,1,neutral,0.1954470216989469,0.41202793584944486,0.3925250424516083,0.0025245781803615,1,True,True,False
20250822,0.013866630329436677,0.03972906886728193,0.024923942590665098,-0.04166666666666663,0.01357409852965466,5.580807036840453e-05,1,neutral,0.28530124538767243,0.3970945466184229,0.3176042079939047,0.0066268548356535,1,True,True,False
20250825,0.024935130512740412,0.07188282866194005,0.055346992456397404,-0.025000000000000022,0.02336191931513052,0.0009217838050895915,2,good,0.16231203522811585,0.31414203031634436,0.5235459344555398,0.0020069430672881,1,True,True,False
20250826,0.02829839538853832,0.08375229859362401,0.06619184781448587,-0.025000000000000022,0.02721949704292781,0.0003034031893491174,2,good,0.2653795149718957,0.3102996305398363,0.42432085448826806,-0.0089391464333908,0,True,True,False
20250827,0.020102645587138836,0.05513754132991673,0.04979266568387057,-0.04999999999999993,0.019298139465470855,0.0002875367805149648,1,neutral,0.3699030464899145,0.4061780362287661,0.2239189172813193,-0.0079550848454718,0,True,True,False
20250828,0.02936131781762271,0.07930206986353176,0.05800722798691812,-0.025000000000000022,0.02841657503443221,0.0003052263805162619,0,bad,0.44177696124455923,0.33288006245337365,0.22534297630206718,-0.0071821565054894,0,True,True,False
20250829,0.04031298161104634,0.12191271171258353,0.08661855997308061,-0.025000000000000133,0.037589752778046576,0.0015277779208850077,0,bad,0.38516841629097426,0.2855488326820404,0.32928275102698545,-0.0015902381340425,1,True,True,False
20250901,0.04239456402743804,0.13804719851766897,0.08822246012965056,-0.008333333333333526,0.04026376623432011,0.0007567580288357269,1,neutral,0.30315706202123077,0.4129440894918999,0.28389884848686925,0.0012389478893861,1,True,True,False
20250902,0.04721947470378969,0.15504722195823337,0.09560917446963202,-0.008333333333333526,0.04522210640448473,0.0004379837577524657,0,bad,0.39320620837161807,0.34607691859537254,0.26071687303300944,-0.0151491487095617,0,True,True,False
20250903,0.051707917897282026,0.14569945293385955,0.07787487776470484,-0.008333333333333415,0.04978064641906868,0.0004053029649289239,0,bad,0.5231048168117889,0.2383694586046787,0.2385257245835323,-0.0080710539671518,0,True,True,False
20250904,0.06620070154537526,0.1630182674179353,0.08577941915838823,0.025000000000000022,0.063848821405358,0.0007143807649689556,0,bad,0.43000636009098875,0.27317659232162567,0.29681704758738553,0.0155638736238352,2,True,True,False
20250905,0.05726586191919338,0.13342909454322435,0.04909162917766182,0.04999999999999993,0.05559545605967681,4.5942383724060686e-05,2,good,0.12644016442599804,0.23637210820489216,0.6371877273691098,0.0254588485923931,2,True,True,False
20250908,0.06749767617213492,0.17656719295393597,0.07183903379652766,0.04999999999999982,0.06474130408310984,0.0004136149490024581,2,good,0.19216799664077797,0.30374087248723575,0.5040911308719863,0.0058341636187184,1,True,True,False
20250909,0.058679628722437906,0.15428790669663378,0.04912056825679689,0.016666666666666496,0.05657223245543237,0.0,2,good,0.16835154514314116,0.39805820603657893,0.4335902488202799,0.0338410994112871,2,True,True,False
20250910,0.05348759629464029,0.1241123139828086,0.029612962459685387,0.01666666666666672,0.05171346415950358,0.0,2,good,0.09489503195339866,0.27082031735723844,0.6342846506893628,0.0021597499070353,1,True,True,False
20250911,0.050441868262931525,0.11715012140571643,0.03561286096871226,0.01666666666666672,0.048812550585715174,0.0,1,neutral,0.27538227991378306,0.3652929451266507,0.3593247749595662,0.0092116976483044,2,True,True,False
20250912,0.05643006885417155,0.14650630353214975,0.05734050642277941,-1.1102230246251565e-16,0.05371897796178823,0.0005527243752648533,1,neutral,0.2162076479627917,0.3950348134995109,0.3887575385376974,0.0026407929202532,1,True,True,False
20250915,0.05300920513943101,0.1302493659950999,0.0454281223778398,-0.008333333333333193,0.05101433501474747,3.0052604943554925e-05,1,neutral,0.2696497748706765,0.38952797862374233,0.34082224650558113,0.0105681438417145,2,True,True,False
20250916,0.056410455856081086,0.1276763050615018,0.050229033129708237,0.025000000000000022,0.054262429651138255,0.00022213043497056888,2,good,0.13133106187375992,0.3755915048336662,0.4930774332925739,0.0202656882570604,2,True,True,False
20250917,0.0545582025822947,0.1364920497112696,0.04767168504619719,0.016666666666666607,0.05232195238932001,0.0002013197357627873,2,good,0.14210203510017758,0.36799928986395813,0.48989867503586426,-0.0032515621809667,1,True,True,False
20250918,0.05774012115686975,0.14440833332815695,0.04906334398092404,0.016666666666666607,0.055356527775793495,0.00023837525636784146,1,neutral,0.37829920006575274,0.38288060480648084,0.23882019512776648,-0.0186635823993897,0,True,True,False
20250919,0.05938353451831091,0.14283150507622888,0.04060871586812084,0.033333333333333215,0.05713260203049154,0.00011154642282002803,0,bad,0.49476123314640197,0.32575098385581946,0.17948778299777854,0.0034249988647498,1,True,True,False
20250922,0.046973671633072374,0.10299854187443519,0.03403681068219031,0.025000000000000022,0.04549102266120887,9.105019463310146e-05,1,neutral,0.2859910338368383,0.3962223226184487,0.317786643544713,-0.0011720134599359,1,True,True,False
20250923,0.0433796521951199,0.09496851839687268,0.03693290379466822,0.025000000000000022,0.04194442895861877,0.00014320950378978988,0,bad,0.4152574786556792,0.2598892196773162,0.32485330166700466,-0.0018817607741927,1,True,True,False
20250924,0.05604299016288542,0.11652628694100979,0.03957516736397156,0.08333333333333337,0.05437893390580457,0.00011126626972493065,0,bad,0.38351102729688474,0.30490443562940067,0.31158453707371453,-0.0017349232163512,1,True,True,False
20250925,0.05003497994231432,0.11591853045107281,0.04347914449758505,0.06666666666666665,0.048299387687947,0.000149538925216762,2,good,0.3606431724598949,0.25139200400980277,0.38796482353030237,-0.0164960503658108,0,True,True,False
20250926,0.04417378976873759,0.09664697416871113,0.05403002760111134,0.09166666666666667,0.04268574692451408,0.0003008797152798719,0,bad,0.6073048706047712,0.1770009247642084,0.21569420463102026,0.0072093459423937,1,True,True,False
20250929,0.036895663108278826,0.07531659829323466,0.03960535868079362,0.09166666666666667,0.03577538418928646,0.00019014096669898862,2,good,0.22552985445921583,0.27586245677509924,0.4986076887656849,0.003593434380999,1,True,True,False
20250930,0.03491322360582606,0.0711902238894684,0.04592221206745879,0.09166666666666667,0.03381535634749749,0.00022710882665199383,2,good,0.29088702925678867,0.3019095809896718,0.4072033897535395,0.0005825834128008,1,True,True,False
20251009,0.03459297448217135,0.07888034379194483,0.03980854298658776,0.07499999999999996,0.03352414611157655,0.00011872016689114407,0,bad,0.4532398542550628,0.2236647473188949,0.32309539842604235,0.0032410692656117,1,True,True,False
20251010,0.024972864683003335,0.06421744788079366,0.038036926032939185,0.04166666666666652,0.024081542955297613,0.0001045486825924654,2,good,0.21881693021730148,0.361022374830449,0.42016069495224945,-0.003590255544646,1,True,True,False
20251013,0.023251732310684066,0.05999161832092882,0.0024307939969366865,0.04166666666666652,0.022496856870348303,0.0,2,good,0.2583104799738884,0.31434491610280174,0.42734460392331,0.0067609315699779,1,True,True,False
20251014,0.012736031769679964,0.029794164087334783,0.0012756228338767581,0.050000000000000044,0.012414235036389491,0.0,2,good,0.14131466728598865,0.40605694860758507,0.4526283841064263,-0.0096321607097406,0,True,True,False
20251015,0.011171665278029362,0.023349560207870046,-0.01911996105581313,0.08333333333333326,0.010896461430339354,0.0,2,good,0.29885769007832363,0.29383848947216973,0.4073038204495067,-0.0027759793646012,1,True,True,False
20251016,0.01888695201348216,0.04412425747684982,-0.015293560358998204,0.08333333333333326,0.018385107282020755,0.0,0,bad,0.38184157276030656,0.32026535448982224,0.2978930727498712,0.0056467825766668,1,True,True,False
20251017,0.018359775311490602,0.03910135701432631,-0.01043902365504823,0.10833333333333328,0.01792145529823289,0.0,2,good,0.14818886773541762,0.318742244380142,0.5330688878844404,-0.0099078308842571,0,True,True,False
20251020,0.002387894371443883,0.00461195706593422,-0.016807246255428177,0.10833333333333328,0.0023444115085165616,0.0,0,bad,0.4378713080732213,0.31357300654208764,0.24855568538469097,0.0053109259394183,1,True,True,False
20251021,0.008024952037799495,0.016280858701348728,-0.01114514993094155,0.11666666666666659,0.007869081705651884,0.0,2,good,0.29449770228520783,0.3254649569399729,0.3800373407748192,0.0032722245375206,1,True,True,False
20251022,0.0089380990865959,0.01902974535321117,7.43507338754612e-05,0.08333333333333326,0.008563385408945025,0.00018814761627161534,2,good,0.27078546829571865,0.3197309935886808,0.4094835381156005,-0.010706334827576,0,True,True,False
20251023,0.0073253385961787815,0.014248660077502862,-0.001732072041797983,0.08333333333333337,0.007124330038751431,6.099925202015895e-05,2,good,0.3462005306237387,0.2989615628582835,0.35483790651797775,0.0105690406782481,2,True,True,False
20251024,0.0032718914332701267,0.006172726291461334,-0.002812242094264339,0.08333333333333331,0.003189241917255022,2.2980216684288378e-05,2,good,0.24915626289901788,0.2658606593788346,0.48498307772214755,0.0017015033572888,1,True,True,False
20251027,0.014935422618044732,0.030182469526714883,0.018086042319560715,0.06666666666666665,0.014085152445800275,0.0005285684777250473,2,good,0.23028880023265136,0.3516072811798635,0.4181039185874852,0.0065781674046989,1,True,True,False
20251028,0.016489105904860194,0.03750386548729215,0.02157399091906531,0.07499999999999984,0.01593914283209916,0.00015246140928373668,1,neutral,0.15990576917050447,0.480069705856463,0.3600245249730324,0.0108768092667639,2,True,True,False
20251029,0.014200457630185402,0.029135041415060275,0.019579921757598005,0.07500000000000007,0.013839144672153629,5.8035434285302424e-05,1,neutral,0.2763157167975575,0.3822130650089412,0.34147121819350124,0.0048204762527992,1,True,True,False
20251030,0.015018505972692596,0.03356381919184804,0.030419970161648695,0.04166666666666663,0.014264623156535414,0.0003910319789300554,1,neutral,0.26183792943042644,0.4208003504067145,0.31736172016285913,-0.0092311953975519,0,True,True,False
20251031,0.008077401968987982,0.016311590917616005,0.02133737360164565,0.04166666666666663,0.007748005685867602,0.0001518677382997757,1,neutral,0.33375800370864767,0.3886866284747212,0.27755536781663115,0.0262466711348225,2,True,True,False
20251103,0.0,-0.01957185510636633,0.0002639447129497152,0.008333333333333415,0.0,0.0,1,neutral,0.1544046629437432,0.46647645178923713,0.37911888526701965,0.0165621201040674,2,True,True,False
20251104,0.0,-0.013486699940166547,-0.0020862610558635506,1.1102230246251565e-16,0.0,0.0,2,good,0.11192290302705368,0.38734993611951263,0.5007271608534337,0.0043594369090998,1,True,True,False
20251105,0.0,-0.02512173579313598,-0.004039346618796847,0.0,0.0,0.0,2,good,0.14125052099539612,0.3615818207227451,0.4971676582818587,0.006431784596303,1,True,True,False
20251106,0.0,-0.01661997178660992,0.003079434440433848,0.025000000000000022,0.0,0.0,1,neutral,0.18926613872668718,0.5124915873734716,0.2982422738998411,0.0160450185554528,2,True,True,False
20251107,0.0,-0.009340744931905176,0.011937725634555604,0.025000000000000022,0.0,0.0,2,good,0.15413691318758624,0.3189129578040995,0.5269501290083143,0.0027138173121151,1,True,True,False
20251110,0.008460497481014977,0.016322904539528248,0.0058506053815522065,0.025000000000000022,0.008297476474260192,1.2177495096241606e-05,1,neutral,0.35878146791240245,0.40176476097322283,0.23945377111437477,0.0027933015084972,1,True,True,False
20251111,0.002259352612709964,0.004747966893663709,-0.006448614025238885,-0.033333333333333326,0.002215717883709731,0.0,0,bad,0.3887326412777816,0.27810976487088485,0.33315759385133353,0.0030870290035504,1,True,True,False
20251112,0.008029777744486866,0.01690724861035386,-0.015070620698946083,-0.033333333333333326,0.007890049351498469,0.0,0,bad,0.40705021203808905,0.3292764005113904,0.2636733874505206,0.0030646334262477,1,True,True,False
20251113,0.005420467846292279,0.010327904067401547,-0.015309645781629763,-0.03333333333333338,0.005336083768157465,0.0,0,bad,0.47279886358219353,0.27422431551792875,0.2529768208998776,0.0030514038558227,1,True,True,False
20251114,0.00563028487685982,0.011646238098484196,-0.008199286492903616,-0.058333333333333404,0.005531963096779993,0.0,0,bad,0.4640792238618123,0.34697716151595537,0.18894361462223236,0.0084632687390547,1,True,True,False
20251117,0.0018282222782411116,0.0037744825363699927,-0.02225067443468089,-0.058333333333333404,0.0017928792047757465,0.0,2,good,0.19624899398797926,0.3401643506340033,0.4635866553780173,-0.0039611959152739,1,True,True,False
20251118,0.0,-0.005518398902741379,-0.023815616779650994,-0.06666666666666671,0.0,0.0,0,bad,0.5046725552244595,0.3446317993837168,0.1506956453918237,-0.0056852931806215,0,True,True,False
20251119,0.0,-0.01644004711034582,-0.02150508618360423,-0.050000000000000044,0.0,0.0,0,bad,0.46769465242720853,0.3140615003493373,0.21824384722345413,-0.0159342396110586,0,True,True,False
20251120,0.0,-0.012331324687498849,-0.018041755013396037,-0.024999999999999967,0.0,0.0,0,bad,0.5143148703384837,0.2925129186634923,0.193172210998024,-0.0188363379476259,0,True,True,False
20251121,0.0,-0.01591668624440819,-0.021505684112957855,-0.025000000000000078,0.0,0.0,0,bad,0.49588102951881124,0.33110856866835714,0.1730104018128315,-0.0087125688797311,0,True,True,False
20251124,0.0,-0.03916985670109958,-0.02267992430722484,-0.025000000000000022,0.0,0.0,0,bad,0.46120306367922326,0.25869515796521925,0.28010177835555744,0.0057355066417425,1,True,True,False
20251125,0.0,-0.04619631609639722,-0.023463234583216475,-0.025000000000000022,0.0,0.0,2,good,0.2826131230428235,0.2649191889096098,0.4524676880475666,0.0125363790343562,2,True,True,False
20251126,0.0,-0.04636418999447026,-0.02130996971404146,-0.025000000000000078,0.0,0.0,2,good,0.21701707106216664,0.3729121689413173,0.4100707599965161,-0.0150603269577893,0,True,True,False
20251127,3.8228711704470965e-05,-0.0425467197821278,-0.004190163146960024,-0.00833333333333336,0.0,3.8228711704470965e-05,0,bad,0.7014706038642748,0.14423782069341895,0.15429157544230618,0.0088737694952979,1,True,True,False
20251128,1.437129128398778e-05,-0.04063662578071591,-0.006765759967192846,-0.03333333333333338,0.0,1.437129128398778e-05,2,good,0.24760327522631823,0.26622673591037643,0.48616998886330537,0.0082143893643262,1,True,True,False
20251201,2.1770862049551083e-05,-0.021645635672576935,-0.006459354393517245,-0.024999999999999967,0.0,2.1770862049551083e-05,1,neutral,0.3324819883646348,0.39950530982274945,0.2680127018126157,0.0102834895881058,2,True,True,False
20251202,4.795723407308878e-05,-0.01643035276410465,-0.003158817307387781,-0.016666666666666607,0.0,4.795723407308878e-05,1,neutral,0.22548109551891873,0.5763004617900115,0.1982184426910697,0.0290554738231131,2,True,True,False
20251203,3.320810013154711e-05,-0.0135263815745791,-0.0026004708928922086,-0.016666666666666607,0.0,3.320810013154711e-05,1,neutral,0.2391084014010087,0.4024956292119759,0.35839596938701535,0.0006538681745234,1,True,True,False
20251204,0.0,-0.022437539818024044,-0.004547214545936281,-0.024999999999999967,0.0,0.0,1,neutral,0.3649491900192814,0.44943131126902863,0.18561949871168998,0.0018994469875162,1,True,True,False
20251205,4.5998185175154814e-05,-0.020325092986839988,0.00652335416947534,-0.016666666666666607,0.0,4.5998185175154814e-05,0,bad,0.4286334714831799,0.3773571542368209,0.19400937427999929,0.0154264109311611,2,True,True,False
20251208,4.108982977190073e-05,-0.01607924172713043,0.0070687542622349655,-0.03333333333333327,0.0,4.108982977190073e-05,1,neutral,0.1634611085959151,0.5457825245823965,0.2907563668216883,-0.0028178394055508,1,True,True,False
20251209,0.004357046306810597,0.007819518876772123,0.019628941306409353,0.01666666666666672,0.0041704100676118,0.000149714920230255,1,neutral,0.3439094145272156,0.3556814015905531,0.30040918388223137,0.0019681168975597,1,True,True,False
20251210,0.013254675511593827,0.024368028763726252,0.026997458934716154,0.0500000000000001,0.01299628200732067,0.00014947571220144866,0,bad,0.3458365999007686,0.32268958193832714,0.3314738181609044,-0.0052868469929859,0,True,True,False
20251211,0.010807997411242058,0.021270574298304663,0.022814032593769004,0.01666666666666672,0.010635287149152331,7.787108914535736e-05,0,bad,0.4117787893355064,0.4095869125696105,0.17863429809488315,0.0024579645732981,1,True,True,False
20251212,0.005230162262190058,0.009365033746045547,0.01830771547076021,0.016666666666666607,0.005150768560325051,3.9274381355100206e-05,0,bad,0.4016526861779004,0.31899484907740994,0.27935246474468967,-0.0018689496334833,1,True,True,False
20251215,0.013656659185497516,0.027001434573234284,0.02010987577557527,0.01666666666666672,0.013500717286617142,6.369128090873742e-05,1,neutral,0.3648237379057462,0.38502779339295146,0.25014846870130236,-0.0105474926566627,0,True,True,False
20251216,0.009613769828503661,0.01876739905870789,0.008852024540296896,0.025000000000000022,0.009540094521509843,0.0,0,bad,0.4722377584616847,0.3476497847701863,0.18011245676812895,-0.0105960437392722,0,True,True,False
20251217,0.005715585678491358,0.011151983380559932,0.0019490523278390594,0.008333333333333304,0.005668924885117965,0.0,1,neutral,0.3243503534948399,0.48549741971635596,0.19015222678880414,0.0041229070227954,1,True,True,False
20251218,0.010623210930882887,0.022521698809339165,0.014977888465905087,-0.016666666666666607,0.010510126111024944,0.0,2,good,0.2313917598419951,0.37571465298991347,0.39289358716809136,0.0248690388948666,2,True,True,False
20251219,0.005455654564487896,0.011762740135461969,-0.0009147452267054638,-0.02499999999999991,0.00539125589542007,0.0,2,good,0.14552639374978366,0.22459159608601423,0.6298820101642021,0.0174669195542553,2,True,True,False
20251222,0.005580068955275782,0.013472595007548271,-0.0044368829688901466,-0.02499999999999991,0.005501309628082211,0.0,2,good,0.13578942559946627,0.423274649006653,0.44093592539388066,-0.0002974275641608,1,True,True,False
20251223,0.011317035665278571,0.02729734495976207,0.004105862895652068,-0.02499999999999991,0.011146415858569512,0.0,1,neutral,0.2880427281928917,0.4044927910050544,0.3074644808020539,-0.0044498245439048,1,True,True,False
20251224,0.012680583379853382,0.029925171518020252,0.005839740721340083,-0.016666666666666607,0.012468821465841771,2.011257078060993e-05,1,neutral,0.3868015059464542,0.4753696304010283,0.1378288636525174,0.0061979079681534,1,True,True,False
20251225,0.004267434963481642,0.010517045603018471,0.002390272342135069,-0.033333333333333215,0.0042068182412073885,0.0,1,neutral,0.21695859592735467,0.5528326755741494,0.2302087284984959,0.0013384476572854,1,True,True,False
20251226,0.0037864857122406354,0.009932230544034693,-0.0037016664936316834,-0.025000000000000022,0.0037245864540130097,5.711486771894544e-06,1,neutral,0.3344230004558964,0.5218896614277954,0.1436873381163083,0.0173118587798445,2,True,True,False
20251229,0.0029066539540484686,0.007460988937301662,-0.007249984651908219,-0.033333333333333326,0.00286004575929897,4.121067195188352e-06,1,neutral,0.11936775125175964,0.4960616767165999,0.38457057203164047,-0.0177250916244708,0,True,True,False
20251230,0.00034799938822385133,0.0008403643548926913,-0.011038657575547822,-0.04166666666666674,0.00034314877824784897,0.0,1,neutral,0.31235322128871257,0.6040650496268877,0.08358172908439973,-0.001739407705518,1,True,True,False
20251231,0.002215519097519219,0.005946397538816317,-0.006444661382842241,-0.03333333333333344,0.002180345764232649,0.0,1,neutral,0.28222004075569274,0.6147187657554853,0.10306119348882205,0.0125975054032434,2,True,True,False
20260105,0.0,-0.0017563093907034047,-0.016945153339046743,-0.050000000000000044,0.0,0.0,1,neutral,0.23029659998928945,0.40384299055528855,0.3658604094554219,0.0123107197299806,2,True,True,False
20260106,5.4146842698904804e-05,0.00015537624997952193,-0.004870557054723612,-0.05833333333333346,5.308688540966998e-05,0.0,2,good,0.15487664904516701,0.3683111924099783,0.4768121585448548,0.006385287011489,1,True,True,False
20260107,0.0,-0.004750138369064752,-0.00990045781849399,-0.04166666666666674,0.0,0.0,1,neutral,0.17223362852822088,0.5244168985811368,0.3033494728906424,0.0,1,True,True,False
20260108,8.039513274525566e-06,-0.01719294605953532,-0.008377891085380229,-0.04166666666666674,0.0,8.039513274525566e-06,1,neutral,0.17568584880396512,0.6217006317924603,0.20261351940357453,,,False,True,True
20260109,0.0,-0.031379425470600984,-0.012168436132377024,-0.08333333333333348,0.0,0.0,1,neutral,0.20135324291387469,0.5588276096572381,0.23981914742888727,,,False,True,True
20260112,0.0,-0.034584626575931046,-0.016514603387247424,-0.050000000000000044,0.0,0.0,1,neutral,0.2113157784889384,0.5565239223900362,0.23216029912102534,,,False,True,True
20260113,0.0,-0.03146434426195041,-0.015039016458138238,-0.050000000000000155,0.0,0.0,1,neutral,0.15517955933633787,0.6143696894227483,0.23045075124091385,,,False,True,True
20260114,0.0,-0.042894584524693406,-0.021407006094532458,-0.050000000000000044,0.0,0.0,1,neutral,0.22099512306773153,0.5671473834207479,0.21185749351152058,,,False,True,True
20260115,0.0,-0.025181999919038203,-0.012890891638825397,-0.04166666666666685,0.0,0.0,1,neutral,0.1960640688711252,0.5402696307313535,0.26366630039752137,,,False,True,True
20260116,0.0,-0.017010833768208597,-0.010323160555223941,-0.02499999999999991,0.0,0.0,1,neutral,0.24063493866074237,0.5983101185515248,0.1610549427877327,,,False,True,True
20260119,1.4483982033058947e-05,-0.029531473873780148,-0.006955671625835103,-0.025000000000000244,0.0,1.4483982033058947e-05,1,neutral,0.18621472036284265,0.5762834604108891,0.23750181922626828,,,False,True,True
20260120,0.0,-0.02447218878530591,-0.01618674522090979,-0.06666666666666687,0.0,0.0,1,neutral,0.18505826692154656,0.6303752166514035,0.18456651642704996,,,False,True,True
20260121,0.0,-0.030798575782143317,-0.023949678702040345,-0.06666666666666676,0.0,0.0,1,neutral,0.2567335975236625,0.5614065800099506,0.18185982246638688,,,False,True,True
20260122,0.0,-0.03386141990035588,-0.015991393309023362,-0.06666666666666676,0.0,0.0,1,neutral,0.20970382383964453,0.5264797460142835,0.26381643014607203,,,False,True,True
20260123,0.0,-0.03324626581271033,-0.010506960303519573,-0.07500000000000007,0.0,0.0,1,neutral,0.1621215919640135,0.659963529446675,0.17791487858931138,,,False,True,True
20260126,0.0,-0.03763207393995989,-0.015974955595172518,-0.07500000000000007,0.0,0.0,1,neutral,0.22040411059406573,0.6142121566884996,0.16538373271743476,,,False,True,True
20260127,0.0,-0.029880411321397106,-0.013253811950001861,-0.05833333333333346,0.0,0.0,1,neutral,0.20490435941704832,0.593586879305421,0.2015087612775307,,,False,True,True
20260128,6.333735382336601e-05,-0.01939324825801836,-0.005635919041384458,-0.04166666666666663,0.0,6.333735382336601e-05,1,neutral,0.2322267526984544,0.5707447771249532,0.19702847017659245,,,False,True,True
20260129,0.0,-0.020898383458690703,-0.009597164785728732,-0.07499999999999984,0.0,0.0,1,neutral,0.21181628105674802,0.6368092738899928,0.15137444505325923,,,False,True,True
20260130,0.0,-0.03180524171137301,-0.0133977226133552,-0.09166666666666667,0.0,0.0,1,neutral,0.19778024665451402,0.515795024801718,0.2864247285437679,,,False,True,True
20260202,0.00020607340048324496,-7.065861167518395e-05,0.0063784580572843015,-0.033333333333333326,0.0,0.00020607340048324496,1,neutral,0.2268805830878972,0.4579326719741455,0.31518674493795734,,,False,True,True
20260203,0.00011673243981912266,-0.010574669297991834,0.008489593777326998,-0.033333333333333326,0.0,0.00011673243981912266,2,good,0.25250654988740573,0.36797135092645866,0.3795220991861356,,,False,True,True
20260204,3.0337844539265945e-05,-0.01252468540777087,0.0026306522479097403,-0.033333333333333326,0.0,3.0337844539265945e-05,1,neutral,0.20019452281192923,0.5258194584383906,0.27398601874968026,,,False,True,True
20260205,1.2443595705132039e-05,-0.020912653270277637,-0.00405287775430439,-0.06666666666666665,0.0,1.2443595705132039e-05,1,neutral,0.22056218644681563,0.47829910970246126,0.30113870385072294,,,False,True,True
20260206,1.695822422562286e-05,-0.01771677712104517,-0.0054999252806903,-0.05833333333333324,0.0,1.695822422562286e-05,1,neutral,0.3406426590427014,0.4029956574086596,0.25636168354863903,,,False,True,True
20260209,0.0,-0.018117804377257053,-0.010862806451005565,-0.07500000000000001,0.0,0.0,1,neutral,0.23939946131557657,0.49988398567682596,0.26071655300759744,,,False,True,True
20260210,0.0,-0.009394592647361552,-0.0015963689386789643,-0.07500000000000001,0.0,0.0,1,neutral,0.19643436083531937,0.5203139996387394,0.28325163952594123,,,False,True,True
20260211,0.0,-0.002277035174002684,-0.0026056381589786475,-0.10000000000000003,0.0,0.0,1,neutral,0.20727152209030417,0.5415374180098144,0.25119105989988155,,,False,True,True
20260212,0.0,-0.01949098036807334,-0.012096611735493534,-0.12499999999999994,0.0,0.0,1,neutral,0.3040317421011266,0.419755668506734,0.2762125893921395,,,False,True,True
20260213,0.0,-0.01377920023665415,-0.0038103670089718045,-0.14166666666666672,0.0,0.0,1,neutral,0.2370608523749524,0.5248751232522215,0.23806402437282603,,,False,True,True
20260224,1.2961882713975062e-05,-0.017537385579026288,-0.005155410204856936,-0.14166666666666677,0.0,1.2961882713975062e-05,1,neutral,0.29420092234849016,0.39749444223128355,0.3083046354202263,,,False,True,True
20260225,0.0,-0.010945873647652779,-0.007887451078807228,-0.10833333333333345,0.0,0.0,1,neutral,0.2289632703034129,0.5709602223295527,0.2000765073670344,,,False,True,True
20260226,0.0,-0.0032043646110595497,-0.009334934817335938,-0.10833333333333339,0.0,0.0,1,neutral,0.1984082507992063,0.5386225712150031,0.2629691779857906,,,False,True,True
20260227,0.0,-0.01415007366302031,-0.013774091555986561,-0.13333333333333347,0.0,0.0,1,neutral,0.19640430440328108,0.5277741113115132,0.2758215842852058,,,False,True,True
20260302,0.0,-0.030420857205723482,-0.024541996071378303,-0.15000000000000002,0.0,0.0,1,neutral,0.2151855623424527,0.5293922343289718,0.25542220332857557,,,False,True,True
20260303,0.0,-0.027778038694223756,-0.027792957247408084,-0.16666666666666663,0.0,0.0,1,neutral,0.2432626618825751,0.4950877078138956,0.26164963030352933,,,False,True,True
20260304,0.0,-0.027606295855991763,-0.0251485984356972,-0.16666666666666663,0.0,0.0,1,neutral,0.24961815369131732,0.3876396913298844,0.36274215497879825,,,False,True,True
20260305,0.0,-0.03831996187203161,-0.02808903355353642,-0.175,0.0,0.0,1,neutral,0.24364367392726965,0.4464583836324857,0.30989794244024454,,,False,True,True
20260306,0.0,-0.026554814200959807,-0.019474785701774595,-0.13333333333333341,0.0,0.0,1,neutral,0.2530585040205916,0.41425454734530165,0.3326869486341069,,,False,True,True
20260309,0.0,-0.024745516136290925,-0.02094513543055515,-0.125,0.0,0.0,1,neutral,0.2833775190885182,0.4208317454259649,0.2957907354855168,,,False,True,True
20260310,0.0,-0.04574276135077436,-0.020624087477495445,-0.16666666666666674,0.0,0.0,1,neutral,0.2627947057021572,0.45090153220523327,0.28630376209260955,,,False,True,True
20260311,6.723312011631644e-05,-0.03923398857151065,-0.008483731098825609,-0.16666666666666674,0.0,6.723312011631644e-05,1,neutral,0.21698201733483405,0.5156607361881163,0.2673572464770496,,,False,True,True
20260312,0.00015736894610257594,-0.02890531945174868,-0.004070410342789858,-0.16666666666666669,0.0,0.00015736894610257594,1,neutral,0.19803777996707575,0.5222860291082138,0.2796761909247105,,,False,True,True
20260313,9.048779628948824e-06,-0.027520772461924005,-0.009161533514288184,-0.13333333333333347,0.0,9.048779628948824e-06,1,neutral,0.20795050010169777,0.578397325055171,0.21365217484313115,,,False,True,True
20260316,5.824313159101741e-05,-0.01814990354110061,-0.0011939498347617863,-0.13333333333333347,0.0,5.824313159101741e-05,1,neutral,0.18700800663671982,0.49338036441163297,0.3196116289516473,,,False,True,True
20260317,0.0008775331133764248,0.0014999458091070617,0.011695858034789878,-0.09166666666666684,0.0006624760656889521,0.00020915345732120405,1,neutral,0.25220000620870303,0.42599896263305337,0.32180103115824366,,,False,True,True
20260318,5.914247822921729e-05,-0.01195498992775183,0.007525362153185482,-0.09166666666666662,0.0,5.914247822921729e-05,1,neutral,0.30245583676740084,0.48452992514931725,0.21301423808328185,,,False,True,True
20260319,0.00011629388217277971,-0.0011826462757561114,0.017421455029807298,-0.0666666666666666,0.0,0.00011629388217277971,1,neutral,0.2884428351922482,0.45404459790966717,0.2575125668980846,,,False,True,True
20260320,0.008503085447548102,0.01648196076737705,0.023594767534996987,-0.04999999999999999,0.008240980383688526,0.00021045404983846333,2,good,0.20666901319041836,0.3003943777243587,0.4929366090852229,,,False,True,True
20260323,0.014369951354335504,0.025043131634985116,0.038503772313629336,-0.016666666666666663,0.013773722399241815,0.0005225834259698918,2,good,0.20722909276515827,0.2616740183984283,0.5310968888364134,,,False,True,True
20260324,0.017417079004501648,0.031215101083177023,0.040098709538934484,-0.016666666666666663,0.017168305595747363,0.0001856680836044494,2,good,0.18128530294064876,0.23901120792666491,0.5797034891326863,,,False,True,True
20260325,0.013685033368189945,0.02434302231060055,0.029826977975784482,0.0,0.013388662270830303,0.0002569406882303684,2,good,0.20604800611578333,0.21546763497834345,0.5784843589058732,,,False,True,True
20260326,0.01444513910169252,0.02610083369255791,0.029487869485019632,0.0,0.014355458530906851,4.7260512312568804e-05,2,good,0.24757810572947306,0.3137687386542902,0.43865315561623675,,,False,True,True
20260327,0.017626572518018153,0.029659804008390064,0.026681538095189694,0.024999999999999967,0.017548717371630784,2.60090301870962e-05,2,good,0.22306444607261977,0.28144158293077515,0.4954939709966051,,,False,True,True
20260330,0.02113607390040475,0.03666641679828541,0.019827774272549392,0.04166666666666663,0.02108318965901411,0.0,2,good,0.25869824271231884,0.3569723818384166,0.3843293754492645,,,False,True,True
20260331,0.01804867759711777,0.03272989914007104,0.009528653576236574,0.016666666666666607,0.018001444527039074,0.0,1,neutral,0.2108631419553965,0.46694098078785395,0.32219587725674964,,,False,True,True
20260401,0.011991287438025165,0.021719717691771723,-0.0023916711108550523,0.016666666666666607,0.011945844730474449,0.0,2,good,0.23381310382231527,0.3531971392065502,0.41298975697113455,,,False,True,True
20260402,0.016763093644332067,0.033379081288753776,0.0018056439208527127,0.01666666666666672,0.016689540644376888,0.0,2,good,0.23130837213200936,0.3337523353915258,0.4349392924764649,,,False,True,True
20260403,0.008911605783106883,0.016131172815087448,-0.00793126278858055,0.016666666666666607,0.008872145048298098,0.0,2,good,0.23306804560152625,0.29607608637129185,0.47085586802718193,,,False,True,True
20260407,0.013156505865369005,0.021836964663082152,-0.00548509054302234,0.016666666666666607,0.01310217879784929,0.0,2,good,0.30603418180574365,0.3008869436882931,0.3930788745059632,,,False,True,True
20260408,0.013739037966157457,0.02486915316690539,-0.005867979516809636,0.016666666666666607,0.013678034241797966,0.0,2,good,0.25870045642126216,0.3158285861338016,0.4254709574449362,,,False,True,True
20260409,0.017212753743018214,0.030736393598524665,0.008483037998525716,0.016666666666666607,0.016905016479188566,0.00019873401698017288,2,good,0.23989852237847187,0.2825400074460971,0.477561470175431,,,False,True,True
20260410,0.013949922504564517,0.024074019930261,0.0036043738852127322,0.00833333333333336,0.013842561459900073,2.4450945003567506e-05,2,good,0.2268997173189281,0.38479698347368585,0.388303299207386,,,False,True,True
20260413,0.02705691043556517,0.050160122458454984,0.020383503528051777,0.008333333333333304,0.026334064290688863,0.0005084163331503906,2,good,0.2051916035509956,0.31783861584590617,0.4769697806030982,,,False,True,True
20260414,0.024206209865444354,0.049333206866055856,0.023755702616665965,0.016666666666666607,0.023844383318593662,0.00014433284831308273,2,good,0.21376633918848373,0.3893279190807009,0.3969057417308154,,,False,True,True
20260415,0.021050899582058826,0.04497883496146925,0.03037719528335292,-0.008333333333333304,0.020615299357340074,0.00023446388385313114,2,good,0.2613494968817348,0.36696198073664793,0.3716885223816173,,,False,True,True
20260416,0.021615141066635264,0.04725633888791292,0.024602949919100683,-1.1102230246251565e-16,0.021265352499560807,0.00014390024251920643,2,good,0.2166691691353683,0.3658755986401797,0.4174552322244519,,,False,True,True
20260417,0.022245398929679583,0.048111549220538424,0.0332803977599216,-1.1102230246251565e-16,0.021650197149242285,0.0003766585770981872,1,neutral,0.2746358114023021,0.38406189800584023,0.3413022905918577,,,False,True,True
20260420,0.019926989616849546,0.047782504771816635,0.03725889710191111,0.008333333333333304,0.01951118944849179,0.00017911791857095805,1,neutral,0.20493930255184015,0.46218954061624057,0.3328711568319192,,,False,True,True
20260421,0.010649307655849339,0.028968145155236824,0.0342860617736288,-0.05833333333333335,0.01038025201395986,0.00011966684253346002,2,good,0.1602028039893085,0.41441741458502923,0.42537978142566235,,,False,True,True
20260422,0.007462528909399208,0.021784910298253274,0.03010790427752822,-0.04999999999999993,0.007261636766084425,5.856556057915814e-05,1,neutral,0.16912643745636152,0.4300806743467542,0.4007928881968844,,,False,True,True
20260423,0.013244810665466528,0.03872392803239359,0.03361393887925383,-0.04999999999999993,0.012907976010797866,6.916144539105223e-05,1,neutral,0.1287883104012142,0.5819753131126789,0.2892363764861069,,,False,True,True
20260424,0.014403007781667523,0.03683033925455392,0.03072829231143826,-0.050000000000000155,0.014118296714245665,2.5212043414201587e-05,2,good,0.12547709128700887,0.3910392241588987,0.4834836845540925,,,False,True,True
20260427,0.014297555500985597,0.0365927169418082,0.026980753327497234,-0.03333333333333344,0.014027208161026471,0.0,2,good,0.16161005947538654,0.36596577358146465,0.4724241669431489,,,False,True,True
20260428,0.01661310682289948,0.04244695589937811,0.02495146068985047,-0.06666666666666687,0.016271333094761604,4.496541728454272e-06,2,good,0.27539441305050705,0.309389900121065,0.41521568682842785,,,False,True,True
20260429,0.02029908683134017,0.04689361145869994,0.017728260812259308,-0.025000000000000133,0.01992978486994747,0.0,2,good,0.18435709765311584,0.3926258187883541,0.42301708355852996,,,False,True,True
20260430,0.025253111366578283,0.06603884651461954,0.019414050297900144,-0.025000000000000133,0.02476456744298232,0.0,1,neutral,0.3129680063637199,0.37160449257694667,0.31542750105933337,,,False,True,True
20260506,0.0265521262854004,0.06748212917719484,0.024929943907769293,-0.050000000000000155,0.025868149517924682,0.0001381051252677054,2,good,0.19029907503208768,0.3076722897772414,0.502028635190671,,,False,True,True
20260507,0.034623401442899826,0.10051869106470188,0.03786888967501363,-0.04999999999999993,0.03350623035490063,0.00030115785904580696,1,neutral,0.1804702185309398,0.40990252791263354,0.40962725355642665,,,False,True,True
20260508,0.029257328925731563,0.0999485278579956,0.035177577178552036,-0.050000000000000044,0.02831874955976542,0.00011306254929727085,1,neutral,0.16043842896755803,0.5491155966183549,0.29044597441408726,,,False,True,True
20260511,0.0274804471589191,0.08189137639470276,0.017400258564982986,-0.05833333333333324,0.0266146973282784,0.00013585525193085692,1,neutral,0.21439601936557637,0.5161574016819824,0.2694465789524411,,,False,True,True
20260512,0.029437248812094335,0.08665490181077011,0.03699531670123879,-0.05833333333333324,0.02816284308850029,0.00043458720162443005,1,neutral,0.2142754545286852,0.4574364087408593,0.3282881367304555,,,False,True,True
20260513,0.03302851053306361,0.09832408469372221,0.03866174383543141,-0.008333333333333304,0.03195532752545972,0.0001490003798552648,1,neutral,0.13988997452416455,0.5621650622997452,0.29794496317609026,,,False,True,True
20260514,0.031157866816204256,0.09261357378988831,0.04929292799274562,-0.008333333333333304,0.030099411481713707,0.0002367539683010331,1,neutral,0.13064711628182424,0.5665589957063475,0.30279388801182816,,,False,True,True
20260515,0.031002882679633314,0.08236037057100755,0.04283405656655107,-0.016666666666666607,0.030198802542702772,0.00010781359990246317,1,neutral,0.14005168757480377,0.4937045978396889,0.3662437145855072,,,False,True,True
20260518,0.030758585344408385,0.07191885536444734,0.03971087846568344,-0.01666666666666672,0.029966189735186388,0.0001977015383429502,2,good,0.16935684537274096,0.4130597235863475,0.4175834310409115,,,False,True,True
20260519,0.03053524733613127,0.0746234748214222,0.035247132287299254,-0.033333333333333326,0.029849389928568882,7.608903182882549e-05,1,neutral,0.14402266155597748,0.5749934868789806,0.28098385156504196,,,False,True,True
20260520,0.02640348451097989,0.06432967516755513,0.032779883783458016,-0.06666666666666665,0.02573187006702205,0.00016407958401384163,2,good,0.1536369643127773,0.35758644997244826,0.48877658571477456,,,False,True,True
20260521,0.029139439320403023,0.06978809479111468,0.03967915244296323,-0.05833333333333335,0.028496805373038496,0.00010124982968402837,2,good,0.1751126158667135,0.323846480209245,0.5010409039240414,,,False,True,True
20260522,0.03107778521718353,0.06658257248122762,0.03421071443560225,-0.025000000000000022,0.03051701238722932,6.889813558721916e-05,2,good,0.1802450133636056,0.35933710040760986,0.46041788622878466,,,False,True,True
20260525,0.03392106994809081,0.07678842287700072,0.03634052670689184,-0.033333333333333326,0.033274983246700314,8.603418651560145e-05,1,neutral,0.23432236861759026,0.4112308431432837,0.3544467882391261,,,False,True,True
20260526,0.04108892869491185,0.09204865629219589,0.05073049897965369,-0.033333333333333326,0.03988775105995155,0.00047488518019375204,2,good,0.20889527393054852,0.3390692896449121,0.4520354364245393,,,False,True,True
20260527,0.04294386041774211,0.09846888039867818,0.05119948645264412,-0.008333333333333415,0.04184927416943822,0.0003191588213535474,2,good,0.19597336159469833,0.3965269410436626,0.407499697361639,,,False,True,True
20260528,0.04593014585346948,0.10538249132446487,0.052969988435870786,0.008333333333333304,0.04478755881289756,0.00035831348141186596,2,good,0.18573203933019503,0.36811250191176437,0.44615545875804064,,,False,True,True
